Date,Preco
2008-06-25,35.31462860107422
2008-06-26,34.411163330078125
2008-06-27,34.21601486206055
2008-06-30,34.18710708618164
2008-07-01,33.73899841308594
2008-07-02,33.240272521972656
2008-07-03,33.17522048950195
2008-07-07,32.92224884033203
2008-07-08,33.486026763916016
2008-07-09,32.857200622558594
2008-07-10,32.633148193359375
2008-07-11,32.56086730957031
2008-07-14,32.517513275146484
2008-07-15,32.11996841430664
2008-07-16,32.40185546875
2008-07-17,34.17264938354492
2008-07-18,34.12928771972656
2008-07-21,34.24492263793945
2008-07-22,34.548484802246094
2008-07-23,34.69304656982422
2008-07-24,34.12206268310547
2008-07-25,33.67394256591797
2008-07-28,33.428192138671875
2008-07-29,33.89076232910156
2008-07-30,34.28105545043945
2008-07-31,35.07611083984375
2008-08-01,35.02552032470703
2008-08-04,34.42562484741211
2008-08-05,35.0616569519043
2008-08-06,35.256805419921875
2008-08-07,34.411163330078125
2008-08-08,35.538692474365234
2008-08-11,35.488101959228516
2008-08-12,35.357994079589844
2008-08-13,35.090572357177734
2008-08-14,35.256805419921875
2008-08-15,35.15562438964844
2008-08-18,34.60630798339844
2008-08-19,34.107608795166016
2008-08-20,33.81126022338867
2008-08-21,34.25214767456055
2008-08-22,34.33888626098633
2008-08-25,33.88353729248047
2008-08-26,33.608882904052734
2008-08-27,34.230464935302734
2008-08-28,35.40135955810547
2008-08-29,35.13394546508789
2008-09-02,35.039974212646484
2008-09-03,35.76274490356445
2008-09-04,34.27383804321289
2008-09-05,34.49789810180664
2008-09-08,35.119476318359375
2008-09-09,33.789588928222656
2008-09-10,34.71472930908203
2008-09-11,34.93157196044922
2008-09-12,35.38691711425781
2008-09-15,34.2666130065918
2008-09-16,34.21601486206055
2008-09-17,32.756011962890625
2008-09-18,33.69562911987305
2008-09-19,36.08076095581055
2008-09-22,34.30274963378906
2008-09-23,33.88353729248047
2008-09-24,33.681175231933594
2008-09-25,34.34611892700195
2008-09-26,33.94135665893555
2008-09-29,31.28156280517578
2008-09-30,32.57532501220703
2008-10-01,31.932048797607422
2008-10-02,30.60215187072754
2008-10-03,29.770973205566406
2008-10-06,27.393049240112305
2008-10-07,26.395627975463867
2008-10-08,25.701765060424805
2008-10-09,24.248994827270508
2008-10-10,23.844240188598633
2008-10-13,26.44622039794922
2008-10-14,25.774051666259766
2008-10-15,22.63721466064453
2008-10-16,22.543251037597656
2008-10-17,23.092561721801758
2008-10-20,23.584041595458984
2008-10-21,22.984146118164062
2008-10-22,21.076025009155273
2008-10-23,20.55562973022461
2008-10-24,19.789493560791016
2008-10-27,19.00167465209961
2008-10-28,21.16998291015625
2008-10-29,21.82770347595215
2008-10-30,22.06622314453125
2008-10-31,22.70949363708496
2008-11-03,22.608301162719727
2008-11-04,23.692453384399414
2008-11-05,22.99137306213379
2008-11-06,21.516916275024414
2008-11-07,22.304738998413086
2008-11-10,21.748199462890625
2008-11-11,20.953153610229492
2008-11-12,20.490583419799805
2008-11-13,20.98929786682129
2008-11-14,20.758005142211914
2008-11-17,20.38216781616211
2008-11-18,20.049686431884766
2008-11-19,18.914939880371094
2008-11-20,17.418798446655273
2008-11-21,18.213850021362305
2008-11-24,19.767812728881836
2008-11-25,19.977415084838867
2008-11-26,20.468896865844727
2008-11-28,20.497812271118164
2008-12-01,18.47404670715332
2008-12-02,19.384737014770508
2008-12-03,19.26186752319336
2008-12-04,19.276325225830078
2008-12-05,19.03057861328125
2008-12-08,20.656822204589844
2008-12-09,20.468896865844727
2008-12-10,21.343454360961914
2008-12-11,20.09305763244629
2008-12-12,20.273744583129883
2008-12-15,20.252065658569336
2008-12-16,21.480777740478516
2008-12-17,21.459096908569336
2008-12-18,21.068798065185547
2008-12-19,20.794147491455078
2008-12-22,20.03523063659668
2008-12-23,20.15810203552246
2008-12-24,20.15810203552246
2008-12-26,20.136423110961914
2008-12-29,20.03523063659668
2008-12-30,20.418304443359375
2008-12-31,21.242258071899414
2009-01-02,20.96761131286621
2009-01-05,21.083255767822266
2009-01-06,21.726518630981445
2009-01-07,20.873647689819336
2009-01-08,20.31711196899414
2009-01-09,20.165334701538086
2009-01-12,19.283550262451172
2009-01-13,19.24018669128418
2009-01-14,18.416223526000977
2009-01-15,18.510181427001953
2009-01-16,19.160680770874023
2009-01-20,18.09097671508789
2009-01-21,17.715131759643555
2009-01-22,18.365629196166992
2009-01-23,18.57523536682129
2009-01-26,18.6691951751709
2009-01-27,18.90048599243164
2009-01-28,19.442562103271484
2009-01-29,18.907716751098633
2009-01-30,18.293352127075195
2009-02-02,17.85969352722168
2009-02-03,18.2210750579834
2009-02-04,17.968107223510742
2009-02-05,18.170482635498047
2009-02-06,18.57523536682129
2009-02-09,19.088407516479492
2009-02-10,18.127113342285156
2009-02-11,18.14156723022461
2009-02-12,17.61395263671875
2009-02-13,17.989791870117188
2009-02-17,17.08632469177246
2009-02-18,16.67435073852539
2009-02-19,16.544246673583984
2009-02-20,16.334646224975586
2009-02-23,15.604644775390625
2009-02-24,16.01662254333496
2009-02-25,15.713056564331055
2009-02-26,15.257715225219727
2009-02-27,15.142070770263672
2009-03-02,13.848309516906738
2009-03-03,13.660385131835938
2009-03-04,14.173558235168457
2009-03-05,13.47246265411377
2009-03-06,13.147216796875
2009-03-09,13.046030044555664
2009-03-10,14.043456077575684
2009-03-11,14.534940719604492
2009-03-12,14.816822052001953
2009-03-13,15.11315631866455
2009-03-16,14.737318992614746
2009-03-17,15.185439109802246
2009-03-18,15.705833435058594
2009-03-19,15.857612609863281
2009-03-20,15.178204536437988
2009-03-23,16.7032527923584
2009-03-24,16.284048080444336
2009-03-25,15.929890632629395
2009-03-26,16.739397048950195
2009-03-27,16.312963485717773
2009-03-30,15.655237197875977
2009-03-31,16.219003677368164
2009-04-01,16.378005981445312
2009-04-02,17.187515258789062
2009-04-03,17.31038475036621
2009-04-06,17.53444480895996
2009-04-07,16.898401260375977
2009-04-08,16.406919479370117
2009-04-09,18.025928497314453
2009-04-13,18.2210750579834
2009-04-14,18.062070846557617
2009-04-15,18.24998664855957
2009-04-16,18.156030654907227
2009-04-17,19.182363510131836
2009-04-20,18.098201751708984
2009-04-21,18.618600845336914
2009-04-22,18.84265899658203
2009-04-23,19.290781021118164
2009-04-24,20.244836807250977
2009-04-27,19.955730438232422
2009-04-28,19.941272735595703
2009-04-29,20.61345100402832
2009-04-30,20.837505340576172
2009-05-01,20.93869972229004
2009-05-04,22.39146614074707
2009-05-05,22.290281295776367
2009-05-06,22.8395938873291
2009-05-07,21.524145126342773
2009-05-08,22.8757266998291
2009-05-11,22.449289321899414
2009-05-12,22.152956008911133
2009-05-13,20.598997116088867
2009-05-14,20.90256118774414
2009-05-15,20.873647689819336
2009-05-18,21.683155059814453
2009-05-19,21.83493995666504
2009-05-20,22.109590530395508
2009-05-21,21.683155059814453
2009-05-22,21.386821746826172
2009-05-26,22.051769256591797
2009-05-27,21.625335693359375
2009-05-28,21.82770347595215
2009-05-29,22.210777282714844
2009-06-01,22.998605728149414
2009-06-02,22.92632293701172
2009-06-03,22.304738998413086
2009-06-04,22.72394371032715
2009-06-05,22.492658615112305
2009-06-08,22.369787216186523
2009-06-09,22.449289321899414
2009-06-10,22.283058166503906
2009-06-11,22.543251037597656
2009-06-12,22.261369705200195
2009-06-15,21.40127182006836
2009-06-16,21.177213668823242
2009-06-17,20.917016983032227
2009-06-18,20.837505340576172
2009-06-19,20.9097900390625
2009-06-22,19.88226890563965
2009-06-23,19.88226890563965
2009-06-24,20.339754104614258
2009-06-25,20.615690231323242
2009-06-26,20.819019317626953
2009-06-29,21.065916061401367
2009-06-30,20.775447845458984
2009-07-01,21.05864906311035
2009-07-02,20.405105590820312
2009-07-06,20.267131805419922
2009-07-07,19.74430274963379
2009-07-08,19.294082641601562
2009-07-09,19.555496215820312
2009-07-10,19.58453941345215
2009-07-13,19.969409942626953
2009-07-14,20.30344581604004
2009-07-15,21.225669860839844
2009-07-16,21.516132354736328
2009-07-17,21.516132354736328
2009-07-20,22.22776985168457
2009-07-21,22.423830032348633
2009-07-22,22.561803817749023
2009-07-23,23.222606658935547
2009-07-24,23.229875564575195
2009-07-27,23.600215911865234
2009-07-28,23.534854888916016
2009-07-29,23.389625549316406
2009-07-30,24.13031005859375
2009-07-31,24.239234924316406
2009-08-03,24.878250122070312
2009-08-04,25.241329193115234
2009-08-05,25.480968475341797
2009-08-06,24.870990753173828
2009-08-07,25.63345718383789
2009-08-10,24.98717498779297
2009-08-11,24.805635452270508
2009-08-12,25.190505981445312
2009-08-13,25.306690216064453
2009-08-14,24.776586532592773
2009-08-17,23.92698860168457
2009-08-18,24.297327041625977
2009-08-19,24.52243423461914
2009-08-20,24.907302856445312
2009-08-21,25.34299659729004
2009-08-24,25.292171478271484
2009-08-25,25.299428939819336
2009-08-26,25.205020904541016
2009-08-27,25.815004348754883
2009-08-28,25.72786521911621
2009-08-31,25.2703800201416
2009-09-01,24.46434211730957
2009-09-02,24.21018409729004
2009-09-03,24.253759384155273
2009-09-04,24.769338607788086
2009-09-08,25.26312255859375
2009-09-09,25.43739891052246
2009-09-10,25.880353927612305
2009-09-11,25.742387771606445
2009-09-14,26.279739379882812
2009-09-15,26.41045379638672
2009-09-16,26.766265869140625
2009-09-17,26.621036529541016
2009-09-18,26.70817756652832
2009-09-21,26.497587203979492
2009-09-22,27.10756492614746
2009-09-23,26.875194549560547
2009-09-24,25.93118667602539
2009-09-25,25.94571304321289
2009-09-28,26.272480010986328
2009-09-29,26.279739379882812
2009-09-30,26.250699996948242
2009-10-01,25.480968475341797
2009-10-02,25.292171478271484
2009-10-05,25.604408264160156
2009-10-06,25.97475814819336
2009-10-07,26.011062622070312
2009-10-08,26.59199333190918
2009-10-09,26.6573486328125
2009-10-12,26.846149444580078
2009-10-13,26.788053512573242
2009-10-14,27.528738021850586
2009-10-15,27.514219284057617
2009-10-16,27.34720230102539
2009-10-19,27.579566955566406
2009-10-20,27.296371459960938
2009-10-21,27.303630828857422
2009-10-22,27.390771865844727
2009-10-23,27.071250915527344
2009-10-26,26.6428279876709
2009-10-27,26.6283016204834
2009-10-28,25.2849063873291
2009-10-29,25.94571304321289
2009-10-30,24.92908477783203
2009-11-02,25.313955307006836
2009-11-03,25.582630157470703
2009-11-04,25.778690338134766
2009-11-05,26.06189727783203
2009-11-06,26.018325805664062
2009-11-09,26.896984100341797
2009-11-10,26.984113693237305
2009-11-11,27.122085571289062
2009-11-12,26.497587203979492
2009-11-13,26.70817756652832
2009-11-16,27.2673282623291
2009-11-17,27.339941024780273
2009-11-18,27.441606521606445
2009-11-19,26.896984100341797
2009-11-20,26.81709861755371
2009-11-23,27.441606521606445
2009-11-24,27.063995361328125
2009-11-25,27.361724853515625
2009-11-27,26.751741409301758
2009-11-30,27.13661766052246
2009-12-01,27.906347274780273
2009-12-02,28.116928100585938
2009-12-03,27.877300262451172
2009-12-04,28.218589782714844
2009-12-07,28.38560676574707
2009-12-08,28.037050247192383
2009-12-09,28.305723190307617
2009-12-10,28.022533416748047
2009-12-11,28.262161254882812
2009-12-14,28.73416519165039
2009-12-15,28.450963973999023
2009-12-16,28.625244140625
2009-12-17,28.116928100585938
2009-12-18,28.037050247192383
2009-12-21,28.46289825439453
2009-12-22,28.770204544067383
2009-12-23,29.004350662231445
2009-12-24,29.26043701171875
2009-12-28,29.406784057617188
2009-12-29,29.662870407104492
2009-12-30,29.289710998535156
2009-12-31,29.033618927001953
2010-01-04,29.63361358642578
2010-01-05,30.277503967285156
2010-01-06,30.731143951416016
2010-01-07,30.555545806884766
2010-01-08,30.709196090698242
2010-01-11,30.687246322631836
2010-01-12,30.28481674194336
2010-01-13,30.621395111083984
2010-01-14,30.343360900878906
2010-01-15,29.801897048950195
2010-01-19,30.226285934448242
2010-01-20,29.662870407104492
2010-01-21,28.411680221557617
2010-01-22,27.958038330078125
2010-01-25,28.236066818237305
2010-01-26,27.936077117919922
2010-01-27,27.672664642333984
2010-01-28,27.299509048461914
2010-01-29,27.07267189025879
2010-02-01,27.57754898071289
2010-02-02,28.17753028869629
2010-02-03,27.804378509521484
2010-02-04,26.779998779296875
2010-02-05,26.604393005371094
2010-02-08,26.436105728149414
2010-02-09,27.182437896728516
2010-02-10,27.416580200195312
2010-02-11,27.614131927490234
2010-02-12,27.401945114135742
2010-02-16,28.155595779418945
2010-02-17,28.287290573120117
2010-02-18,28.61655044555664
2010-02-19,28.543380737304688
2010-02-22,28.272659301757812
2010-02-23,27.760469436645508
2010-02-24,27.84827995300293
2010-02-25,27.811687469482422
2010-02-26,27.826324462890625
2010-03-01,28.528751373291016
2010-03-02,28.631187438964844
2010-03-03,28.938499450683594
2010-03-04,28.901914596557617
2010-03-05,29.4653263092041
2010-03-08,29.560441970825195
2010-03-09,29.326297760009766
2010-03-10,29.384838104248047
2010-03-11,29.538480758666992
2010-03-12,29.918970108032227
2010-03-15,29.838485717773438
2010-03-16,30.189699172973633
2010-03-17,30.63602638244629
2010-03-18,30.475055694580078
2010-03-19,30.028728485107422
2010-03-22,30.36530876159668
2010-03-23,30.694568634033203
2010-03-24,30.357986450195312
2010-03-25,29.977502822875977
2010-03-26,30.087261199951172
2010-03-29,30.19700813293457
2010-03-30,30.372621536254883
2010-03-31,30.25555419921875
2010-04-01,30.796998977661133
2010-04-05,31.02382469177246
2010-04-06,31.294544219970703
2010-04-07,31.04578399658203
2010-04-08,31.294544219970703
2010-04-09,31.536008834838867
2010-04-12,31.572603225708008
2010-04-13,31.777469635009766
2010-04-14,32.0189208984375
2010-04-15,31.821386337280273
2010-04-16,31.58722686767578
2010-04-19,31.550640106201172
2010-04-20,32.0335693359375
2010-04-21,32.36283493041992
2010-04-22,32.575016021728516
2010-04-23,33.065250396728516
2010-04-26,32.970130920410156
2010-04-27,31.46285057067871
2010-04-28,31.35308265686035
2010-04-29,31.89454460144043
2010-04-30,31.44821548461914
2010-05-03,32.06283187866211
2010-05-04,30.63602638244629
2010-05-05,29.992136001586914
2010-05-06,29.4580020904541
2010-05-07,28.250707626342773
2010-05-10,30.13115692138672
2010-05-11,29.772634506225586
2010-05-12,30.52627182006836
2010-05-13,29.96287727355957
2010-05-14,29.194599151611328
2010-05-17,29.355562210083008
2010-05-18,28.9604549407959
2010-05-19,28.514114379882812
2010-05-20,27.350723266601562
2010-05-21,27.914125442504883
2010-05-24,27.753158569335938
2010-05-25,27.401945114135742
2010-05-26,27.44584083557129
2010-05-27,28.44826889038086
2010-05-28,28.46289825439453
2010-06-01,27.928752899169922
2010-06-02,28.587289810180664
2010-06-03,28.558015823364258
2010-06-04,27.336088180541992
2010-06-07,27.014141082763672
2010-06-08,27.394628524780273
2010-06-09,27.401945114135742
2010-06-10,28.455577850341797
2010-06-11,28.887279510498047
2010-06-14,29.370193481445312
2010-06-15,29.889699935913086
2010-06-16,29.699472427368164
2010-06-17,29.706787109375
2010-06-18,29.838485717773438
2010-06-21,29.895139694213867
2010-06-22,29.262359619140625
2010-06-23,29.380088806152344
2010-06-24,28.688444137573242
2010-06-25,28.945968627929688
2010-06-28,28.71051597595215
2010-06-29,27.452322006225586
2010-06-30,27.371379852294922
2010-07-01,27.40817642211914
2010-07-02,27.09914207458496
2010-07-06,27.010845184326172
2010-07-07,27.739280700683594
2010-07-08,28.070377349853516
2010-07-09,28.423555374145508
2010-07-12,28.394123077392578
2010-07-13,29.174068450927734
2010-07-14,29.026905059814453
2010-07-15,29.100488662719727
2010-07-16,28.261686325073242
2010-07-19,28.423555374145508
2010-07-20,29.37272834777832
2010-07-21,28.923904418945312
2010-07-22,29.71855926513672
2010-07-23,30.0570125579834
2010-07-26,30.520565032958984
2010-07-27,30.26303482055664
2010-07-28,29.917221069335938
2010-07-29,29.784772872924805
2010-07-30,29.71855926513672
2010-08-02,30.476415634155273
2010-08-03,30.36604118347168
2010-08-04,30.43227767944336
2010-08-05,30.498493194580078
2010-08-06,30.483776092529297
2010-08-09,30.579423904418945
2010-08-10,30.152671813964844
2010-08-11,29.012187957763672
2010-08-12,29.115196228027344
2010-08-13,29.22557258605957
2010-08-16,29.12256622314453
2010-08-17,29.843629837036133
2010-08-18,29.917221069335938
2010-08-19,29.247650146484375
2010-08-20,29.048978805541992
2010-08-23,28.73995018005371
2010-08-24,28.320552825927734
2010-08-25,28.20281982421875
2010-08-26,28.224899291992188
2010-08-27,28.81352996826172
2010-08-30,28.416196823120117
2010-08-31,28.475059509277344
2010-09-01,29.519882202148438
2010-09-02,29.954010009765625
2010-09-03,30.12323570251465
2010-09-07,29.69647979736328
2010-09-08,29.873071670532227
2010-09-09,29.836273193359375
2010-09-10,29.9760799407959
2010-09-13,30.513214111328125
2010-09-14,30.55734634399414
2010-09-15,30.388124465942383
2010-09-16,30.321901321411133
2010-09-17,30.336610794067383
2010-09-20,30.424915313720703
2010-09-21,30.233604431152344
2010-09-22,29.998153686523438
2010-09-23,29.50516700744629
2010-09-24,30.343975067138672
2010-09-27,30.160018920898438
2010-09-28,30.49112892150879
2010-09-29,30.59413719177246
2010-09-30,30.572072982788086
2010-10-01,30.83694839477539
2010-10-04,30.38076400756836
2010-10-05,31.197486877441406
2010-10-06,31.1754093170166
2010-10-07,30.9105281829834
2010-10-08,31.131256103515625
2010-10-11,31.182775497436523
2010-10-12,31.30785369873047
2010-10-13,31.874408721923828
2010-10-14,31.7346134185791
2010-10-15,31.719900131225586
2010-10-18,31.867050170898438
2010-10-19,31.05768394470215
2010-10-20,31.815553665161133
2010-10-21,31.95534896850586
2010-10-22,32.190799713134766
2010-10-25,32.55869674682617
2010-10-26,32.26438522338867
2010-10-27,31.999507904052734
2010-10-28,31.83762550354004
2010-10-29,32.176082611083984
2010-11-01,32.25701904296875
2010-11-02,32.374755859375
2010-11-03,32.624916076660156
2010-11-04,33.3607063293457
2010-11-05,33.3607063293457
2010-11-08,33.48579788208008
2010-11-09,32.98545455932617
2010-11-10,33.301841735839844
2010-11-11,33.323917388916016
2010-11-12,32.67642593383789
2010-11-15,32.55134582519531
2010-11-16,31.70517921447754
2010-11-17,31.82291603088379
2010-11-18,32.38210678100586
2010-11-19,32.433616638183594
2010-11-22,32.521915435791016
2010-11-23,31.808198928833008
2010-11-24,32.34531784057617
2010-11-26,32.00686264038086
2010-11-29,31.852346420288086
2010-11-30,31.469717025756836
2010-12-01,32.168731689453125
2010-12-02,33.16940689086914
2010-12-03,33.323917388916016
2010-12-06,33.1767692565918
2010-12-07,33.11053466796875
2010-12-08,32.882450103759766
2010-12-09,32.867733001708984
2010-12-10,33.05904006958008
2010-12-13,33.331268310546875
2010-12-14,33.353355407714844
2010-12-15,32.8015022277832
2010-12-16,32.70585250854492
2010-12-17,32.588134765625
2010-12-20,32.592647552490234
2010-12-21,33.095672607421875
2010-12-22,33.26084899902344
2010-12-23,33.32841491699219
2010-12-27,33.5011100769043
2010-12-28,33.58370590209961
2010-12-29,33.83146667480469
2010-12-30,33.756385803222656
2010-12-31,33.74888229370117
2011-01-03,34.52972412109375
2011-01-04,34.37205123901367
2011-01-05,34.6723747253418
2011-01-06,34.51469802856445
2011-01-07,34.70991134643555
2011-01-10,34.63484191894531
2011-01-11,34.927642822265625
2011-01-12,35.37813949584961
2011-01-13,35.363121032714844
2011-01-14,35.55082702636719
2011-01-18,35.53580856323242
2011-01-19,35.14540100097656
2011-01-20,34.9651985168457
2011-01-21,35.34810256958008
2011-01-24,36.06136703491211
2011-01-25,36.1214485168457
2011-01-26,36.48933410644531
2011-01-27,36.63199234008789
2011-01-28,35.91120910644531
2011-01-31,36.20403289794922
2011-02-01,36.9248046875
2011-02-02,36.64701461791992
2011-02-03,36.579429626464844
2011-02-04,36.74460983276367
2011-02-07,36.91730499267578
2011-02-08,37.02241134643555
2011-02-09,36.737098693847656
2011-02-10,36.52687072753906
2011-02-11,36.9998893737793
2011-02-14,36.9698600769043
2011-02-15,36.91730499267578
2011-02-16,37.187583923339844
2011-02-17,37.27017593383789
2011-02-18,37.03742218017578
2011-02-22,36.01633834838867
2011-02-23,35.54331970214844
2011-02-24,35.490753173828125
2011-02-25,35.96377182006836
2011-02-28,36.26408386230469
2011-03-01,35.64092254638672
2011-03-02,35.7835807800293
2011-03-03,36.49684143066406
2011-03-04,36.068878173828125
2011-03-07,35.64092254638672
2011-03-08,35.89619445800781
2011-03-09,35.85865783691406
2011-03-10,35.01024627685547
2011-03-11,35.63341522216797
2011-03-14,35.6634407043457
2011-03-15,35.30305862426758
2011-03-16,34.46215057373047
2011-03-17,35.385643005371094
2011-03-18,35.76105499267578
2011-03-21,36.309139251708984
2011-03-22,36.03884506225586
2011-03-23,36.27161407470703
2011-03-24,36.60195541381836
2011-03-25,36.586944580078125
2011-03-28,36.8046760559082
2011-03-29,37.28519058227539
2011-03-30,37.713157653808594
2011-03-31,38.15613555908203
2011-04-01,38.531532287597656
2011-04-04,38.55406188964844
2011-04-05,38.40389633178711
2011-04-06,38.343833923339844
2011-04-07,37.908363342285156
2011-04-08,37.73567581176758
2011-04-11,37.375282287597656
2011-04-12,36.82719802856445
2011-04-13,36.64701461791992
2011-04-14,36.84972381591797
2011-04-15,37.08998489379883
2011-04-18,36.316650390625
2011-04-19,36.76714324951172
2011-04-20,37.08998489379883
2011-04-21,37.36779022216797
2011-04-25,37.014892578125
2011-04-26,37.70564651489258
2011-04-27,37.60803985595703
2011-04-28,37.81826400756836
2011-04-29,37.52545928955078
2011-05-02,37.39781188964844
2011-05-03,36.9248046875
2011-05-04,36.33167266845703
2011-05-05,35.95625305175781
2011-05-06,36.18901443481445
2011-05-09,36.46680450439453
2011-05-10,36.79716873168945
2011-05-11,36.29412841796875
2011-05-12,36.369205474853516
2011-05-13,35.648433685302734
2011-05-16,35.64092254638672
2011-05-17,35.610897064208984
2011-05-18,35.993797302246094
2011-05-19,35.97877502441406
2011-05-20,35.53580856323242
2011-05-23,34.80000686645508
2011-05-24,34.732444763183594
2011-05-25,34.58978271484375
2011-05-26,34.732444763183594
2011-05-27,34.754966735839844
2011-05-31,35.55833435058594
2011-06-01,34.55225372314453
2011-06-02,33.17076110839844
2011-06-03,32.570106506347656
2011-06-06,32.04454803466797
2011-06-07,32.847900390625
2011-06-08,32.57761001586914
2011-06-09,32.780338287353516
2011-06-10,31.94693946838379
2011-06-13,31.736703872680664
2011-06-14,31.954452514648438
2011-06-15,31.10603141784668
2011-06-16,31.008424758911133
2011-06-17,31.07600212097168
2011-06-20,31.10603141784668
2011-06-21,31.946792602539062
2011-06-22,32.19808578491211
2011-06-23,31.969623565673828
2011-06-24,31.67262077331543
2011-06-27,31.802087783813477
2011-06-28,32.06862258911133
2011-06-29,32.58647537231445
2011-06-30,33.1500244140625
2011-07-01,33.66024398803711
2011-07-05,33.934410095214844
2011-07-06,33.87348556518555
2011-07-07,34.22380447387695
2011-07-08,33.75162887573242
2011-07-11,32.875858306884766
2011-07-12,32.58647537231445
2011-07-13,32.99008560180664
2011-07-14,32.502708435058594
2011-07-15,32.49508285522461
2011-07-18,32.06862258911133
2011-07-19,32.860633850097656
2011-07-20,32.88347625732422
2011-07-21,33.11955642700195
2011-07-22,32.853023529052734
2011-07-25,32.746395111083984
2011-07-26,32.56361389160156
2011-07-27,31.855390548706055
2011-07-28,31.78685760498047
2011-07-29,31.817319869995117
2011-08-01,31.505077362060547
2011-08-02,30.423688888549805
2011-08-03,30.278989791870117
2011-08-04,28.466522216796875
2011-08-05,28.56552505493164
2011-08-08,26.258039474487305
2011-08-09,28.154293060302734
2011-08-10,27.103357315063477
2011-08-11,28.481752395629883
2011-08-12,28.51983070373535
2011-08-15,29.09861183166504
2011-08-16,28.717823028564453
2011-08-17,28.801603317260742
2011-08-18,27.35466766357422
2011-08-19,26.9129638671875
2011-08-22,26.981508255004883
2011-08-23,27.765897750854492
2011-08-24,28.177133560180664
2011-08-25,27.598363876342773
2011-08-26,27.941057205200195
2011-08-29,28.634063720703125
2011-08-30,28.717823028564453
2011-08-31,28.96152114868164
2011-09-01,28.26090431213379
2011-09-02,27.6212100982666
2011-09-06,27.81159210205078
2011-09-07,28.451292037963867
2011-09-08,28.123830795288086
2011-09-09,27.6212100982666
2011-09-12,27.35466766357422
2011-09-13,27.842052459716797
2011-09-14,28.085742950439453
2011-09-15,28.611215591430664
2011-09-16,28.71021270751953
2011-09-19,28.375137329101562
2011-09-20,28.146665573120117
2011-09-21,27.225202560424805
2011-09-22,26.417966842651367
2011-09-23,26.547428131103516
2011-09-26,26.76066780090332
2011-09-27,27.392744064331055
2011-09-28,26.730201721191406
2011-09-29,27.042434692382812
2011-09-30,26.12096405029297
2011-10-03,25.328954696655273
2011-10-04,25.945812225341797
2011-10-05,26.25043487548828
2011-10-06,26.783510208129883
2011-10-07,26.37989044189453
2011-10-10,27.35466766357422
2011-10-11,27.369895935058594
2011-10-12,27.94867515563965
2011-10-13,27.682126998901367
2011-10-14,28.040054321289062
2011-10-17,27.232820510864258
2011-10-18,27.887754440307617
2011-10-19,27.506969451904297
2011-10-20,27.331825256347656
2011-10-21,28.040054321289062
2011-10-24,28.641679763793945
2011-10-25,28.00197410583496
2011-10-26,28.443675994873047
2011-10-27,29.92107391357422
2011-10-28,29.715457916259766
2011-10-31,28.672134399414062
2011-11-01,27.872522354125977
2011-11-02,28.192365646362305
2011-11-03,28.885372161865234
2011-11-04,28.57314109802246
2011-11-07,28.68737030029297
2011-11-08,29.030061721801758
2011-11-09,27.545047760009766
2011-11-10,27.842052459716797
2011-11-11,28.291372299194336
2011-11-14,27.849674224853516
2011-11-15,27.895366668701172
2011-11-16,27.605972290039062
2011-11-17,27.400362014770508
2011-11-18,27.491743087768555
2011-11-21,26.943435668945312
2011-11-22,26.821592330932617
2011-11-23,26.181884765625
2011-11-25,26.151426315307617
2011-11-28,26.76066780090332
2011-11-29,27.03481674194336
2011-11-30,28.436059951782227
2011-12-01,28.09337043762207
2011-12-02,28.20760154724121
2011-12-05,28.413217544555664
2011-12-06,28.375137329101562
2011-12-07,28.367523193359375
2011-12-08,27.3470516204834
2011-12-09,28.078128814697266
2011-12-12,27.430816650390625
2011-12-13,27.02720832824707
2011-12-14,26.829200744628906
2011-12-15,27.02720832824707
2011-12-16,27.042434692382812
2011-12-19,26.70819664001465
2011-12-20,27.63791275024414
2011-12-21,27.876102447509766
2011-12-22,28.18345069885254
2011-12-23,28.429319381713867
2011-12-27,28.506155014038086
2011-12-28,28.17576026916504
2011-12-29,28.582998275756836
2011-12-30,28.5753116607666
2012-01-03,29.136211395263672
2012-01-04,29.044017791748047
2012-01-05,28.94412612915039
2012-01-06,28.99791145324707
2012-01-09,28.921077728271484
2012-01-10,29.389781951904297
2012-01-11,29.505029678344727
2012-01-12,29.804689407348633
2012-01-13,29.59723472595215
2012-01-17,30.242652893066406
2012-01-18,30.649885177612305
2012-01-19,31.13395118713379
2012-01-20,31.07248878479004
2012-01-23,31.06479835510254
2012-01-24,30.911134719848633
2012-01-25,30.926490783691406
2012-01-26,31.195409774780273
2012-01-27,31.05711555480957
2012-01-30,30.719039916992188
2012-01-31,30.488529205322266
2012-02-01,30.880395889282227
2012-02-02,31.00332260131836
2012-02-03,31.57191276550293
2012-02-06,31.24151611328125
2012-02-07,31.24151611328125
2012-02-08,31.279935836791992
2012-02-09,31.39519500732422
2012-02-10,30.734407424926758
2012-02-13,31.256885528564453
2012-02-14,30.94953727722168
2012-02-15,30.88806915283203
2012-02-16,31.356769561767578
2012-02-17,31.53349494934082
2012-02-21,31.472030639648438
2012-02-22,31.203100204467773
2012-02-23,31.34909439086914
2012-02-24,31.364452362060547
2012-02-27,31.487401962280273
2012-02-28,31.779373168945312
2012-02-29,31.594968795776367
2012-03-01,31.879261016845703
2012-03-02,32.01756286621094
2012-03-05,31.81011199951172
2012-03-06,30.964920043945312
2012-03-07,31.34909439086914
2012-03-08,31.879261016845703
2012-03-09,32.01756286621094
2012-03-12,31.894617080688477
2012-03-13,32.455528259277344
2012-03-14,32.02524948120117
2012-03-15,32.163551330566406
2012-03-16,32.22502136230469
2012-03-19,32.240386962890625
2012-03-20,31.8638973236084
2012-03-21,31.702539443969727
2012-03-22,31.3260440826416
2012-03-23,31.47971534729004
2012-03-26,31.940725326538086
2012-03-27,31.909996032714844
2012-03-28,31.53349494934082
2012-03-29,31.464353561401367
2012-03-30,31.779373168945312
2012-04-02,31.979137420654297
2012-04-03,31.625701904296875
2012-04-04,31.08017349243164
2012-04-05,30.957237243652344
2012-04-09,30.749771118164062
2012-04-10,29.87384605407715
2012-04-11,30.196548461914062
2012-04-12,30.688312530517578
2012-04-13,30.327173233032227
2012-04-16,30.4962100982666
2012-04-17,30.957237243652344
2012-04-18,30.596101760864258
2012-04-19,30.51157569885254
2012-04-20,30.70366668701172
2012-04-23,30.096656799316406
2012-04-24,30.38863754272461
2012-04-25,30.70366668701172
2012-04-26,30.865018844604492
2012-04-27,31.026376724243164
2012-04-30,30.772809982299805
2012-05-01,30.596101760864258
2012-05-02,30.48084259033203
2012-05-03,30.3502140045166
2012-05-04,29.9506778717041
2012-05-07,29.9583683013916
2012-05-08,29.750905990600586
2012-05-09,29.42051124572754
2012-05-10,29.382095336914062
2012-05-11,29.159271240234375
2012-05-14,28.55225944519043
2012-05-15,28.22955322265625
2012-05-16,28.045141220092773
2012-05-17,27.40740203857422
2012-05-18,27.207626342773438
2012-05-21,27.730117797851562
2012-05-22,27.68401527404785
2012-05-23,27.760852813720703
2012-05-24,27.514972686767578
2012-05-25,27.4765567779541
2012-05-29,27.937570571899414
2012-05-30,27.3382511138916
2012-05-31,27.468873977661133
2012-06-01,26.62367820739746
2012-06-04,26.454639434814453
2012-06-05,26.669776916503906
2012-06-06,27.284465789794922
2012-06-07,27.445817947387695
2012-06-08,27.507291793823242
2012-06-11,27.215314865112305
2012-06-12,27.530344009399414
2012-06-13,27.361303329467773
2012-06-14,27.62254524230957
2012-06-15,28.02977180480957
2012-06-18,28.068193435668945
2012-06-19,28.59067726135254
2012-06-20,28.630468368530273
2012-06-21,27.998565673828125
2012-06-22,28.232603073120117
2012-06-25,27.63190269470215
2012-06-26,27.858142852783203
2012-06-27,28.17799186706543
2012-06-28,28.17799186706543
2012-06-29,29.23895835876465
2012-07-02,29.262365341186523
2012-07-03,29.683635711669922
2012-07-05,29.488603591918945
2012-07-06,29.137544631958008
2012-07-09,29.082927703857422
2012-07-10,29.082927703857422
2012-07-11,29.2857608795166
2012-07-12,29.09073829650879
2012-07-13,29.47299575805664
2012-07-16,29.582210540771484
2012-07-17,29.777238845825195
2012-07-18,29.831859588623047
2012-07-19,29.909860610961914
2012-07-20,29.47299575805664
2012-07-23,29.012725830078125
2012-07-24,28.614858627319336
2012-07-25,28.786489486694336
2012-07-26,29.23895835876465
2012-07-27,29.730436325073242
2012-07-30,29.769445419311523
2012-07-31,29.480796813964844
2012-08-01,29.21555519104004
2012-08-02,28.880102157592773
2012-08-03,29.590015411376953
2012-08-06,29.72263526916504
2012-08-07,29.75383758544922
2012-08-08,29.73824119567871
2012-08-09,29.707035064697266
2012-08-10,29.800642013549805
2012-08-13,29.909860610961914
2012-08-14,29.9644718170166
2012-08-15,29.980072021484375
2012-08-16,30.471553802490234
2012-08-17,30.45594596862793
2012-08-20,30.43254280090332
2012-08-21,30.502748489379883
2012-08-22,30.510557174682617
2012-08-23,30.268718719482422
2012-08-24,30.44034767150879
2012-08-27,30.331132888793945
2012-08-28,30.292125701904297
2012-08-29,30.331132888793945
2012-08-30,30.104890823364258
2012-08-31,30.276517868041992
2012-09-04,30.245319366455078
2012-09-05,30.198505401611328
2012-09-06,30.752391815185547
2012-09-07,31.01763153076172
2012-09-10,30.947410583496094
2012-09-11,31.072246551513672
2012-09-12,31.259479522705078
2012-09-13,31.984983444213867
2012-09-14,32.53886795043945
2012-09-17,32.18001937866211
2012-09-18,31.938175201416016
2012-09-19,32.02398681640625
2012-09-20,31.96158790588379
2012-09-21,32.18001937866211
2012-09-24,32.226829528808594
2012-09-25,32.070796966552734
2012-09-26,31.633930206298828
2012-09-27,32.01619338989258
2012-09-28,31.626129150390625
2012-10-01,31.540328979492188
2012-10-02,31.48571014404297
2012-10-03,31.321895599365234
2012-10-04,31.48571014404297
2012-10-05,31.657331466674805
2012-10-08,31.555923461914062
2012-10-09,31.275075912475586
2012-10-10,31.126855850219727
2012-10-11,31.38430404663086
2012-10-12,31.353086471557617
2012-10-15,31.704143524169922
2012-10-16,32.18782043457031
2012-10-17,32.562286376953125
2012-10-18,32.702693939208984
2012-10-19,32.382843017578125
2012-10-22,32.46866226196289
2012-10-23,32.18001937866211
2012-10-24,32.070796966552734
2012-10-25,31.922576904296875
2012-10-26,31.85236930847168
2012-10-31,32.18782043457031
2012-11-01,32.53886795043945
2012-11-02,32.476463317871094
2012-11-05,32.414058685302734
2012-11-06,32.593475341796875
2012-11-07,32.258018493652344
2012-11-08,31.938175201416016
2012-11-09,31.805557250976562
2012-11-12,31.883569717407227
2012-11-13,31.875764846801758
2012-11-14,31.251667022705078
2012-11-15,31.165855407714844
2012-11-16,31.259479522705078
2012-11-19,31.992788314819336
2012-11-20,32.01619338989258
2012-11-21,32.12540054321289
2012-11-23,32.640296936035156
2012-11-26,32.718299865722656
2012-11-27,32.484256744384766
2012-11-28,32.772911071777344
2012-11-29,33.1629638671875
2012-11-30,33.334590911865234
2012-12-03,33.35799789428711
2012-12-04,33.506229400634766
2012-12-05,33.45161056518555
2012-12-06,33.59984588623047
2012-12-07,33.8338737487793
2012-12-10,33.89628982543945
2012-12-11,33.997703552246094
2012-12-12,34.114723205566406
2012-12-13,33.88068389892578
2012-12-14,33.79487609863281
2012-12-17,34.0376091003418
2012-12-18,34.61517333984375
2012-12-19,34.66980743408203
2012-12-20,35.20055389404297
2012-12-21,34.9429817199707
2012-12-24,35.02883529663086
2012-12-26,34.989810943603516
2012-12-27,35.11469268798828
2012-12-28,34.779075622558594
2012-12-31,35.30982971191406
2013-01-02,36.464962005615234
2013-01-03,36.1995964050293
2013-01-04,36.418128967285156
2013-01-07,36.168373107910156
2013-01-08,36.05129623413086
2013-01-09,36.176170349121094
2013-01-10,36.28545379638672
2013-01-11,36.36350631713867
2013-01-14,36.53520584106445
2013-01-15,36.45714569091797
2013-01-16,36.29324722290039
2013-01-17,36.75373458862305
2013-01-18,36.738136291503906
2013-01-22,36.99570083618164
2013-01-23,37.026920318603516
2013-01-24,37.08155822753906
2013-01-25,37.183021545410156
2013-01-28,36.72251892089844
2013-01-29,37.14399719238281
2013-01-30,36.675689697265625
2013-01-31,36.64447784423828
2013-02-01,36.902042388916016
2013-02-04,36.62886047363281
2013-02-05,36.87082290649414
2013-02-06,36.76935577392578
2013-02-07,36.597652435302734
2013-02-08,36.566429138183594
2013-02-11,36.503990173339844
2013-02-12,36.5742301940918
2013-02-13,36.784969329833984
2013-02-14,36.72251892089844
2013-02-15,36.91764831542969
2013-02-19,37.19862747192383
2013-02-20,36.660091400146484
2013-02-21,36.37131118774414
2013-02-22,37.01911544799805
2013-02-25,36.09812927246094
2013-02-26,36.71472930908203
2013-02-27,37.51863479614258
2013-02-28,37.52644348144531
2013-03-01,37.760589599609375
2013-03-04,37.85425567626953
2013-03-05,38.04156494140625
2013-03-06,37.91669464111328
2013-03-07,38.0025520324707
2013-03-08,38.15864562988281
2013-03-11,38.26791000366211
2013-03-12,38.07278823852539
2013-03-13,38.04156494140625
2013-03-14,38.2288932800293
2013-03-15,38.29133224487305
2013-03-18,38.025970458984375
2013-03-19,38.11181640625
2013-03-20,38.50206756591797
2013-03-21,38.2445068359375
2013-03-22,38.392791748046875
2013-03-25,38.197669982910156
2013-03-26,38.54109191894531
2013-03-27,38.61913299560547
2013-03-28,38.95475769042969
2013-04-01,38.58791732788086
2013-04-02,38.61134338378906
2013-04-03,37.955718994140625
2013-04-04,38.26791000366211
2013-04-05,37.83083724975586
2013-04-08,37.955718994140625
2013-04-09,38.15864562988281
2013-04-10,38.58791732788086
2013-04-11,38.46303939819336
2013-04-12,38.2445068359375
2013-04-15,36.66789245605469
2013-04-16,37.54985427856445
2013-04-17,36.80057144165039
2013-04-18,36.503990173339844
2013-04-19,37.097164154052734
2013-04-22,37.183021545410156
2013-04-23,37.79961013793945
2013-04-24,38.30694580078125
2013-04-25,38.54109191894531
2013-04-26,38.2523078918457
2013-04-29,38.30694580078125
2013-04-30,38.32254409790039
2013-05-01,38.025970458984375
2013-05-02,37.91669464111328
2013-05-03,38.369384765625
2013-05-06,38.47084045410156
2013-05-07,38.78304672241211
2013-05-08,39.04841232299805
2013-05-09,38.86890411376953
2013-05-10,38.79865264892578
2013-05-13,38.77525329589844
2013-05-14,39.0093994140625
2013-05-15,39.20451354980469
2013-05-16,39.08744430541992
2013-05-17,39.30597686767578
2013-05-20,39.31378173828125
2013-05-21,39.220130920410156
2013-05-22,38.54109191894531
2013-05-23,38.43182373046875
2013-05-24,38.166446685791016
2013-05-28,38.1196174621582
2013-05-29,37.36253356933594
2013-05-30,37.2298469543457
2013-05-31,36.60545349121094
2013-06-03,36.839595794677734
2013-06-04,36.402523040771484
2013-06-05,35.8327522277832
2013-06-06,36.2151985168457
2013-06-07,36.61325454711914
2013-06-10,36.61325454711914
2013-06-11,36.45714569091797
2013-06-12,35.62202072143555
2013-06-13,36.33226776123047
2013-06-14,36.09812927246094
2013-06-17,36.6991081237793
2013-06-18,36.808380126953125
2013-06-19,35.99665451049805
2013-06-20,35.122501373291016
2013-06-21,35.30982971191406
2013-06-24,34.599571228027344
2013-06-25,35.178504943847656
2013-06-26,35.43914031982422
2013-06-27,35.865638732910156
2013-06-28,35.75506591796875
2013-07-01,35.99991989135742
2013-07-02,35.968326568603516
2013-07-03,35.78666687011719
2013-07-05,35.984107971191406
2013-07-08,36.1420783996582
2013-07-09,36.458003997802734
2013-07-10,36.33953094482422
2013-07-11,37.54005813598633
2013-07-12,37.484779357910156
2013-07-15,37.5716552734375
2013-07-16,37.64273452758789
2013-07-17,37.682220458984375
2013-07-18,38.08503723144531
2013-07-19,38.05344772338867
2013-07-22,38.06923294067383
2013-07-23,38.20350646972656
2013-07-24,37.958656311035156
2013-07-25,38.29827117919922
2013-07-26,38.266685485839844
2013-07-29,38.00605773925781
2013-07-30,38.14032745361328
2013-07-31,38.266685485839844
2013-08-01,38.66160583496094
2013-08-02,38.52732849121094
2013-08-05,38.28248977661133
2013-08-06,38.06923294067383
2013-08-07,37.85599136352539
2013-08-08,38.266685485839844
2013-08-09,38.464141845703125
2013-08-12,38.20350646972656
2013-08-13,38.03763961791992
2013-08-14,38.07713317871094
2013-08-15,37.46897888183594
2013-08-16,37.484779357910156
2013-08-19,37.37419891357422
2013-08-20,37.57954788208008
2013-08-21,37.279415130615234
2013-08-22,37.31101989746094
2013-08-23,37.611141204833984
2013-08-26,37.7059326171875
2013-08-27,37.0108757019043
2013-08-28,37.0108757019043
2013-08-29,37.37419891357422
2013-08-30,36.86081314086914
2013-09-03,37.1767463684082
2013-09-04,37.603240966796875
2013-09-05,37.85599136352539
2013-09-06,38.24299240112305
2013-09-09,38.78798294067383
2013-09-10,39.23026657104492
2013-09-11,39.42771530151367
2013-09-12,39.18288040161133
2013-09-13,39.30135726928711
2013-09-16,39.854225158691406
2013-09-17,39.775245666503906
2013-09-18,40.65194320678711
2013-09-19,40.5650634765625
2013-09-20,39.94110107421875
2013-09-23,39.80684280395508
2013-09-24,39.80684280395508
2013-09-25,39.633079528808594
2013-09-26,39.88581848144531
2013-09-27,39.775245666503906
2013-09-30,39.01701354980469
2013-10-01,39.89372253417969
2013-10-02,39.7673454284668
2013-10-03,39.285560607910156
2013-10-04,39.325050354003906
2013-10-07,38.93803787231445
2013-10-08,38.58261489868164
2013-10-09,38.74848556518555
2013-10-10,39.554100036621094
2013-10-11,39.97270584106445
2013-10-14,40.21753692626953
2013-10-15,40.29652404785156
2013-10-16,40.849395751953125
2013-10-17,41.3074951171875
2013-10-18,41.36277389526367
2013-10-21,41.433860778808594
2013-10-22,41.55234146118164
2013-10-23,41.04685974121094
2013-10-24,41.3074951171875
2013-10-25,40.88098907470703
2013-10-28,40.691436767578125
2013-10-29,40.42289733886719
2013-10-30,40.5097770690918
2013-10-31,40.47028350830078
2013-11-01,40.35971450805664
2013-11-04,40.77831268310547
2013-11-05,39.988494873046875
2013-11-06,40.13855743408203
2013-11-07,39.530391693115234
2013-11-08,40.00429916381836
2013-11-11,40.05168533325195
2013-11-12,39.633079528808594
2013-11-13,39.88581848144531
2013-11-14,39.9569091796875
2013-11-15,40.083274841308594
2013-11-18,40.04377365112305
2013-11-19,39.83842086791992
2013-11-20,39.59358596801758
2013-11-21,40.09907531738281
2013-11-22,40.1701545715332
2013-11-25,39.89372253417969
2013-11-26,40.12276077270508
2013-11-27,40.5887565612793
2013-11-29,40.43868637084961
2013-12-02,40.320213317871094
2013-12-03,40.035884857177734
2013-12-04,39.917415618896484
2013-12-05,39.73575210571289
2013-12-06,40.34391784667969
2013-12-09,40.351806640625
2013-12-10,40.39130401611328
2013-12-11,39.633079528808594
2013-12-12,39.56199264526367
2013-12-13,39.94110107421875
2013-12-16,40.13066482543945
2013-12-17,40.2299690246582
2013-12-18,41.024391174316406
2013-12-19,41.13561248779297
2013-12-20,41.207115173339844
2013-12-23,41.46927261352539
2013-12-24,41.67583084106445
2013-12-26,41.56462097167969
2013-12-27,41.731441497802734
2013-12-30,41.9221076965332
2013-12-31,42.00949478149414
2014-01-02,41.334228515625
2014-01-03,41.36600112915039
2014-01-06,41.207115173339844
2014-01-07,41.270668029785156
2014-01-08,41.30244827270508
2014-01-09,41.21507263183594
2014-01-10,41.4295539855957
2014-01-13,41.1276741027832
2014-01-14,41.485172271728516
2014-01-15,41.937992095947266
2014-01-16,42.06510543823242
2014-01-17,41.8426628112793
2014-01-21,41.937992095947266
2014-01-22,41.985660552978516
2014-01-23,41.69966506958008
2014-01-24,40.69075012207031
2014-01-27,40.7384033203125
2014-01-28,40.90522766113281
2014-01-29,40.801963806152344
2014-01-30,40.86551284790039
2014-01-31,40.55568313598633
2014-02-03,39.3481559753418
2014-02-04,39.55470657348633
2014-02-05,39.618247985839844
2014-02-06,40.58745574951172
2014-02-07,40.93701934814453
2014-02-10,41.05617141723633
2014-02-11,41.52488708496094
2014-02-12,41.74732971191406
2014-02-13,41.9221076965332
2014-02-14,42.14455032348633
2014-02-18,42.2239875793457
2014-02-19,42.16838455200195
2014-02-20,42.37492370605469
2014-02-21,42.4225959777832
2014-02-24,42.54176712036133
2014-02-25,42.15249252319336
2014-02-26,42.2239875793457
2014-02-27,42.36698913574219
2014-02-28,42.60531234741211
2014-03-03,41.977718353271484
2014-03-04,42.652976989746094
2014-03-05,42.74831771850586
2014-03-06,43.11375045776367
2014-03-07,42.47025680541992
2014-03-10,42.04921340942383
2014-03-11,41.77910614013672
2014-03-12,41.389835357666016
2014-03-13,41.016448974609375
2014-03-14,40.71456527709961
2014-03-17,40.78607177734375
2014-03-18,40.89728546142578
2014-03-19,40.619232177734375
2014-03-20,40.55568313598633
2014-03-21,40.365020751953125
2014-03-24,40.26969909667969
2014-03-25,40.69075012207031
2014-03-26,40.41268539428711
2014-03-27,40.28557586669922
2014-03-28,40.658966064453125
2014-03-31,41.15150451660156
2014-04-01,41.207115173339844
2014-04-02,41.485172271728516
2014-04-03,41.4375
2014-04-04,41.270668029785156
2014-04-07,40.889347076416016
2014-04-08,40.66689682006836
2014-04-09,40.78607177734375
2014-04-10,39.90425109863281
2014-04-11,39.2607536315918
2014-04-14,39.2607536315918
2014-04-15,38.98271179199219
2014-04-16,39.618247985839844
2014-04-17,39.90425109863281
2014-04-21,39.999576568603516
2014-04-22,40.01546859741211
2014-04-23,40.08696746826172
2014-04-24,39.98369598388672
2014-04-25,39.93602752685547
2014-04-28,39.89631271362305
2014-04-29,39.99164581298828
2014-04-30,40.16641616821289
2014-05-01,40.261741638183594
2014-05-02,40.484188079833984
2014-05-05,40.619232177734375
2014-05-06,40.53980255126953
2014-05-07,40.762237548828125
2014-05-08,40.84962844848633
2014-05-09,40.8416862487793
2014-05-12,41.31039047241211
2014-05-13,41.31039047241211
2014-05-14,41.016448974609375
2014-05-15,40.59541702270508
2014-05-16,40.579524993896484
2014-05-19,40.87345504760742
2014-05-20,40.380916595458984
2014-05-21,40.54773712158203
2014-05-22,40.66689682006836
2014-05-23,41.14356231689453
2014-05-27,41.50106430053711
2014-05-28,41.4295539855957
2014-05-29,41.556671142578125
2014-05-30,41.47721862792969
2014-06-02,41.532833099365234
2014-06-03,41.516944885253906
2014-06-04,41.580501556396484
2014-06-05,41.89033126831055
2014-06-06,42.15249252319336
2014-06-09,42.4305419921875
2014-06-10,42.128662109375
2014-06-11,41.8188362121582
2014-06-12,41.57255554199219
2014-06-13,41.556671142578125
2014-06-16,41.937992095947266
2014-06-17,41.7393798828125
2014-06-18,41.930049896240234
2014-06-19,42.05714797973633
2014-06-20,42.20809555053711
2014-06-23,42.31137466430664
2014-06-24,42.12239074707031
2014-06-25,42.098262786865234
2014-06-26,42.2430305480957
2014-06-27,42.32344055175781
2014-06-30,42.4923095703125
2014-07-01,42.54056167602539
2014-07-02,42.35559844970703
2014-07-03,42.645103454589844
2014-07-07,42.2269401550293
2014-07-08,41.88919448852539
2014-07-09,42.2269401550293
2014-07-10,41.752471923828125
2014-07-11,41.76051712036133
2014-07-14,41.99372863769531
2014-07-15,41.88115310668945
2014-07-16,42.299312591552734
2014-07-17,41.672061920166016
2014-07-18,41.96156311035156
2014-07-21,41.70423126220703
2014-07-22,41.60773468017578
2014-07-23,41.728355407714844
2014-07-24,42.00177764892578
2014-07-25,41.87309646606445
2014-07-28,42.00980758666992
2014-07-29,41.58359909057617
2014-07-30,41.42276382446289
2014-07-31,40.52210235595703
2014-08-01,40.32106018066406
2014-08-04,40.68293762207031
2014-08-05,39.98330307006836
2014-08-06,40.00742721557617
2014-08-07,39.66164016723633
2014-08-08,39.9994010925293
2014-08-11,40.32106018066406
2014-08-12,40.21651840209961
2014-08-13,40.272804260253906
2014-08-14,40.63468551635742
2014-08-15,40.457763671875
2014-08-18,40.81159591674805
2014-08-19,41.414730072021484
2014-08-20,41.21368408203125
2014-08-21,41.54338836669922
2014-08-22,41.38256072998047
2014-08-25,41.37451934814453
2014-08-26,41.495140075683594
2014-08-27,41.76051712036133
2014-08-28,41.54338836669922
2014-08-29,41.64793395996094
2014-09-02,41.800724029541016
2014-09-03,42.01784896850586
2014-09-04,42.218894958496094
2014-09-05,42.33952331542969
2014-09-08,42.00177764892578
2014-09-09,41.816810607910156
2014-09-10,41.59968566894531
2014-09-11,41.72032165527344
2014-09-12,41.390602111816406
2014-09-15,41.33430480957031
2014-09-16,41.51122283935547
2014-09-17,41.253902435302734
2014-09-18,41.3101806640625
2014-09-19,41.13326644897461
2014-09-22,40.41754913330078
2014-09-23,40.015472412109375
2014-09-24,40.248680114746094
2014-09-25,39.70184326171875
2014-09-26,39.918975830078125
2014-09-29,39.935054779052734
2014-09-30,39.64556121826172
2014-10-01,39.364105224609375
2014-10-02,39.13892364501953
2014-10-03,39.44451141357422
2014-10-06,39.79029846191406
2014-10-07,39.28367614746094
2014-10-08,39.70988082885742
2014-10-09,38.84943389892578
2014-10-10,38.334754943847656
2014-10-13,38.31867980957031
2014-10-14,38.4151725769043
2014-10-15,38.40713882446289
2014-10-16,38.4151725769043
2014-10-17,39.130889892578125
2014-10-20,39.58123016357422
2014-10-21,40.35323715209961
2014-10-22,39.89484405517578
2014-10-23,40.54622268676758
2014-10-24,40.55426025390625
2014-10-27,40.20043182373047
2014-10-28,41.05284118652344
2014-10-29,40.6588134765625
2014-10-30,41.294105529785156
2014-10-31,41.816810607910156
2014-11-03,41.99372863769531
2014-11-04,41.91331481933594
2014-11-05,42.01784896850586
2014-11-06,41.87309646606445
2014-11-07,42.050018310546875
2014-11-10,41.672061920166016
2014-11-11,41.54338836669922
2014-11-12,41.32626724243164
2014-11-13,41.294105529785156
2014-11-14,41.22977066040039
2014-11-17,41.08501434326172
2014-11-18,41.446895599365234
2014-11-19,41.294105529785156
2014-11-20,41.22172546386719
2014-11-21,41.639888763427734
2014-11-24,41.8489875793457
2014-11-25,42.050018310546875
2014-11-26,41.89722442626953
2014-11-28,41.82484817504883
2014-12-01,41.623802185058594
2014-12-02,41.840946197509766
2014-12-03,42.170654296875
2014-12-04,42.30735778808594
2014-12-05,42.59685516357422
2014-12-08,42.25910186767578
2014-12-09,42.25105667114258
2014-12-10,41.83290100097656
2014-12-11,42.033939361572266
2014-12-12,41.414730072021484
2014-12-15,41.02872085571289
2014-12-16,40.95634078979492
2014-12-17,41.38256072998047
2014-12-18,42.2269401550293
2014-12-19,42.55101776123047
2014-12-22,42.777305603027344
2014-12-23,43.13291931152344
2014-12-24,43.27839660644531
2014-12-26,43.28647232055664
2014-12-29,43.31879425048828
2014-12-30,43.108665466308594
2014-12-31,42.7853889465332
2015-01-02,42.80155944824219
2015-01-05,42.090354919433594
2015-01-06,41.815574645996094
2015-01-07,41.96104049682617
2015-01-08,42.591434478759766
2015-01-09,42.591434478759766
2015-01-12,42.526771545410156
2015-01-13,42.57527160644531
2015-01-14,42.591434478759766
2015-01-15,42.146934509277344
2015-01-16,42.47019958496094
2015-01-20,42.1954231262207
2015-01-21,42.68840789794922
2015-01-22,43.480438232421875
2015-01-23,42.97128677368164
2015-01-26,43.981510162353516
2015-01-27,43.569339752197266
2015-01-28,43.391536712646484
2015-01-29,43.89262008666992
2015-01-30,43.77138137817383
2015-02-02,43.8037109375
2015-02-03,44.353271484375
2015-02-04,44.046165466308594
2015-02-05,44.53107833862305
2015-02-06,44.17547607421875
2015-02-09,44.24012756347656
2015-02-10,44.71696472167969
2015-02-11,44.725040435791016
2015-02-12,45.74335861206055
2015-02-13,45.77568435668945
2015-02-17,45.23419952392578
2015-02-18,45.43623733520508
2015-02-19,45.20187759399414
2015-02-20,45.50090026855469
2015-02-23,45.33118438720703
2015-02-24,45.53323745727539
2015-02-25,45.573631286621094
2015-02-26,45.33118438720703
2015-02-27,45.1291389465332
2015-03-02,45.20994567871094
2015-03-03,44.919010162353516
2015-03-04,44.628055572509766
2015-03-05,44.725040435791016
2015-03-06,43.9249382019043
2015-03-09,44.06233596801758
2015-03-10,43.11674880981445
2015-03-11,43.343048095703125
2015-03-12,43.66632080078125
2015-03-13,43.38345718383789
2015-03-16,43.8845329284668
2015-03-17,43.844120025634766
2015-03-18,44.353271484375
2015-03-19,43.89262008666992
2015-03-20,44.466426849365234
2015-03-23,44.417930603027344
2015-03-24,44.587646484375
2015-03-25,44.2320556640625
2015-03-26,44.05424499511719
2015-03-27,44.14315414428711
2015-03-30,44.490665435791016
2015-03-31,44.14315414428711
2015-04-01,44.07850646972656
2015-04-02,43.989593505859375
2015-04-06,44.223968505859375
2015-04-07,44.07850646972656
2015-04-08,44.34519577026367
2015-04-09,44.3936882019043
2015-04-10,44.53107833862305
2015-04-13,44.51491165161133
2015-04-14,44.74928283691406
2015-04-15,44.71696472167969
2015-04-16,44.822017669677734
2015-04-17,44.34519577026367
2015-04-20,44.361358642578125
2015-04-21,43.900691986083984
2015-04-22,43.900691986083984
2015-04-23,43.87644577026367
2015-04-24,44.53916931152344
2015-04-27,44.28861999511719
2015-04-28,44.215885162353516
2015-04-29,43.94110107421875
2015-04-30,43.609745025634766
2015-05-01,43.91685485839844
2015-05-04,43.981510162353516
2015-05-05,43.15715789794922
2015-05-06,43.22990036010742
2015-05-07,43.42386245727539
2015-05-08,44.05424499511719
2015-05-11,43.90877914428711
2015-05-12,43.6824836730957
2015-05-13,43.9249382019043
2015-05-14,44.587646484375
2015-05-15,44.482582092285156
2015-05-18,44.490665435791016
2015-05-19,44.77354049682617
2015-05-20,45.04023742675781
2015-05-21,44.854347229003906
2015-05-22,44.870521545410156
2015-05-26,44.40176773071289
2015-05-27,44.684635162353516
2015-05-28,44.53107833862305
2015-05-29,43.933013916015625
2015-06-01,43.852203369140625
2015-06-02,43.90877914428711
2015-06-03,43.8037109375
2015-06-04,43.48851776123047
2015-06-05,43.48851776123047
2015-06-08,43.19756317138672
2015-06-09,43.15715789794922
2015-06-10,43.81987762451172
2015-06-11,43.90877914428711
2015-06-12,43.57741165161133
2015-06-15,43.35112762451172
2015-06-16,43.64207077026367
2015-06-17,43.739051818847656
2015-06-18,44.05424499511719
2015-06-19,43.90877914428711
2015-06-22,43.9976692199707
2015-06-23,43.86835861206055
2015-06-24,43.62514114379883
2015-06-25,43.69044494628906
2015-06-26,43.812870025634766
2015-06-29,42.95587158203125
2015-06-30,42.882408142089844
2015-07-01,43.045650482177734
2015-07-02,43.061981201171875
2015-07-06,42.65387725830078
2015-07-07,42.68653106689453
2015-07-08,41.99277114868164
2015-07-09,41.7397575378418
2015-07-10,42.580421447753906
2015-07-13,43.1599235534668
2015-07-14,43.17624282836914
2015-07-15,43.14358901977539
2015-07-16,43.34764099121094
2015-07-17,42.89057540893555
2015-07-20,42.89873123168945
2015-07-21,42.286590576171875
2015-07-22,42.0335807800293
2015-07-23,41.71527099609375
2015-07-24,41.13578414916992
2015-07-27,40.9807014465332
2015-07-28,41.28269577026367
2015-07-29,41.53570556640625
2015-07-30,41.44593048095703
2015-07-31,41.64998245239258
2015-08-03,41.49489974975586
2015-08-04,41.61732864379883
2015-08-05,41.74790954589844
2015-08-06,41.21739196777344
2015-08-07,41.5112190246582
2015-08-10,41.90298843383789
2015-08-11,41.405120849609375
2015-08-12,41.43775939941406
2015-08-13,41.47040939331055
2015-08-14,41.8703498840332
2015-08-17,41.92747116088867
2015-08-18,42.07439041137695
2015-08-19,41.682621002197266
2015-08-20,41.05415344238281
2015-08-21,39.63398742675781
2015-08-24,38.458683013916016
2015-08-25,37.9526481628418
2015-08-26,38.28727722167969
2015-08-27,38.94023513793945
2015-08-28,39.35649108886719
2015-08-31,39.185081481933594
2015-09-01,38.33625793457031
2015-09-02,38.385231018066406
2015-09-03,39.013694763183594
2015-09-04,38.442359924316406
2015-09-08,39.15243911743164
2015-09-09,38.53214645385742
2015-09-10,38.79331970214844
2015-09-11,39.0218505859375
2015-09-14,38.768836975097656
2015-09-15,38.72802734375
2015-09-16,39.095314025878906
2015-09-17,38.94023513793945
2015-09-18,38.28727722167969
2015-09-21,38.344417572021484
2015-09-22,37.43029022216797
2015-09-23,37.33234786987305
2015-09-24,36.98954772949219
2015-09-25,37.16911315917969
2015-09-28,36.2468147277832
2015-09-29,36.01829147338867
2015-09-30,36.32844543457031
2015-10-01,36.361087799072266
2015-10-02,36.89161682128906
2015-10-05,37.80574417114258
2015-10-06,37.8955192565918
2015-10-07,38.7851676940918
2015-10-08,39.095314025878906
2015-10-09,39.82171630859375
2015-10-12,39.7237663269043
2015-10-13,39.5605354309082
2015-10-14,39.40546417236328
2015-10-15,39.89517593383789
2015-10-16,40.06657028198242
2015-10-19,39.57685470581055
2015-10-20,39.5034065246582
2015-10-21,39.36465072631836
2015-10-22,39.92782211303711
2015-10-23,39.99311828613281
2015-10-26,39.91966247558594
2015-10-27,39.552371978759766
2015-10-28,39.80539321899414
2015-10-29,39.83803939819336
2015-10-30,39.80539321899414
2015-11-02,40.74399948120117
2015-11-03,40.79297637939453
2015-11-04,40.425697326660156
2015-11-05,40.52363204956055
2015-11-06,40.409366607666016
2015-11-09,40.327754974365234
2015-11-10,40.62158203125
2015-11-11,40.76032257080078
2015-11-12,40.213478088378906
2015-11-13,40.213478088378906
2015-11-16,40.52363204956055
2015-11-17,40.82562255859375
2015-11-18,41.56835174560547
2015-11-19,41.92747116088867
2015-11-20,42.164161682128906
2015-11-23,42.082550048828125
2015-11-24,42.213138580322266
2015-11-25,42.229469299316406
2015-11-27,42.539615631103516
2015-11-30,42.42534637451172
2015-12-01,42.34374237060547
2015-12-02,41.77239990234375
2015-12-03,41.60100555419922
2015-12-04,41.935638427734375
2015-12-07,41.519378662109375
2015-12-08,40.735843658447266
2015-12-09,40.38488006591797
2015-12-10,40.425697326660156
2015-12-11,39.39729690551758
2015-12-14,39.095314025878906
2015-12-15,39.40546417236328
2015-12-16,40.058414459228516
2015-12-17,39.97679138183594
2015-12-18,38.94023513793945
2015-12-21,39.06462478637695
2015-12-22,39.39414978027344
2015-12-23,39.97080993652344
2015-12-24,40.349754333496094
2015-12-28,40.053192138671875
2015-12-29,40.275611877441406
2015-12-30,40.02024459838867
2015-12-31,39.35295486450195
2016-01-04,38.833980560302734
2016-01-05,38.875152587890625
2016-01-06,37.911312103271484
2016-01-07,36.832130432128906
2016-01-08,36.164852142333984
2016-01-11,36.04127883911133
2016-01-12,35.8682861328125
2016-01-13,35.22571563720703
2016-01-14,35.1927604675293
2016-01-15,34.311302185058594
2016-01-19,34.05591583251953
2016-01-20,33.48748779296875
2016-01-21,33.825260162353516
2016-01-22,34.66554260253906
2016-01-25,33.380409240722656
2016-01-26,33.80878448486328
2016-01-27,33.825260162353516
2016-01-28,33.77582931518555
2016-01-29,35.17628860473633
2016-02-01,35.201011657714844
2016-02-02,34.30305862426758
2016-02-03,34.53373336791992
2016-02-04,34.822052001953125
2016-02-05,34.08063507080078
2016-02-08,33.29802703857422
2016-02-09,32.94379806518555
2016-02-10,32.66370391845703
2016-02-11,32.27650833129883
2016-02-12,32.60603713989258
2016-02-16,33.21564483642578
2016-02-17,34.06415557861328
2016-02-18,33.90763473510742
2016-02-19,33.85820388793945
2016-02-22,34.138301849365234
2016-02-23,33.84173583984375
2016-02-24,33.86644744873047
2016-02-25,34.00648880004883
2016-02-26,34.22068786621094
2016-02-29,34.566673278808594
2016-03-01,35.43990707397461
2016-03-02,35.67880630493164
2016-03-03,35.88475799560547
2016-03-04,36.29665756225586
2016-03-07,36.19779968261719
2016-03-08,35.687049865722656
2016-03-09,35.79413986206055
2016-03-10,35.94242477416992
2016-03-11,36.87331771850586
2016-03-14,37.01337814331055
2016-03-15,36.79917526245117
2016-03-16,37.54883575439453
2016-03-17,38.191410064697266
2016-03-18,38.15843963623047
2016-03-21,38.57859420776367
2016-03-22,38.78453826904297
2016-03-23,38.02663803100586
2016-03-24,37.96073913574219
2016-03-28,38.20787811279297
2016-03-29,38.95753479003906
2016-03-30,38.965763092041016
2016-03-31,38.58682632446289
2016-04-01,38.37263488769531
2016-04-04,38.14197540283203
2016-04-05,37.178123474121094
2016-04-06,37.25226974487305
2016-04-07,36.79917526245117
2016-04-08,37.186363220214844
2016-04-11,37.49940872192383
2016-04-12,37.977210998535156
2016-04-13,38.41382598876953
2016-04-14,38.455020904541016
2016-04-15,38.603302001953125
2016-04-18,38.86691665649414
2016-04-19,39.221160888671875
2016-04-20,38.84219741821289
2016-04-21,38.710391998291016
2016-04-22,38.94929504394531
2016-04-25,38.455020904541016
2016-04-26,39.50947570800781
2016-04-27,39.80605697631836
2016-04-28,39.303531646728516
2016-04-29,39.328250885009766
2016-05-02,39.460052490234375
2016-05-03,38.4962043762207
2016-05-04,38.1749267578125
2016-05-05,38.39734649658203
2016-05-06,38.7515869140625
2016-05-09,38.66920852661133
2016-05-10,39.40238571166992
2016-05-11,39.385921478271484
2016-05-12,39.40238571166992
2016-05-13,38.77630615234375
2016-05-16,39.3117790222168
2016-05-17,38.79277038574219
2016-05-18,38.455020904541016
2016-05-19,38.034873962402344
2016-05-20,38.603302001953125
2016-05-23,38.66096878051758
2016-05-24,39.15523910522461
2016-05-25,39.756622314453125
2016-05-26,39.80605697631836
2016-05-27,39.83899688720703
2016-05-31,40.044952392578125
2016-06-01,39.88843536376953
2016-06-02,40.094383239746094
2016-06-03,39.995521545410156
2016-06-06,40.13557434082031
2016-06-07,40.349754333496094
2016-06-08,40.42390060424805
2016-06-09,39.85547637939453
2016-06-10,39.196441650390625
2016-06-13,38.290252685546875
2016-06-14,37.68888473510742
2016-06-15,37.63121032714844
2016-06-16,37.754791259765625
2016-06-17,37.977210998535156
2016-06-20,39.04814529418945
2016-06-21,38.892024993896484
2016-06-22,38.68328094482422
2016-06-23,39.610076904296875
2016-06-24,37.038421630859375
2016-06-27,35.986392974853516
2016-06-28,36.604244232177734
2016-06-29,37.22211456298828
2016-06-30,37.78152847290039
2016-07-01,38.4828987121582
2016-07-05,37.53105163574219
2016-07-06,37.74813461303711
2016-07-07,37.33066177368164
2016-07-08,38.02366256713867
2016-07-11,38.5914421081543
2016-07-12,38.93376159667969
2016-07-13,38.95880889892578
2016-07-14,39.234352111816406
2016-07-15,39.526580810546875
2016-07-18,39.726966857910156
2016-07-19,39.777061462402344
2016-07-20,40.027549743652344
2016-07-21,40.01085662841797
2016-07-22,40.36152648925781
2016-07-25,40.252986907958984
2016-07-26,40.59532928466797
2016-07-27,40.46171951293945
2016-07-28,40.495121002197266
2016-07-29,40.62871551513672
2016-08-01,40.36152648925781
2016-08-02,40.019203186035156
2016-08-03,39.977455139160156
2016-08-04,40.194541931152344
2016-08-05,40.386573791503906
2016-08-08,40.47007751464844
2016-08-09,40.762306213378906
2016-08-10,40.979393005371094
2016-08-11,41.363468170166016
2016-08-12,41.104637145996094
2016-08-15,41.163082122802734
2016-08-16,40.870849609375
2016-08-17,40.71220779418945
2016-08-18,40.829097747802734
2016-08-19,40.662113189697266
2016-08-22,40.4116325378418
2016-08-23,40.795711517333984
2016-08-24,41.062889099121094
2016-08-25,41.29667282104492
2016-08-26,40.979393005371094
2016-08-29,41.513771057128906
2016-08-30,41.68910598754883
2016-08-31,41.50541305541992
2016-09-01,42.014739990234375
2016-09-02,42.31531524658203
2016-09-06,42.71609115600586
2016-09-07,42.5657958984375
2016-09-08,42.38211441040039
2016-09-09,41.27997589111328
2016-09-12,41.47201919555664
2016-09-13,40.62871551513672
2016-09-14,40.63706970214844
2016-09-15,41.029483795166016
2016-09-16,40.812400817871094
2016-09-19,41.13803482055664
2016-09-20,41.19648742675781
2016-09-21,41.67240905761719
2016-09-22,42.08154296875
2016-09-23,42.1900749206543
2016-09-26,41.66405487060547
2016-09-27,41.65571212768555
2016-09-28,42.00638198852539
2016-09-29,41.42191696166992
2016-09-30,41.931236267089844
2016-10-03,41.54716110229492
2016-10-04,40.937644958496094
2016-10-05,40.979393005371094
2016-10-06,41.363468170166016
2016-10-07,41.12968826293945
2016-10-10,41.38016891479492
2016-10-11,40.92095184326172
2016-10-12,41.012794494628906
2016-10-13,40.62871551513672
2016-10-14,40.912593841552734
2016-10-17,40.829097747802734
2016-10-18,41.33841323852539
2016-10-19,41.52211380004883
2016-10-20,41.04618835449219
2016-10-21,41.21317672729492
2016-10-24,41.26327896118164
2016-10-25,42.048133850097656
2016-10-26,41.9813346862793
2016-10-27,41.97298812866211
2016-10-28,41.91454315185547
2016-10-31,41.93959045410156
2016-11-01,41.513771057128906
2016-11-02,41.430267333984375
2016-11-03,41.588905334472656
2016-11-04,41.57221984863281
2016-11-07,41.54716110229492
2016-11-08,41.72249984741211
2016-11-09,41.91454315185547
2016-11-10,41.95629119873047
2016-11-11,42.0397834777832
2016-11-14,42.52405548095703
2016-11-15,42.79958724975586
2016-11-16,42.490657806396484
2016-11-17,42.74113082885742
2016-11-18,43.00831985473633
2016-11-21,43.22541427612305
2016-11-22,43.89337921142578
2016-11-23,43.75143814086914
2016-11-25,43.910072326660156
2016-11-28,43.8432731628418
2016-11-29,44.20230484008789
2016-11-30,43.61784744262695
2016-12-01,43.158607482910156
2016-12-02,43.63452911376953
2016-12-05,44.36928939819336
2016-12-06,44.48619079589844
2016-12-07,45.66347122192383
2016-12-08,45.980751037597656
2016-12-09,45.7219123840332
2016-12-12,45.529876708984375
2016-12-13,45.646766662597656
2016-12-14,44.93706512451172
2016-12-15,44.73666763305664
2016-12-16,44.87862014770508
2016-12-19,44.87026596069336
2016-12-20,45.037254333496094
2016-12-21,45.095699310302734
2016-12-22,44.820556640625
2016-12-23,44.85411071777344
2016-12-27,44.94638442993164
2016-12-28,44.753440856933594
2016-12-29,45.13093185424805
2016-12-30,44.96315383911133
2017-01-03,45.14772033691406
2017-01-04,45.55036163330078
2017-01-05,45.516807556152344
2017-01-06,45.516807556152344
2017-01-09,45.223209381103516
2017-01-10,45.500038146972656
2017-01-11,45.61747741699219
2017-01-12,45.78525161743164
2017-01-13,46.03690719604492
2017-01-17,45.5419807434082
2017-01-18,45.39937210083008
2017-01-19,45.44131088256836
2017-01-20,45.58392333984375
2017-01-23,45.852359771728516
2017-01-24,46.473121643066406
2017-01-25,47.38748550415039
2017-01-26,46.95966720581055
2017-01-27,46.77510452270508
2017-01-30,46.1040153503418
2017-01-31,45.91946792602539
2017-02-01,46.15435028076172
2017-02-02,46.23822784423828
2017-02-03,46.204681396484375
2017-02-06,45.96980667114258
2017-02-07,46.31373977661133
2017-02-08,46.68283462524414
2017-02-09,46.78349685668945
2017-02-10,46.90093231201172
2017-02-13,47.09388732910156
2017-02-14,47.27003479003906
2017-02-15,47.689476013183594
2017-02-16,47.50492858886719
2017-02-17,47.47975158691406
2017-02-21,48.15923309326172
2017-02-22,47.92435836791992
2017-02-23,47.79014587402344
2017-02-24,47.35393142700195
2017-02-27,47.597206115722656
2017-02-28,47.311988830566406
2017-03-01,48.142459869384766
2017-03-02,47.94113540649414
2017-03-03,48.226348876953125
2017-03-06,47.6978645324707
2017-03-07,47.4210319519043
2017-03-08,47.15260314941406
2017-03-09,47.0099983215332
2017-03-10,47.37070846557617
2017-03-13,47.798526763916016
2017-03-14,47.597206115722656
2017-03-15,48.2011833190918
2017-03-16,48.55351257324219
2017-03-17,48.43606185913086
2017-03-20,48.620609283447266
2017-03-21,47.8740348815918
2017-03-22,48.10890197753906
2017-03-23,48.2011833190918
2017-03-24,48.17601013183594
2017-03-27,47.80691909790039
2017-03-28,48.21796798706055
2017-03-29,48.17601013183594
2017-03-30,48.32699966430664
2017-03-31,48.343788146972656
2017-04-03,48.33539581298828
2017-04-04,48.30183792114258
2017-04-05,48.07535171508789
2017-04-06,48.4109001159668
2017-04-07,48.74644470214844
2017-04-10,48.9477653503418
2017-04-11,48.82194137573242
2017-04-12,48.81354904174805
2017-04-13,48.42767333984375
2017-04-17,48.57866668701172
2017-04-18,48.838714599609375
2017-04-19,48.48639678955078
2017-04-20,49.0400505065918
2017-04-21,49.073604583740234
2017-04-24,49.669189453125
2017-04-25,50.22283935546875
2017-04-26,50.08863067626953
2017-04-27,49.99634552001953
2017-04-28,49.73630905151367
2017-05-01,49.7950325012207
2017-05-02,49.9376335144043
2017-05-03,49.57691192626953
2017-05-04,49.44269561767578
2017-05-05,50.06345748901367
2017-05-08,49.627254486083984
2017-05-09,49.85375213623047
2017-05-10,50.01313018798828
2017-05-11,49.56853103637695
2017-05-12,49.38397979736328
2017-05-15,49.929237365722656
2017-05-16,50.390621185302734
2017-05-17,49.56853103637695
2017-05-18,49.01488494873047
2017-05-19,49.929237365722656
2017-05-22,50.33189010620117
2017-05-23,50.33189010620117
2017-05-24,50.54161071777344
2017-05-25,50.927490234375
2017-05-26,50.89393615722656
2017-05-30,50.86038589477539
2017-05-31,50.642276763916016
2017-06-01,51.355316162109375
2017-06-02,51.50629806518555
2017-06-05,51.45597457885742
2017-06-06,51.29658889770508
2017-06-07,51.28820037841797
2017-06-08,51.137210845947266
2017-06-09,51.44758987426758
2017-06-12,51.472755432128906
2017-06-13,52.00962829589844
2017-06-14,51.77474594116211
2017-06-15,51.51470184326172
2017-06-16,52.0347900390625
2017-06-19,52.42906188964844
2017-06-20,52.03038787841797
2017-06-21,51.69110107421875
2017-06-22,51.77592468261719
2017-06-23,51.69110107421875
2017-06-26,51.77592468261719
2017-06-27,51.44511413574219
2017-06-28,52.08976745605469
2017-06-29,51.63172149658203
2017-06-30,51.96253204345703
2017-07-03,52.31878662109375
2017-07-05,52.20003128051758
2017-07-06,51.334842681884766
2017-07-07,51.241539001464844
2017-07-10,51.65716552734375
2017-07-11,51.809852600097656
2017-07-12,52.48843002319336
2017-07-13,52.53932189941406
2017-07-14,53.11612319946289
2017-07-17,53.21791458129883
2017-07-18,53.183982849121094
2017-07-19,53.794708251953125
2017-07-20,53.69291687011719
2017-07-21,53.599609375
2017-07-24,53.3875617980957
2017-07-25,52.971920013427734
2017-07-26,52.94647979736328
2017-07-27,53.336669921875
2017-07-28,53.005855560302734
2017-07-31,52.84468460083008
2017-08-01,53.34514617919922
2017-08-02,53.01433563232422
2017-08-03,52.997371673583984
2017-08-04,53.0737190246582
2017-08-07,53.124603271484375
2017-08-08,52.75138473510742
2017-08-09,52.3611946105957
2017-08-10,51.78440475463867
2017-08-11,52.19155502319336
2017-08-14,52.31878662109375
2017-08-15,52.217002868652344
2017-08-16,52.88709259033203
2017-08-17,52.293338775634766
2017-08-18,52.28485870361328
2017-08-21,52.08128356933594
2017-08-22,52.39513397216797
2017-08-23,52.73442459106445
2017-08-24,52.971920013427734
2017-08-25,53.599609375
2017-08-28,53.16701889038086
2017-08-29,53.01433563232422
2017-08-30,53.277286529541016
2017-08-31,53.97283935546875
2017-09-01,54.261234283447266
2017-09-05,54.07462692260742
2017-09-06,54.51570510864258
2017-09-07,54.77865982055664
2017-09-08,54.9058952331543
2017-09-11,55.64384460449219
2017-09-12,55.94921112060547
2017-09-13,55.61839294433594
2017-09-14,55.60992431640625
2017-09-15,55.77956771850586
2017-09-18,55.90681076049805
2017-09-19,56.30545425415039
2017-09-20,56.63627624511719
2017-09-21,56.79743957519531
2017-09-22,56.814414978027344
2017-09-25,56.2630500793457
2017-09-26,56.093414306640625
2017-09-27,56.364837646484375
2017-09-28,56.78894805908203
2017-09-29,56.6447639465332
2017-10-02,56.94163131713867
2017-10-03,57.45905685424805
2017-10-04,57.76442337036133
2017-10-05,57.67959976196289
2017-10-06,57.74746322631836
2017-10-09,57.63719177246094
2017-10-10,58.358177185058594
2017-10-11,58.290321350097656
2017-10-12,58.31576919555664
2017-10-13,58.53630828857422
2017-10-16,58.722923278808594
2017-10-17,58.4599609375
2017-10-18,58.4599609375
2017-10-19,58.4430046081543
2017-10-20,58.53630828857422
2017-10-23,58.98586654663086
2017-10-24,59.23186111450195
2017-10-25,58.688987731933594
2017-10-26,58.74837112426758
2017-10-27,59.13855743408203
2017-10-30,58.875606536865234
2017-10-31,59.05374526977539
2017-11-01,59.605079650878906
2017-11-02,59.800167083740234
2017-11-03,59.7323112487793
2017-11-06,59.43543243408203
2017-11-07,59.197940826416016
2017-11-08,59.7662467956543
2017-11-09,59.689918518066406
2017-11-10,59.333641052246094
2017-11-13,58.89256286621094
2017-11-14,58.98586654663086
2017-11-15,58.70595932006836
2017-11-16,59.59660339355469
2017-11-17,59.647491455078125
2017-11-20,59.4523811340332
2017-11-21,60.088565826416016
2017-11-22,59.96133804321289
2017-11-24,60.07160186767578
2017-11-27,59.46936798095703
2017-11-28,59.605079650878906
2017-11-29,59.13007354736328
2017-11-30,59.37605667114258
2017-12-01,58.94346237182617
2017-12-04,58.57023239135742
2017-12-05,58.66354751586914
2017-12-06,58.375144958496094
2017-12-07,58.612648010253906
2017-12-08,58.655059814453125
2017-12-11,58.76533508300781
2017-12-12,58.79077911376953
2017-12-13,58.79926681518555
2017-12-14,59.13855743408203
2017-12-15,59.35908889770508
2017-12-18,60.4618034362793
2017-12-19,59.92741394042969
2017-12-20,59.96981430053711
2017-12-21,60.10498046875
2017-12-22,59.81594467163086
2017-12-26,59.892452239990234
2017-12-27,60.10498046875
2017-12-28,60.190006256103516
2017-12-29,60.470550537109375
2018-01-02,61.36319351196289
2018-01-03,61.6097412109375
2018-01-04,61.54173278808594
2018-01-05,61.8987922668457
2018-01-08,62.213340759277344
2018-01-09,62.18783187866211
2018-01-10,61.90729522705078
2018-01-11,62.31535339355469
2018-01-12,63.19948959350586
2018-01-16,63.01246643066406
2018-01-17,63.369537353515625
2018-01-18,63.8031120300293
2018-01-19,64.55973815917969
2018-01-22,64.9677963256836
2018-01-23,64.78926849365234
2018-01-24,65.35035705566406
2018-01-25,65.03582000732422
2018-01-26,65.57991027832031
2018-01-29,65.89446258544922
2018-01-30,65.2568588256836
2018-01-31,65.12081909179688
2018-02-01,65.5203857421875
2018-02-02,64.43222045898438
2018-02-05,62.11983871459961
2018-02-06,63.250511169433594
2018-02-07,62.8509521484375
2018-02-08,60.36003875732422
2018-02-09,61.07413864135742
2018-02-12,61.949798583984375
2018-02-13,62.3748664855957
2018-02-14,64.04965209960938
2018-02-15,64.38121032714844
2018-02-16,65.08680725097656
2018-02-20,64.93379211425781
2018-02-21,65.06982421875
2018-02-22,64.84878540039062
2018-02-23,65.56289672851562
2018-02-26,66.20050811767578
2018-02-27,65.4438705444336
2018-02-28,64.43222045898438
2018-03-01,63.6330680847168
2018-03-02,64.15165710449219
2018-03-05,63.74359893798828
2018-03-06,64.89979553222656
2018-03-07,64.89979553222656
2018-03-08,65.60540771484375
2018-03-09,66.30252838134766
2018-03-12,66.31100463867188
2018-03-13,65.96246337890625
2018-03-14,66.30252838134766
2018-03-15,66.25150299072266
2018-03-16,66.80410766601562
2018-03-19,66.31100463867188
2018-03-20,66.3790283203125
2018-03-21,67.13566589355469
2018-03-22,65.97946166992188
2018-03-23,64.99329376220703
2018-03-26,66.26002502441406
2018-03-27,65.55440521240234
2018-03-28,65.83495330810547
2018-03-29,66.60856628417969
2018-04-02,65.39286804199219
2018-04-03,66.5235595703125
2018-04-04,67.22066497802734
2018-04-05,67.88379669189453
2018-04-06,67.79878234863281
2018-04-09,67.6712417602539
2018-04-10,68.18132781982422
2018-04-11,67.91779327392578
2018-04-12,68.22383880615234
2018-04-13,68.48739624023438
2018-04-16,69.01447296142578
2018-04-17,69.83910369873047
2018-04-18,70.28968048095703
2018-04-19,69.98363494873047
2018-04-20,69.59255981445312
2018-04-23,69.3375244140625
2018-04-24,69.21849822998047
2018-04-25,69.19300079345703
2018-04-26,68.93795776367188
2018-04-27,68.89544677734375
2018-04-30,68.30884552001953
2018-05-01,68.07081604003906
2018-05-02,68.43638610839844
2018-05-03,68.26637268066406
2018-05-04,68.30034637451172
2018-05-07,68.55538177490234
2018-05-08,68.49588775634766
2018-05-09,69.0994873046875
2018-05-10,69.50756072998047
2018-05-11,69.43103790283203
2018-05-14,69.21849822998047
2018-05-15,69.43103790283203
2018-05-16,69.89862060546875
2018-05-17,69.67757415771484
2018-05-18,69.86461639404297
2018-05-21,70.36620330810547
2018-05-22,70.01763916015625
2018-05-23,69.5330581665039
2018-05-24,69.66907501220703
2018-05-25,69.35453033447266
2018-05-29,68.3598861694336
2018-05-30,69.5755615234375
2018-05-31,68.84444427490234
2018-06-01,69.66907501220703
2018-06-04,70.29818725585938
2018-06-05,70.18765258789062
2018-06-06,71.20783233642578
2018-06-07,70.78278350830078
2018-06-08,70.79976654052734
2018-06-11,70.34917449951172
2018-06-12,70.33220672607422
2018-06-13,69.3375244140625
2018-06-14,68.72541809082031
2018-06-15,68.44487762451172
2018-06-18,68.26637268066406
2018-06-19,67.26167297363281
2018-06-20,66.6262435913086
2018-06-21,65.92210388183594
2018-06-22,66.30852508544922
2018-06-25,65.93069458007812
2018-06-26,66.70350646972656
2018-06-27,66.14537048339844
2018-06-28,66.52320098876953
2018-06-29,67.08134460449219
2018-07-02,66.41155242919922
2018-07-03,66.93536376953125
2018-07-05,66.9782943725586
2018-07-06,67.50211334228516
2018-07-09,68.05166625976562
2018-07-10,68.04308319091797
2018-07-11,66.78079986572266
2018-07-12,66.85808563232422
2018-07-13,66.96971893310547
2018-07-16,67.22732543945312
2018-07-17,67.7253646850586
2018-07-18,66.61764526367188
2018-07-19,66.23124694824219
2018-07-20,64.41080474853516
2018-07-23,63.86124801635742
2018-07-24,64.53961181640625
2018-07-25,65.08058166503906
2018-07-26,65.0977554321289
2018-07-27,64.78862762451172
2018-07-30,64.677001953125
2018-07-31,64.90025329589844
2018-08-01,64.84873962402344
2018-08-02,64.90884399414062
2018-08-03,64.96895599365234
2018-08-06,64.95176696777344
2018-08-07,64.75428009033203
2018-08-08,65.19220733642578
2018-08-09,65.08916473388672
2018-08-10,64.47949981689453
2018-08-13,64.07592010498047
2018-08-14,64.6254653930664
2018-08-15,63.972862243652344
2018-08-16,65.04623413085938
2018-08-17,65.76753234863281
2018-08-20,66.29993438720703
2018-08-21,66.41155242919922
2018-08-22,66.33427429199219
2018-08-23,65.9822006225586
2018-08-24,66.4716796875
2018-08-27,67.30459594726562
2018-08-28,67.75112915039062
2018-08-29,67.59656524658203
2018-08-30,67.15861511230469
2018-08-31,67.10710144042969
2018-09-04,66.25699615478516
2018-09-05,66.77220916748047
2018-09-06,66.77220916748047
2018-09-07,66.52320098876953
2018-09-10,66.54037475585938
2018-09-11,66.6004638671875
2018-09-12,66.76362609863281
2018-09-13,66.99547576904297
2018-09-14,66.66917419433594
2018-09-17,66.83232879638672
2018-09-18,66.33427429199219
2018-09-19,65.83622741699219
2018-09-20,66.23124694824219
2018-09-21,66.11102294921875
2018-09-24,65.85340881347656
2018-09-25,65.5185317993164
2018-09-26,65.96504974365234
2018-09-27,65.57862091064453
2018-09-28,64.64264678955078
2018-10-01,64.58252716064453
2018-10-02,64.24764251708984
2018-10-03,63.002525329589844
2018-10-04,62.23829650878906
2018-10-05,62.27266311645508
2018-10-08,62.31557846069336
2018-10-09,61.07905578613281
2018-10-10,58.97526931762695
2018-10-11,58.08220291137695
2018-10-12,58.20241928100586
2018-10-15,58.02210235595703
2018-10-16,58.84645080566406
2018-10-17,57.79024887084961
2018-10-18,57.240699768066406
2018-10-19,57.79883575439453
2018-10-22,57.077545166015625
2018-10-23,56.95730972290039
2018-10-24,55.746559143066406
2018-10-25,57.18916702270508
2018-10-26,56.26177215576172
2018-10-29,55.737972259521484
2018-10-30,56.41633605957031
2018-10-31,56.73406219482422
2018-11-01,57.73872756958008
2018-11-02,58.41710662841797
2018-11-05,57.88471603393555
2018-11-06,57.43818283081055
2018-11-07,57.63569259643555
2018-11-08,57.43818283081055
2018-11-09,56.175907135009766
2018-11-12,55.66069412231445
2018-11-13,55.18840789794922
2018-11-14,55.858184814453125
2018-11-15,55.75514602661133
2018-11-16,56.12438201904297
2018-11-19,55.506107330322266
2018-11-20,54.673187255859375
2018-11-21,55.18840789794922
2018-11-23,54.62166976928711
2018-11-26,54.6817741394043
2018-11-27,53.831661224365234
2018-11-28,54.16655349731445
2018-11-29,54.69894790649414
2018-11-30,54.518619537353516
2018-12-03,55.31720733642578
2018-12-04,53.522525787353516
2018-12-06,54.123619079589844
2018-12-07,52.492088317871094
2018-12-10,51.83090591430664
2018-12-11,51.65916442871094
2018-12-12,52.011226654052734
2018-12-13,51.61622619628906
2018-12-14,51.015140533447266
2018-12-17,49.97612380981445
2018-12-18,50.595272064208984
2018-12-19,50.17728042602539
2018-12-20,49.42835998535156
2018-12-21,48.740413665771484
2018-12-24,48.104705810546875
2018-12-26,49.6025276184082
2018-12-27,48.97553634643555
2018-12-28,49.58511734008789
2018-12-31,49.750572204589844
2019-01-02,49.89861297607422
2019-01-03,49.680908203125
2019-01-04,51.42256546020508
2019-01-07,51.74477767944336
2019-01-08,52.232444763183594
2019-01-09,53.19906234741211
2019-01-10,54.261478424072266
2019-01-11,53.956687927246094
2019-01-14,53.6693115234375
2019-01-15,54.09601593017578
2019-01-16,54.64464569091797
2019-01-17,54.78396987915039
2019-01-18,55.315185546875
2019-01-22,54.8013916015625
2019-01-23,54.73172378540039
2019-01-24,55.733184814453125
2019-01-25,57.11780548095703
2019-01-28,56.53434753417969
2019-01-29,57.109092712402344
2019-01-30,57.7360954284668
2019-01-31,57.40517044067383
2019-02-01,57.75352096557617
2019-02-04,57.46613311767578
2019-02-05,58.25860595703125
2019-02-06,57.94509506225586
2019-02-07,56.63884735107422
2019-02-08,55.71575927734375
2019-02-11,55.54159164428711
2019-02-12,55.837677001953125
2019-02-13,55.95089340209961
2019-02-14,55.48934555053711
2019-02-15,56.07279968261719
2019-02-19,56.38630294799805
2019-02-20,56.73463821411133
2019-02-21,56.15988540649414
2019-02-22,56.50822067260742
2019-02-25,57.02201843261719
2019-02-26,57.039424896240234
2019-02-27,56.59530258178711
2019-02-28,55.463218688964844
2019-03-01,56.07279968261719
2019-03-04,55.95089340209961
2019-03-05,55.81155776977539
2019-03-06,55.24551773071289
2019-03-07,54.32243347167969
2019-03-08,54.574974060058594
2019-03-11,55.97701644897461
2019-03-12,55.96831130981445
2019-03-13,56.03797912597656
2019-03-14,55.64609909057617
2019-03-15,55.384849548339844
2019-03-18,55.8550910949707
2019-03-19,56.29050827026367
2019-03-20,55.78543472290039
2019-03-21,56.12504577636719
2019-03-22,54.47918701171875
2019-03-25,54.06119155883789
2019-03-26,54.15697479248047
2019-03-27,54.435646057128906
2019-03-28,55.08876419067383
2019-03-29,55.315185546875
2019-04-01,56.68238067626953
2019-04-02,56.839134216308594
2019-04-03,57.51838684082031
2019-04-04,57.04813766479492
2019-04-05,57.71868133544922
2019-04-08,57.4487190246582
2019-04-09,56.647552490234375
2019-04-10,56.61272048950195
2019-04-11,56.77817153930664
2019-04-12,57.34421920776367
2019-04-15,56.91751480102539
2019-04-16,56.07279968261719
2019-04-17,55.7244758605957
2019-04-18,55.66351318359375
2019-04-22,55.027809143066406
2019-04-23,55.34130096435547
2019-04-24,55.036521911621094
2019-04-25,55.7244758605957
2019-04-26,56.116355895996094
2019-04-29,56.064090728759766
2019-04-30,55.863807678222656
2019-05-01,55.384849548339844
2019-05-02,55.53289031982422
2019-05-03,56.168601989746094
2019-05-06,55.733184814453125
2019-05-07,54.13084411621094
2019-05-08,53.590938568115234
2019-05-09,53.5386848449707
2019-05-10,53.71285629272461
2019-05-13,51.709938049316406
2019-05-14,52.13664627075195
2019-05-15,51.64027786254883
2019-05-16,51.614158630371094
2019-05-17,51.204856872558594
2019-05-20,50.23823928833008
2019-05-21,50.612693786621094
2019-05-22,50.351444244384766
2019-05-23,49.2193717956543
2019-05-24,49.33258056640625
2019-05-28,48.740413665771484
2019-05-29,48.226619720458984
2019-05-30,48.06987380981445
2019-05-31,47.89570999145508
2019-06-03,48.226619720458984
2019-06-04,49.262908935546875
2019-06-05,49.36740493774414
2019-06-06,49.315162658691406
2019-06-07,49.76799392700195
2019-06-10,49.82895278930664
2019-06-11,50.6823616027832
2019-06-12,50.97844314575195
2019-06-13,51.79702377319336
2019-06-14,51.675113677978516
2019-06-17,51.40971374511719
2019-06-18,52.24406433105469
2019-06-19,52.599098205566406
2019-06-20,52.847625732421875
2019-06-21,52.803245544433594
2019-06-24,52.01329040527344
2019-06-25,52.403831481933594
2019-06-26,52.386085510253906
2019-06-27,52.625736236572266
2019-06-28,53.220420837402344
2019-07-01,53.619842529296875
2019-07-02,53.806236267089844
2019-07-03,54.1346435546875
2019-07-05,54.10801696777344
2019-07-08,53.513328552246094
2019-07-09,52.261817932128906
2019-07-10,52.448211669921875
2019-07-11,51.98666000366211
2019-07-12,52.23518371582031
2019-07-15,51.88901901245117
2019-07-16,51.89789962768555
2019-07-17,51.391963958740234
2019-07-18,51.28544616699219
2019-07-19,51.23219299316406
2019-07-22,51.00141906738281
2019-07-23,52.01329040527344
2019-07-24,52.60798263549805
2019-07-25,52.03990936279297
2019-07-26,52.39495086669922
2019-07-29,51.977787017822266
2019-07-30,51.72925567626953
2019-07-31,51.04580307006836
2019-08-01,49.90079879760742
2019-08-02,49.08421325683594
2019-08-05,48.125606536865234
2019-08-06,47.79718017578125
2019-08-07,47.80607223510742
2019-08-08,48.20549011230469
2019-08-09,47.593048095703125
2019-08-12,47.71731185913086
2019-08-13,48.45401382446289
2019-08-14,47.02498245239258
2019-08-15,47.12261199951172
2019-08-16,48.240989685058594
2019-08-19,48.24987030029297
2019-08-20,48.06346893310547
2019-08-21,48.480648040771484
2019-08-22,48.29424285888672
2019-08-23,47.28238296508789
2019-08-26,47.53091049194336
2019-08-27,47.38890075683594
2019-08-28,47.814937591552734
2019-08-29,48.738040924072266
2019-08-30,49.33274841308594
2019-09-03,48.62266159057617
2019-09-04,49.27947998046875
2019-09-05,50.051692962646484
2019-09-06,50.48662185668945
2019-09-09,50.797271728515625
2019-09-10,51.738128662109375
2019-09-11,52.83875274658203
2019-09-12,52.732242584228516
2019-09-13,53.25592041015625
2019-09-16,53.20266342163086
2019-09-17,52.812129974365234
2019-09-18,52.732242584228516
2019-09-19,52.27068328857422
2019-09-20,51.82688903808594
2019-09-23,51.71150588989258
2019-09-24,51.40971374511719
2019-09-25,51.88901901245117
2019-09-26,51.738128662109375
2019-09-27,51.88014602661133
2019-09-30,52.04879379272461
2019-10-01,51.47184371948242
2019-10-02,50.6552619934082
2019-10-03,50.699642181396484
2019-10-04,51.134559631347656
2019-10-07,51.081302642822266
2019-10-08,50.52212142944336
2019-10-09,51.25882339477539
2019-10-10,51.915653228759766
2019-10-11,52.91864013671875
2019-10-14,52.90088653564453
2019-10-15,53.44232177734375
2019-10-16,53.717472076416016
2019-10-17,53.380184173583984
2019-10-18,54.276668548583984
2019-10-21,55.03112030029297
2019-10-22,55.368412017822266
2019-10-23,55.92759323120117
2019-10-24,55.776710510253906
2019-10-25,56.4512825012207
2019-10-28,56.71756362915039
2019-10-29,56.087364196777344
2019-10-30,56.59329605102539
2019-10-31,55.892086029052734
2019-11-01,57.02821731567383
2019-11-04,58.128849029541016
2019-11-05,58.111083984375
2019-11-06,57.720542907714844
2019-11-07,58.13771438598633
2019-11-08,57.827064514160156
2019-11-11,57.86256790161133
2019-11-12,57.78267288208008
2019-11-13,57.66728973388672
2019-11-14,57.578529357910156
2019-11-15,58.10221481323242
2019-11-18,58.19097900390625
2019-11-19,58.244232177734375
2019-11-20,57.720542907714844
2019-11-21,57.312255859375
2019-11-22,57.472015380859375
2019-11-25,57.809303283691406
2019-11-26,57.86256790161133
2019-11-27,58.22648239135742
2019-11-29,57.56966018676758
2019-12-02,57.56077194213867
2019-12-03,57.16136169433594
2019-12-04,57.711666107177734
2019-12-05,57.702789306640625
2019-12-06,58.350746154785156
2019-12-09,58.0844612121582
2019-12-10,57.711666107177734
2019-12-11,58.244232177734375
2019-12-12,58.6081428527832
2019-12-13,58.581512451171875
2019-12-16,59.28129959106445
2019-12-17,59.13903045654297
2019-12-18,59.076786041259766
2019-12-19,59.147918701171875
2019-12-20,59.66363525390625
2019-12-23,59.494693756103516
2019-12-24,59.370208740234375
2019-12-26,59.60139465332031
2019-12-27,59.5836296081543
2019-12-30,59.47691345214844
2019-12-31,59.5747184753418
2020-01-02,59.4146728515625
2020-01-03,58.92561721801758
2020-01-06,58.818931579589844
2020-01-07,58.792240142822266
2020-01-08,58.792240142822266
2020-01-09,58.74779510498047
2020-01-10,58.58773422241211
2020-01-13,59.130126953125
2020-01-14,58.881168365478516
2020-01-15,58.489925384521484
2020-01-16,58.845603942871094
2020-01-17,59.076786041259766
2020-01-21,58.46324920654297
2020-01-22,58.82781219482422
2020-01-23,58.59663009643555
2020-01-24,58.000892639160156
2020-01-27,56.21363830566406
2020-01-28,56.90719985961914
2020-01-29,56.613773345947266
2020-01-30,56.63154983520508
2020-01-31,55.52897644042969
2020-02-03,55.60900115966797
2020-02-04,56.38258743286133
2020-02-05,57.83194351196289
2020-02-06,57.191734313964844
2020-02-07,56.21363830566406
2020-02-10,56.34701156616211
2020-02-11,57.298439025878906
2020-02-12,58.33877182006836
2020-02-13,58.16094207763672
2020-02-14,57.88528823852539
2020-02-18,57.022796630859375
2020-02-19,57.245079040527344
2020-02-20,57.867515563964844
2020-02-21,57.867515563964844
2020-02-24,55.35114669799805
2020-02-25,53.590576171875
2020-02-26,53.58168029785156
2020-02-27,51.53657913208008
2020-02-28,51.06531524658203
2020-03-02,52.42576217651367
2020-03-03,51.936710357666016
2020-03-04,53.901790618896484
2020-03-05,51.96338653564453
2020-03-06,50.887481689453125
2020-03-09,46.432716369628906
2020-03-10,48.371116638183594
2020-03-11,44.743282318115234
2020-03-12,38.963645935058594
2020-03-13,43.64959716796875
2020-03-16,37.72769546508789
2020-03-17,40.457462310791016
2020-03-18,36.44728469848633
2020-03-19,38.367897033691406
2020-03-20,36.998573303222656
2020-03-23,35.46030044555664
2020-03-24,38.99032211303711
2020-03-25,40.93761444091797
2020-03-26,42.235816955566406
2020-03-27,41.06209945678711
2020-03-30,42.29805374145508
2020-03-31,42.78710174560547
2020-04-01,40.19071578979492
2020-04-02,41.00874328613281
2020-04-03,39.66609573364258
2020-04-06,42.37807846069336
2020-04-07,42.40475082397461
2020-04-08,44.31648635864258
2020-04-09,45.48130416870117
2020-04-13,44.69883346557617
2020-04-14,44.938907623291016
2020-04-15,43.213905334472656
2020-04-16,42.59148025512695
2020-04-17,44.1208610534668
2020-04-20,42.867122650146484
2020-04-21,42.3336181640625
2020-04-22,43.20500946044922
2020-04-23,43.24946594238281
2020-04-24,43.640708923339844
2020-04-27,44.84109115600586
2020-04-28,46.5305290222168
2020-04-29,48.086578369140625
2020-04-30,46.788387298583984
2020-05-01,44.583229064941406
2020-05-04,44.894439697265625
2020-05-05,44.30758285522461
2020-05-06,44.405399322509766
2020-05-07,45.18787384033203
2020-05-08,47.25965118408203
2020-05-11,46.52164077758789
2020-05-12,45.081172943115234
2020-05-13,43.97859573364258
2020-05-14,43.720741271972656
2020-05-15,43.15166091918945
2020-05-18,45.792510986328125
2020-05-19,45.4190559387207
2020-05-20,46.38825607299805
2020-05-21,46.31711959838867
2020-05-22,46.12150573730469
2020-05-26,47.65088653564453
2020-05-27,48.833492279052734
2020-05-28,48.35333251953125
2020-05-29,48.04212188720703
2020-06-01,48.69121551513672
2020-06-02,49.34031677246094
2020-06-03,50.30952835083008
2020-06-04,50.79856491088867
2020-06-05,51.589935302734375
2020-06-08,52.76364517211914
2020-06-09,51.80333709716797
2020-06-10,50.74522018432617
2020-06-11,47.224082946777344
2020-06-12,48.43335723876953
2020-06-15,49.02804946899414
2020-06-16,50.07749557495117
2020-06-17,49.96088790893555
2020-06-18,49.8532600402832
2020-06-19,50.373497009277344
2020-06-22,50.678466796875
2020-06-23,50.76815414428711
2020-06-24,49.593135833740234
2020-06-25,49.001136779785156
2020-06-26,48.516780853271484
2020-06-29,49.30611038208008
2020-06-30,49.74561309814453
2020-07-01,49.62004089355469
2020-07-02,49.86222457885742
2020-07-06,50.16719055175781
2020-07-07,49.44064712524414
2020-07-08,49.95192337036133
2020-07-09,49.31508255004883
2020-07-10,50.6425895690918
2020-07-13,50.25688934326172
2020-07-14,51.656158447265625
2020-07-15,52.23918533325195
2020-07-16,52.490325927734375
2020-07-17,53.279659271240234
2020-07-20,53.51286315917969
2020-07-21,53.360389709472656
2020-07-22,53.566688537597656
2020-07-23,53.710205078125
2020-07-24,53.92546844482422
2020-07-27,55.16328048706055
2020-07-28,54.786556243896484
2020-07-29,55.6745491027832
2020-07-30,54.95697784423828
2020-07-31,53.575653076171875
2020-08-03,54.3649787902832
2020-08-04,54.49952697753906
2020-08-05,55.45030975341797
2020-08-06,55.432369232177734
2020-08-07,55.70145797729492
2020-08-10,55.8270378112793
2020-08-11,55.81806564331055
2020-08-12,56.74193572998047
2020-08-13,56.930301666259766
2020-08-14,57.29805374145508
2020-08-17,58.30265426635742
2020-08-18,58.33853530883789
2020-08-19,58.473079681396484
2020-08-20,58.29368591308594
2020-08-21,58.40132141113281
2020-08-24,59.26240921020508
2020-08-25,58.993316650390625
2020-08-26,59.504581451416016
2020-08-27,59.42386245727539
2020-08-28,59.89924240112305
2020-08-31,59.08301544189453
2020-09-01,59.94409942626953
2020-09-02,60.39258575439453
2020-09-03,58.787010192871094
2020-09-04,59.05609893798828
2020-09-08,57.44157028198242
2020-09-09,58.571746826171875
2020-09-10,57.89005661010742
2020-09-11,58.17707824707031
2020-09-14,59.6212043762207
2020-09-15,60.00688934326172
2020-09-16,60.195255279541016
2020-09-17,60.607852935791016
2020-09-18,59.92616271972656
2020-09-21,57.84519958496094
2020-09-22,57.692718505859375
2020-09-23,56.47284698486328
2020-09-24,56.616363525390625
2020-09-25,57.1186637878418
2020-09-28,58.311622619628906
2020-09-29,58.30265426635742
2020-09-30,57.98871994018555
2020-10-01,58.86774444580078
2020-10-02,59.1368293762207
2020-10-05,60.37464141845703
2020-10-06,59.51355743408203
2020-10-07,60.527137756347656
2020-10-08,60.50020980834961
2020-10-09,60.58991622924805
2020-10-12,61.253665924072266
2020-10-13,60.30289077758789
2020-10-14,60.2042236328125
2020-10-15,59.89027786254883
2020-10-16,60.11450958251953
2020-10-19,59.9979133605957
2020-10-20,60.58094787597656
2020-10-21,60.88591384887695
2020-10-22,60.518150329589844
2020-10-23,60.527137756347656
2020-10-26,59.02919006347656
2020-10-27,58.150169372558594
2020-10-28,56.56255340576172
2020-10-29,57.38774871826172
2020-10-30,56.750911712646484
2020-11-02,57.65684127807617
2020-11-03,59.27138137817383
2020-11-04,59.352115631103516
2020-11-05,60.56300735473633
2020-11-06,60.939727783203125
2020-11-09,60.74238967895508
2020-11-10,61.5496711730957
2020-11-11,61.99814224243164
2020-11-12,60.56300735473633
2020-11-13,62.23134994506836
2020-11-16,63.59474182128906
2020-11-17,63.69340896606445
2020-11-18,63.91765213012695
2020-11-19,63.630615234375
2020-11-20,63.585777282714844
2020-11-23,64.19571685791016
2020-11-24,65.23619079589844
2020-11-25,64.93122100830078
2020-11-27,65.26309967041016
2020-11-30,64.65316009521484
2020-12-01,66.50090789794922
2020-12-02,65.84612274169922
2020-12-03,66.02552032470703
2020-12-04,66.90452575683594
2020-12-07,66.87762451171875
2020-12-08,67.79254150390625
2020-12-09,68.68949890136719
2020-12-10,68.88683319091797
2020-12-11,68.98550415039062
2020-12-14,69.45380401611328
2020-12-15,71.0118408203125
2020-12-16,71.47113037109375
2020-12-17,72.23663330078125
2020-12-18,71.81336212158203
2020-12-21,70.71463012695312
2020-12-22,70.93077087402344
2020-12-23,71.14692687988281
2020-12-24,71.27300262451172
2020-12-28,71.6512451171875
2020-12-29,71.58821868896484
2020-12-30,72.08354187011719
2020-12-31,71.7052993774414
2021-01-04,71.32704162597656
2021-01-05,71.74132537841797
2021-01-06,73.3443603515625
2021-01-07,74.49713897705078
2021-01-08,74.5511703491211
2021-01-11,73.56951904296875
2021-01-12,73.80367279052734
2021-01-13,73.1372299194336
2021-01-14,73.29933166503906
2021-01-15,72.3086929321289
2021-01-19,72.80402374267578
2021-01-20,73.9117431640625
2021-01-21,74.92941284179688
2021-01-22,74.54215240478516
2021-01-25,73.84870147705078
2021-01-26,74.35302734375
2021-01-27,71.68728637695312
2021-01-28,72.68693542480469
2021-01-29,71.32704162597656
2021-02-01,72.94811248779297
2021-02-02,73.35336303710938
2021-02-03,73.94776916503906
2021-02-04,73.94776916503906
2021-02-05,74.85736846923828
2021-02-08,75.65888977050781
2021-02-09,75.38871765136719
2021-02-10,76.28030395507812
2021-02-11,77.24394989013672
2021-02-12,78.29764556884766
2021-02-16,78.36067962646484
2021-02-17,76.90171813964844
2021-02-18,76.23528289794922
2021-02-19,77.51412200927734
2021-02-22,77.45108032226562
2021-02-23,76.90171813964844
2021-02-24,77.8293228149414
2021-02-25,76.21726989746094
2021-02-26,74.92041778564453
2021-03-01,76.694580078125
2021-03-02,75.50579833984375
2021-03-03,76.37037658691406
2021-03-04,75.10953521728516
2021-03-05,76.15422058105469
2021-03-08,76.36135864257812
2021-03-09,77.30699157714844
2021-03-10,77.4690933227539
2021-03-11,78.06348419189453
2021-03-12,78.19857788085938
2021-03-15,77.47810363769531
2021-03-16,77.91938781738281
2021-03-17,77.9914321899414
2021-03-18,77.2169189453125
2021-03-19,76.937744140625
2021-03-22,76.87469482421875
2021-03-23,75.3346939086914
2021-03-24,74.83035278320312
2021-03-25,76.3253402709961
2021-03-26,77.70323181152344
2021-03-29,76.97377014160156
2021-03-30,77.31599426269531
2021-03-31,76.78463745117188
2021-04-01,78.33366394042969
2021-04-05,79.6395263671875
2021-04-06,79.73859405517578
2021-04-07,80.21590423583984
2021-04-08,81.18854522705078
2021-04-09,81.5397720336914
2021-04-12,81.4136962890625
2021-04-13,81.4227066040039
2021-04-14,81.6208267211914
2021-04-15,82.89966583251953
2021-04-16,84.68284606933594
2021-04-19,84.65582275390625
2021-04-20,83.60212707519531
2021-04-21,83.12483215332031
2021-04-22,82.17019653320312
2021-04-23,83.23289489746094
2021-04-26,84.10648345947266
2021-04-27,84.16951751708984
2021-04-28,84.0434341430664
2021-04-29,84.25057220458984
2021-04-30,82.64750671386719
2021-05-03,83.89031982421875
2021-05-04,84.47572326660156
2021-05-05,85.28623962402344
2021-05-06,86.12379455566406
2021-05-07,87.13246154785156
2021-05-10,87.70884704589844
2021-05-11,86.45702362060547
2021-05-12,83.58411407470703
2021-05-13,84.4487075805664
2021-05-14,84.68284606933594
2021-05-17,84.23255157470703
2021-05-18,83.6741943359375
2021-05-19,82.36832427978516
2021-05-20,82.9086685180664
2021-05-21,82.4673843383789
2021-05-24,83.05278778076172
2021-05-25,82.59346771240234
2021-05-26,82.1071548461914
2021-05-27,82.77359008789062
2021-05-28,82.3863296508789
2021-06-01,82.91769409179688
2021-06-02,82.1071548461914
2021-06-03,80.81930541992188
2021-06-04,81.13450622558594
2021-06-07,80.33296966552734
2021-06-08,80.04478454589844
2021-06-09,80.33296966552734
2021-06-10,79.8901138305664
2021-06-11,80.25386047363281
2021-06-14,79.61730194091797
2021-06-15,79.20807647705078
2021-06-16,79.2535400390625
2021-06-17,77.69847106933594
2021-06-18,76.52536010742188
2021-06-21,78.30777740478516
2021-06-22,78.55329132080078
2021-06-23,77.91673278808594
2021-06-24,78.84429931640625
2021-06-25,78.56238555908203
2021-06-28,78.3259506225586
2021-06-29,78.40780639648438
2021-06-30,78.94434356689453
2021-07-01,79.36265563964844
2021-07-02,79.63548278808594
2021-07-06,78.68061828613281
2021-07-07,80.45393371582031
2021-07-08,80.00833129882812
2021-07-09,81.58159637451172
2021-07-12,81.34513854980469
2021-07-13,80.24476623535156
2021-07-14,80.55396270751953
2021-07-15,79.38995361328125
2021-07-16,78.07133483886719
2021-07-19,76.13432312011719
2021-07-20,77.50751495361328
2021-07-21,78.58058166503906
2021-07-22,78.76245880126953
2021-07-23,79.54454803466797
2021-07-26,79.98103332519531
2021-07-27,80.07199096679688
2021-07-28,79.8991928100586
2021-07-29,80.66310119628906
2021-07-30,79.68095397949219
2021-08-02,79.68095397949219
2021-08-03,80.12655639648438
2021-08-04,79.88101196289062
2021-08-05,79.67184448242188
2021-08-06,79.37175750732422
2021-08-09,79.3262939453125
2021-08-10,80.29932403564453
2021-08-11,81.28147888183594
2021-08-12,80.76313018798828
2021-08-13,81.29057312011719
2021-08-16,80.44483947753906
2021-08-17,79.28081512451172
2021-08-18,78.82611846923828
2021-08-19,77.81669616699219
2021-08-20,78.18045043945312
2021-08-23,79.34446716308594
2021-08-24,80.04470825195312
2021-08-25,80.89044189453125
2021-08-26,79.88101196289062
2021-08-27,81.4087905883789
2021-08-30,81.6634292602539
2021-08-31,81.47244262695312
2021-09-01,81.75436401367188
2021-09-02,82.2363510131836
2021-09-03,83.6822738647461
2021-09-07,82.75469207763672
2021-09-08,82.0362777709961
2021-09-09,81.6725082397461
2021-09-10,81.4087905883789
2021-09-13,80.16293334960938
2021-09-14,79.10802459716797
2021-09-15,79.9173812866211
2021-09-16,79.79007720947266
2021-09-17,78.67151641845703
2021-09-20,76.85274505615234
2021-09-21,77.57115936279297
2021-09-22,78.93524932861328
2021-09-23,80.13565063476562
2021-09-24,79.60819244384766
2021-09-27,79.58092498779297
2021-09-28,77.8803482055664
2021-09-29,77.97128295898438
2021-09-30,77.29833984375
2021-10-01,77.27106475830078
2021-10-04,77.07098388671875
2021-10-05,77.20740509033203
2021-10-06,77.0255126953125
2021-10-07,77.63481140136719
2021-10-08,77.27106475830078
2021-10-11,78.06224060058594
2021-10-12,78.29866790771484
2021-10-13,79.2353515625
2021-10-14,79.57182312011719
2021-10-15,78.95342254638672
2021-10-18,78.0440444946289
2021-10-19,77.63481140136719
2021-10-20,78.48054504394531
2021-10-21,77.21649169921875
2021-10-22,78.82611846923828
2021-10-25,78.93524932861328
2021-10-26,78.28956604003906
2021-10-27,76.70723724365234
2021-10-28,77.62571716308594
2021-10-29,76.58902740478516
2021-11-01,77.68028259277344
2021-11-02,76.35257720947266
2021-11-03,78.57148742675781
2021-11-04,78.50782775878906
2021-11-05,78.64424896240234
2021-11-08,78.1713638305664
2021-11-09,78.16226196289062
2021-11-10,77.28923797607422
2021-11-11,78.26228332519531
2021-11-12,78.8897705078125
2021-11-15,79.08074951171875
2021-11-16,79.37175750732422
2021-11-17,79.39903259277344
2021-11-18,79.58092498779297
2021-11-19,78.90796661376953
2021-11-22,79.2171630859375
2021-11-23,79.38085174560547
2021-11-24,79.18077850341797
2021-11-26,77.95310974121094
2021-11-29,77.97128295898438
2021-11-30,76.90729522705078
2021-12-01,77.46202850341797
2021-12-02,79.12621307373047
2021-12-03,78.64424896240234
2021-12-06,80.09927368164062
2021-12-07,81.19963073730469
2021-12-08,81.31785583496094
2021-12-09,80.86315155029297
2021-12-10,81.10869598388672
2021-12-13,80.75748443603516
2021-12-14,79.44391632080078
2021-12-15,80.27403259277344
2021-12-16,80.88520812988281
2021-12-17,80.4747085571289
2021-12-20,78.42224884033203
2021-12-21,79.10639953613281
2021-12-22,80.264892578125
2021-12-23,80.7301254272461
2021-12-27,81.53286743164062
2021-12-28,82.32649993896484
2021-12-29,83.6856689453125
2021-12-30,83.59444427490234
2021-12-31,83.91372680664062
2022-01-03,83.40289306640625
2022-01-04,83.55795288085938
2022-01-05,82.7825927734375
2022-01-06,83.14747619628906
2022-01-07,83.74040985107422
2022-01-10,82.70960998535156
2022-01-11,84.223876953125
2022-01-12,85.74725341796875
2022-01-13,86.21248626708984
2022-01-14,84.87153625488281
2022-01-18,82.98326873779297
2022-01-19,83.66744232177734
2022-01-20,81.99809265136719
2022-01-21,79.8726577758789
2022-01-24,79.83615112304688
2022-01-25,79.86354064941406
2022-01-26,79.17937469482422
2022-01-27,79.0881576538086
2022-01-28,80.31050872802734
2022-01-31,81.642333984375
2022-02-01,82.47244262695312
2022-02-02,82.95590209960938
2022-02-03,82.76434326171875
2022-02-04,82.30825805664062
2022-02-07,82.54541778564453
2022-02-08,84.00493621826172
2022-02-09,85.71989440917969
2022-02-10,84.23297882080078
2022-02-11,83.54883575439453
2022-02-14,82.94678497314453
2022-02-15,84.53401947021484
2022-02-16,84.9627685546875
2022-02-17,83.88636016845703
2022-02-18,83.70391845703125
2022-02-22,82.02546691894531
2022-02-23,80.4747085571289
2022-02-24,79.43479919433594
2022-02-25,82.16228485107422
2022-02-28,80.41998291015625
2022-03-01,78.860107421875
2022-03-02,80.10983276367188
2022-03-03,79.02429962158203
2022-03-04,77.81107330322266
2022-03-07,76.24207305908203
2022-03-08,75.81333923339844
2022-03-09,78.01174926757812
2022-03-10,80.05509185791016
2022-03-11,80.02772521972656
2022-03-14,80.71188354492188
2022-03-15,80.69364166259766
2022-03-16,83.32078552246094
2022-03-17,84.10527801513672
2022-03-18,84.825927734375
2022-03-21,83.30254364013672
2022-03-22,83.37552642822266
2022-03-23,82.64575958251953
2022-03-24,82.6822509765625
2022-03-25,82.46331787109375
2022-03-28,82.37210083007812
2022-03-29,83.37552642822266
2022-03-30,82.8190689086914
2022-03-31,81.4781265258789
2022-04-01,81.44163513183594
2022-04-04,81.5693588256836
2022-04-05,81.04939270019531
2022-04-06,79.89090728759766
2022-04-07,80.09159088134766
2022-04-08,80.87608337402344
2022-04-11,80.77574157714844
2022-04-12,80.71188354492188
2022-04-13,82.29000091552734
2022-04-14,82.445068359375
2022-04-18,81.80653381347656
2022-04-19,83.35728454589844
2022-04-20,85.66515350341797
2022-04-21,84.67086029052734
2022-04-22,83.21131896972656
2022-04-25,81.82476806640625
2022-04-26,80.14630889892578
2022-04-27,81.44163513183594
2022-04-28,82.37210083007812
2022-04-29,82.18052673339844
2022-05-02,81.11325073242188
2022-05-03,82.56366729736328
2022-05-04,84.63436126708984
2022-05-05,82.01634979248047
2022-05-06,80.81221771240234
2022-05-09,78.63204956054688
2022-05-10,78.13947296142578
2022-05-11,77.40057373046875
2022-05-12,76.32418060302734
2022-05-13,77.54653930664062
2022-05-16,77.7198486328125
2022-05-17,80.44734191894531
2022-05-18,77.74723052978516
2022-05-19,78.08472442626953
2022-05-20,77.74723052978516
2022-05-23,79.14289093017578
2022-05-24,78.86922454833984
2022-05-25,79.9273910522461
2022-05-26,81.15886688232422
2022-05-27,82.02546691894531
2022-05-31,81.17710876464844
2022-06-01,80.06422424316406
2022-06-02,81.28658294677734
2022-06-03,80.94904327392578
2022-06-06,81.2136001586914
2022-06-07,81.67881774902344
2022-06-08,79.94562530517578
2022-06-09,77.57041931152344
2022-06-10,75.49977111816406
2022-06-13,72.07345581054688
2022-06-14,71.13562774658203
2022-06-15,72.41700744628906
2022-06-16,69.81710815429688
2022-06-17,69.64995574951172
2022-06-21,70.43921661376953
2022-06-22,69.40853881835938
2022-06-23,68.24786376953125
2022-06-24,70.4020767211914
2022-06-27,70.27207946777344
2022-06-28,69.72423553466797
2022-06-29,69.38996887207031
2022-06-30,69.09283447265625
2022-07-01,69.45496368408203
2022-07-05,68.05287170410156
2022-07-06,68.39642333984375
2022-07-07,69.7520980834961
2022-07-08,69.73353576660156
2022-07-11,68.58212280273438
2022-07-12,68.99069213867188
2022-07-13,68.35928344726562
2022-07-14,67.20787811279297
2022-07-15,68.01571655273438
2022-07-18,68.24786376953125
2022-07-19,71.4234619140625
2022-07-20,72.24059295654297
2022-07-21,72.33344268798828
2022-07-22,71.0056381225586
2022-07-25,71.3863296508789
2022-07-26,70.00279998779297
2022-07-27,72.24059295654297
2022-07-28,72.86271667480469
2022-07-29,73.5498275756836
2022-08-01,73.71697235107422
2022-08-02,72.42630004882812
2022-08-03,72.78841400146484
2022-08-04,72.10131072998047
2022-08-05,71.70204162597656
2022-08-08,72.74199676513672
2022-08-09,72.31486511230469
2022-08-10,74.56195068359375
2022-08-11,74.57122039794922
2022-08-12,76.05689239501953
2022-08-15,75.24906158447266
2022-08-16,75.66690826416016
2022-08-17,74.7847900390625
2022-08-18,75.0540771484375
2022-08-19,74.49694061279297
2022-08-22,73.05770111083984
2022-08-23,73.5312728881836
2022-08-24,73.47554779052734
2022-08-25,74.54336547851562
2022-08-26,72.5191421508789
2022-08-29,72.2777328491211
2022-08-30,71.3863296508789
2022-08-31,71.23776245117188
2022-09-01,69.96565246582031
2022-09-02,69.02782440185547
2022-09-06,68.3221435546875
2022-09-07,68.94425201416016
2022-09-08,68.57283782958984
2022-09-09,70.23493194580078
2022-09-12,71.5348892211914
2022-09-13,69.10211181640625
2022-09-14,68.47998809814453
2022-09-15,67.47716522216797
2022-09-16,66.23292541503906
2022-09-19,67.38431549072266
2022-09-20,64.61724090576172
2022-09-21,63.623714447021484
2022-09-22,63.28944778442383
2022-09-23,61.079505920410156
2022-09-26,59.733123779296875
2022-09-27,59.7795524597168
2022-09-28,61.395206451416016
2022-09-29,60.067405700683594
2022-09-30,60.75452423095703
2022-10-03,62.648738861083984
2022-10-04,64.50582885742188
2022-10-05,63.74443817138672
2022-10-06,62.68588638305664
2022-10-07,61.6087760925293
2022-10-10,62.67660140991211
2022-10-11,62.639461517333984
2022-10-12,62.46303939819336
2022-10-13,63.939422607421875
2022-10-14,62.853023529052734
2022-10-17,64.82154083251953
2022-10-18,65.11865997314453
2022-10-19,63.89298629760742
2022-10-20,63.65156936645508
2022-10-21,64.97940063476562
2022-10-24,64.88652038574219
2022-10-25,66.08434295654297
2022-10-26,66.2514877319336
2022-10-27,66.04720306396484
2022-10-28,66.42790985107422
2022-10-31,65.36009216308594
2022-11-01,65.62935638427734
2022-11-02,63.911582946777344
2022-11-03,64.5151138305664
2022-11-04,66.79004669189453
2022-11-07,67.71858978271484
2022-11-08,68.05287170410156
2022-11-09,66.79933166503906
2022-11-10,70.07708740234375
2022-11-11,71.35846710205078
2022-11-14,70.65277862548828
2022-11-15,70.90348815917969
2022-11-16,70.46707153320312
2022-11-17,69.76139068603516
2022-11-18,70.0399398803711
2022-11-21,69.83566284179688
2022-11-22,70.74564361572266
2022-11-23,71.06134033203125
2022-11-25,71.07991027832031
2022-11-28,69.23210906982422
2022-11-29,69.87281036376953
2022-11-30,70.5413589477539
2022-12-01,71.40489959716797
2022-12-02,71.09848022460938
2022-12-05,70.1513671875
2022-12-06,69.61280822753906
2022-12-07,69.95635986328125
2022-12-08,70.28135681152344
2022-12-09,70.86634063720703
2022-12-12,70.78277587890625
2022-12-13,71.0998306274414
2022-12-14,71.0440444946289
2022-12-15,68.77539825439453
2022-12-16,67.95719909667969
2022-12-19,67.56668853759766
2022-12-20,67.90140533447266
2022-12-21,68.1710433959961
2022-12-22,67.52019500732422
2022-12-23,67.71544647216797
2022-12-27,67.83631896972656
2022-12-28,67.4272232055664
2022-12-29,68.14315032958984
2022-12-30,67.64106750488281
2023-01-03,67.8735122680664
2023-01-04,68.81258392333984
2023-01-05,68.31050872802734
2023-01-06,70.12356567382812
2023-01-09,70.50477600097656
2023-01-10,69.83533477783203
2023-01-11,70.14215087890625
2023-01-12,71.16490936279297
2023-01-13,70.84880065917969
2023-01-17,70.59774780273438
2023-01-18,70.19794464111328
2023-01-19,69.89112091064453
2023-01-20,70.49547576904297
2023-01-23,71.13702392578125
2023-01-24,71.2764892578125
2023-01-25,71.35086822509766
2023-01-26,72.81062316894531
2023-01-27,72.49449157714844
2023-01-30,71.53682708740234
2023-01-31,72.93148803710938
2023-02-01,73.81475830078125
2023-02-02,74.33544158935547
2023-02-03,73.41496276855469
2023-02-06,72.13188171386719
2023-02-07,72.56886291503906
2023-02-08,71.22068786621094
2023-02-09,71.08123779296875
2023-02-10,70.08636474609375
2023-02-13,71.36946868896484
2023-02-14,71.2114028930664
2023-02-15,70.69072723388672
2023-02-16,70.0027084350586
2023-02-17,69.65868377685547
2023-02-21,68.36628723144531
2023-02-22,68.28262329101562
2023-02-23,68.31050872802734
2023-02-24,67.4923095703125
2023-02-27,68.24542236328125
2023-02-28,68.48716735839844
2023-03-01,69.22167205810547
2023-03-02,69.47273254394531
2023-03-03,70.09566497802734
2023-03-06,69.0543212890625
2023-03-07,67.79912567138672
2023-03-08,68.80329895019531
2023-03-09,67.78983306884766
2023-03-10,66.78567504882812
2023-03-13,66.22782135009766
2023-03-14,66.20922088623047
2023-03-15,65.0934829711914
2023-03-16,65.64205932617188
2023-03-17,64.60071563720703
2023-03-20,65.47469329833984
2023-03-21,66.15343475341797
2023-03-22,65.01910400390625
2023-03-23,64.75877380371094
2023-03-24,64.93541717529297
2023-03-27,64.89824676513672
2023-03-28,65.02841186523438
2023-03-29,65.52117919921875
2023-03-30,66.08834075927734
2023-03-31,66.56253051757812
2023-04-03,66.8693618774414
2023-04-04,66.57182312011719
2023-04-05,65.83729553222656
2023-04-06,66.09764099121094
2023-04-10,66.32079315185547
2023-04-11,67.60387420654297
2023-04-12,67.28775024414062
2023-04-13,67.85491943359375
2023-04-14,67.12969207763672
2023-04-17,67.52949523925781
2023-04-18,67.50159454345703
2023-04-19,67.30635070800781
2023-04-20,66.71128845214844
2023-04-21,66.42306518554688
2023-04-24,66.42306518554688
2023-04-25,64.78665924072266
2023-04-26,64.29389190673828
2023-04-27,64.62860870361328
2023-04-28,65.9395751953125
2023-05-01,65.84661102294922
2023-05-02,65.325927734375
2023-05-03,66.10694122314453
2023-05-04,65.76293182373047
2023-05-05,67.24125671386719
2023-05-08,67.5945816040039
2023-05-09,67.20407104492188
2023-05-10,67.19477844238281
2023-05-11,67.21337127685547
2023-05-12,66.74848937988281
2023-05-15,67.43651580810547
2023-05-16,66.76708221435547
2023-05-17,66.93444061279297
2023-05-18,66.8693618774414
2023-05-19,67.25985717773438
2023-05-22,67.04601287841797
2023-05-23,67.4272232055664
2023-05-24,66.16272735595703
2023-05-25,65.30733489990234
2023-05-26,65.89309692382812
2023-05-30,65.41890716552734
2023-05-31,64.57281494140625
2023-06-01,64.8889389038086
2023-06-02,66.78567504882812
2023-06-05,66.72059631347656
2023-06-06,67.6503677368164
2023-06-07,67.52345275878906
2023-06-08,68.2432861328125
2023-06-09,67.79812622070312
2023-06-12,68.03491973876953
2023-06-13,68.72635650634766
2023-06-14,69.057861328125
2023-06-15,69.55986022949219
2023-06-16,69.2851791381836
2023-06-20,68.50849914550781
2023-06-21,67.49504089355469
2023-06-22,67.0214614868164
2023-06-23,66.178466796875
2023-06-26,66.52892303466797
2023-06-27,66.86990356445312
2023-06-28,67.32453918457031
2023-06-29,67.07827758789062
2023-06-30,67.90231323242188
2023-07-03,68.32853698730469
2023-07-05,67.64657592773438
2023-07-06,66.58575439453125
2023-07-07,67.84547424316406
2023-07-10,68.18646240234375
2023-07-11,68.75476837158203
2023-07-12,70.1281509399414
2023-07-13,70.86693572998047
2023-07-14,70.29864501953125
2023-07-17,70.23233795166016
2023-07-18,70.81011199951172
2023-07-19,70.51648712158203
2023-07-20,70.31758880615234
2023-07-21,69.2378158569336
2023-07-24,69.93871307373047
2023-07-25,71.32159423828125
2023-07-26,71.88041687011719
2023-07-27,71.83305358886719
2023-07-28,71.83305358886719
2023-07-31,72.27821350097656
2023-08-01,71.5678482055664
2023-08-02,70.24181365966797
2023-08-03,70.29864501953125
2023-08-04,70.82905578613281
2023-08-07,71.08479309082031
2023-08-08,70.37442016601562
2023-08-09,70.31758880615234
2023-08-10,70.09973907470703
2023-08-11,69.86295318603516
2023-08-14,69.84400177001953
2023-08-15,68.85895538330078
2023-08-16,68.7358169555664
2023-08-17,68.4800796508789
2023-08-18,68.32853698730469
2023-08-21,68.15805053710938
2023-08-22,68.66004943847656
2023-08-23,69.12416076660156
2023-08-24,68.3380126953125
2023-08-25,69.08627319335938
2023-08-28,69.71139526367188
2023-08-29,70.86693572998047
2023-08-30,71.21739959716797
2023-08-31,70.6585693359375
2023-09-01,70.90482330322266
2023-09-05,69.78717803955078
2023-09-06,69.20939636230469
2023-09-07,68.83053588867188
2023-09-08,68.36642456054688
2023-09-11,69.47460174560547
2023-09-12,69.00102233886719
2023-09-13,68.98208618164062
2023-09-14,70.6585693359375
2023-09-15,71.01849365234375
2023-09-18,70.97113037109375
2023-09-19,71.21739959716797
2023-09-20,70.6775131225586
2023-09-21,70.30811309814453
2023-09-22,69.68299102783203
2023-09-25,70.04290008544922
2023-09-26,69.71139526367188
2023-09-27,69.057861328125
2023-09-28,69.76823425292969
2023-09-29,70.10920715332031
2023-10-02,68.61268615722656
2023-10-03,67.5044937133789
2023-10-04,68.3380126953125
2023-10-05,68.3569564819336
2023-10-06,69.19046783447266
2023-10-09,69.36094665527344
2023-10-10,70.11868286132812
2023-10-11,70.79116821289062
2023-10-12,69.61669921875
2023-10-13,69.69245910644531
2023-10-16,70.57331848144531
2023-10-17,70.27969360351562
2023-10-18,68.69793701171875
2023-10-19,67.72235107421875
2023-10-20,66.41526794433594
2023-10-23,65.65753173828125
2023-10-24,66.50050354003906
2023-10-25,65.90380096435547
2023-10-26,66.44367980957031
2023-10-27,66.33949279785156
2023-10-30,66.78465270996094
2023-10-31,67.00251007080078
2023-11-01,67.23929595947266
2023-11-02,69.07678985595703
2023-11-03,70.6775131225586
2023-11-06,71.00901794433594
2023-11-07,70.24181365966797
2023-11-08,69.86295318603516
2023-11-09,69.58827209472656
2023-11-10,70.09027862548828
2023-11-13,69.77770233154297
2023-11-14,72.09825897216797
2023-11-15,72.85598754882812
2023-11-16,71.92776489257812
2023-11-17,72.69497680664062
2023-11-20,72.37294006347656
2023-11-21,72.02249145507812
2023-11-22,72.11720275878906
2023-11-24,72.20244598388672
2023-11-27,72.13614654541016
2023-11-28,72.62867736816406
2023-11-29,73.32957458496094
2023-11-30,72.83704376220703
2023-12-01,73.8884048461914
2023-12-04,73.23485565185547
2023-12-05,72.42976379394531
2023-12-06,72.59078216552734
2023-12-07,72.97913360595703
2023-12-08,72.84652709960938
2023-12-11,73.07383728027344
2023-12-12,71.9845962524414
2023-12-13,73.68949127197266
2023-12-14,75.62171936035156
2023-12-15,74.93975067138672
2023-12-18,74.95870208740234
2023-12-19,76.72042846679688
2023-12-20,75.71643829345703
2023-12-21,76.60677337646484
2023-12-22,76.9666976928711
2023-12-26,77.34556579589844
2023-12-27,77.6202392578125
2023-12-28,77.34556579589844
2023-12-29,77.00457763671875
2024-01-02,76.4173355102539
2024-01-03,74.13465881347656
2024-01-04,75.74484252929688
2024-01-05,75.87744903564453
2024-01-08,76.9666976928711
2024-01-09,75.88693237304688
2024-01-10,75.42280578613281
2024-01-11,75.36597442626953
2024-01-12,75.50806427001953
2024-01-16,74.21990966796875
2024-01-17,73.20643615722656
2024-01-18,73.04544067382812
2024-01-19,72.98859405517578
2024-01-22,72.79915618896484
2024-01-23,73.05489349365234
2024-01-24,72.92228698730469
2024-01-25,73.54742431640625
2024-01-26,73.97364044189453
2024-01-29,73.6705551147461
2024-01-30,73.08331298828125
2024-01-31,72.13614654541016
2024-02-01,71.9751205444336
2024-02-02,71.3121109008789
2024-02-05,70.52596282958984
2024-02-06,71.03742980957031
2024-02-07,71.59626007080078
2024-02-08,71.5583724975586
2024-02-09,71.88041687011719
2024-02-12,72.52448272705078
2024-02-13,70.50701904296875
2024-02-14,70.75328063964844
2024-02-15,72.15509796142578
2024-02-16,72.57184600830078
2024-02-20,72.68550109863281
2024-02-21,72.96965026855469
2024-02-22,73.17803955078125
2024-02-23,72.82757568359375
2024-02-26,72.58130645751953
2024-02-27,73.98312377929688
2024-02-28,75.0250015258789
2024-02-29,75.06289672851562
2024-03-01,75.54594421386719
2024-03-04,75.5743637084961
2024-03-05,74.75032806396484
2024-03-06,74.97765350341797
2024-03-07,75.81114959716797
2024-03-08,75.91534423828125
2024-03-11,76.49311828613281
2024-03-12,76.72042846679688
2024-03-13,76.69200897216797
2024-03-14,75.95323181152344
2024-03-15,76.52152252197266
2024-03-18,75.93428039550781
2024-03-19,77.36450958251953
2024-03-20,78.70948028564453
2024-03-21,79.45773315429688
2024-03-22,79.26831817626953
2024-03-25,79.41036987304688
2024-03-26,79.6187515258789
2024-03-27,80.3386001586914
2024-03-28,79.9218521118164
2024-04-01,79.59980773925781
2024-04-02,79.45773315429688
2024-04-03,79.48615264892578
2024-04-04,79.27777099609375
2024-04-05,79.37249755859375
2024-04-08,79.58086395263672
2024-04-09,79.9123764038086
2024-04-10,78.83260345458984
2024-04-11,78.88943481445312
2024-04-12,77.05194091796875
2024-04-15,76.29420471191406
2024-04-16,75.52699279785156
2024-04-17,74.36197662353516
2024-04-18,74.41881561279297
2024-04-19,75.25231170654297
2024-04-22,75.40386199951172
2024-04-23,75.3470458984375
2024-04-24,75.2712631225586
2024-04-25,75.21444702148438
2024-04-26,74.93029022216797
2024-04-29,75.81114959716797
2024-04-30,74.93975067138672
2024-05-01,75.12918853759766
2024-05-02,77.411865234375
2024-05-03,77.57288360595703
2024-05-06,78.0559310913086
2024-05-07,77.66758728027344
2024-05-08,78.01805114746094
2024-05-09,78.45374298095703
2024-05-10,78.32113647460938
2024-05-13,78.53898620605469
2024-05-14,79.32513427734375
2024-05-15,79.85554504394531
2024-05-16,79.98814392089844
2024-05-17,79.96920776367188
2024-05-20,80.41437530517578
2024-05-21,80.44279479980469
2024-05-22,79.5051040649414
2024-05-23,78.90837860107422
2024-05-24,79.77030944824219
2024-05-28,79.30619049072266
2024-05-29,77.89490509033203
2024-05-30,78.43479919433594
2024-05-31,78.67159271240234
2024-06-03,78.77578735351562
2024-06-04,77.95174407958984
2024-06-05,77.67706298828125
2024-06-06,77.92332458496094
2024-06-07,76.8340835571289
2024-06-10,76.8340835571289
2024-06-11,76.29340362548828
2024-06-12,75.97591400146484
2024-06-13,76.33187866210938
2024-06-14,75.98552703857422
2024-06-17,75.73538970947266
2024-06-18,76.1202163696289
2024-06-20,76.16831970214844
2024-06-21,75.79310607910156
2024-06-24,76.0528793334961
2024-06-25,75.7546157836914
2024-06-26,74.79253387451172
2024-06-27,75.51410675048828
2024-06-28,75.39865112304688
2024-07-01,75.1388931274414
2024-07-02,74.39808654785156
2024-07-03,75.32168579101562
2024-07-05,74.77330017089844
2024-07-08,74.55201721191406
2024-07-09,74.17680358886719
2024-07-10,74.78292083740234
2024-07-11,75.6872787475586
2024-07-12,76.72633361816406
2024-07-15,76.40884399414062
2024-07-16,77.91931915283203
2024-07-17,78.09249877929688
2024-07-18,77.74613952636719
2024-07-19,77.39017486572266
2024-07-22,78.48694610595703
2024-07-23,77.68841552734375
2024-07-24,76.58201599121094
2024-07-25,77.18814086914062
2024-07-26,77.45752716064453
2024-07-29,77.92893981933594
2024-07-30,77.73651885986328
2024-07-31,78.53504943847656
2024-08-01,76.59163665771484
2024-08-02,75.43714141845703
2024-08-05,73.29169464111328
2024-08-06,74.13832092285156
2024-08-07,73.39752197265625
2024-08-08,74.08059692382812
2024-08-09,74.15756225585938
2024-08-12,74.06136322021484
2024-08-13,74.86949920654297
2024-08-14,74.95609283447266
2024-08-15,75.494873046875
2024-08-16,76.00477600097656
2024-08-19,77.2554931640625
2024-08-20,77.39017486572266
2024-08-21,77.97704315185547
2024-08-22,77.18814086914062
2024-08-23,79.43940734863281
2024-08-26,79.60295867919922
2024-08-27,79.35283660888672
2024-08-28,78.52543640136719
2024-08-29,78.47732543945312
2024-08-30,78.77557373046875
2024-09-03,77.7269058227539
2024-09-04,77.15926361083984
2024-09-05,77.7557601928711
2024-09-06,76.94761657714844
2024-09-09,77.0342025756836
2024-09-10,77.54410552978516
2024-09-11,77.52486419677734
2024-09-12,78.72747039794922
2024-09-13,79.679931640625
2024-09-16,80.1898422241211
2024-09-17,80.69974517822266
2024-09-18,80.54581451416016
2024-09-19,81.88311004638672
2024-09-20,80.46884155273438
2024-09-23,80.50732421875
2024-09-24,81.79652404785156
2024-09-25,81.33472442626953
2024-09-26,82.87406158447266
2024-09-27,82.84519958496094
2024-09-30,82.90292358398438
2024-10-01,82.5373306274414
2024-10-02,82.08515930175781
2024-10-03,81.65221405029297
2024-10-04,82.70088958740234
2024-10-07,81.73880004882812
2024-10-08,80.81520080566406
2024-10-09,80.79595184326172
2024-10-10,79.88197326660156
2024-10-11,80.84406280517578
2024-10-14,80.20909118652344
2024-10-15,79.13155364990234
2024-10-16,79.08344268798828
2024-10-17,78.15984344482422
2024-10-18,78.45808410644531
2024-10-21,77.68841552734375
2024-10-22,77.56334686279297
2024-10-23,77.68841552734375
2024-10-24,77.53447723388672
2024-10-25,77.8712158203125
2024-10-28,77.93856811523438
2024-10-29,76.66860961914062
2024-10-30,77.43827819824219
2024-10-31,77.48638916015625
2024-11-01,77.47676086425781
2024-11-04,77.83273315429688
2024-11-05,78.88139343261719
2024-11-06,78.61202239990234
2024-11-07,79.55486297607422
2024-11-08,77.67879486083984
2024-11-11,77.38055419921875
2024-11-12,76.01438903808594
2024-11-13,75.31206512451172
2024-11-14,75.18699645996094
2024-11-15,75.76424407958984
2024-11-18,76.33187866210938
2024-11-19,76.04325103759766
2024-11-20,76.68785095214844
2024-11-21,76.57239532470703
2024-11-22,77.2554931640625
2024-11-25,78.81405639648438
2024-11-26,77.83273315429688
2024-11-27,77.38055419921875
2024-11-29,78.30415344238281
2024-12-02,77.7750015258789
2024-12-03,78.2752914428711
2024-12-04,77.97704315185547
2024-12-05,77.97704315185547
2024-12-06,77.81349182128906
2024-12-09,78.47732543945312
2024-12-10,77.36131286621094
2024-12-11,77.64993286132812
2024-12-12,77.43827819824219
2024-12-13,76.29340362548828
2024-12-16,76.15870666503906
2024-12-17,75.97125244140625
2024-12-18,72.97608184814453
2024-12-19,72.33840942382812
2024-12-20,73.52680206298828
2024-12-23,73.7973403930664
2024-12-24,74.01956939697266
2024-12-26,74.04855346679688
2024-12-27,74.04855346679688
2024-12-30,73.74903106689453
2024-12-31,73.7586898803711
2025-01-02,73.66207122802734
2025-01-03,73.66207122802734
2025-01-06,74.36739349365234
2025-01-07,73.53646850585938
2025-01-08,73.15966033935547
2025-01-10,72.52197265625
2025-01-13,73.4978256225586
2025-01-14,73.47850036621094
2025-01-15,74.42536163330078
2025-01-16,74.53164672851562
2025-01-17,75.5364761352539
2025-01-21,77.11136627197266
2025-01-22,76.07754516601562
2025-01-23,76.64759826660156
2025-01-24,77.63310241699219
2025-01-27,77.99059295654297
2025-01-28,77.478515625
2025-01-29,77.3529052734375
2025-01-30,77.68141174316406
2025-01-31,77.58479309082031
2025-02-03,76.98575592041016
2025-02-04,76.3963851928711
2025-02-05,76.5026626586914
2025-02-06,77.92296600341797
2025-02-07,76.45435333251953
2025-02-10,76.3963851928711
2025-02-11,76.00990295410156
2025-02-12,75.49783325195312
2025-02-13,77.15967559814453
2025-02-14,77.2369613647461
2025-02-18,77.4012222290039
2025-02-19,76.94711303710938
2025-02-20,77.39155578613281
2025-02-21,76.37705993652344
2025-02-24,76.33841705322266
2025-02-25,76.64759826660156
2025-02-26,75.94227600097656
2025-02-27,75.4688491821289
2025-02-28,74.83116149902344
2025-03-03,75.24662017822266
2025-03-04,74.57029724121094
2025-03-05,76.26112365722656
2025-03-06,76.17414855957031
2025-03-07,76.96643829345703
2025-03-10,75.06305694580078
2025-03-11,74.8891372680664
2025-03-12,74.66691589355469
2025-03-13,73.76835632324219
2025-03-14,75.31426239013672
2025-03-17,75.95193481445312
2025-03-18,75.63309478759766
2025-03-19,75.87464141845703
2025-03-20,75.65242004394531
2025-03-21,73.72005462646484
2025-03-24,73.70072937011719
2025-03-25,74.03888702392578
2025-03-26,73.72969818115234
2025-03-27,73.74903106689453
2025-03-28,73.35289764404297
2025-03-31,72.87947082519531
2025-04-01,73.14999389648438
2025-04-02,73.4978256225586
2025-04-03,70.56061553955078
2025-04-04,67.178955078125
2025-04-07,66.09683990478516
2025-04-08,64.3287124633789
2025-04-09,69.08235168457031
2025-04-10,66.80215454101562
2025-04-11,67.97123718261719
2025-04-14,68.74418640136719
2025-04-15,68.27075958251953
2025-04-16,67.90360260009766
2025-04-17,68.68621063232422
2025-04-21,68.30939483642578
2025-04-22,69.72003173828125
2025-04-23,69.80699157714844
2025-04-24,70.29007720947266
2025-04-25,69.83597564697266
2025-04-28,70.79249572753906
2025-04-29,70.4736557006836
2025-04-30,70.03887176513672
2025-05-01,69.80699157714844
2025-05-02,70.0582046508789
2025-05-05,69.52679443359375
2025-05-06,68.75384521484375
2025-05-07,69.40119171142578
2025-05-08,70.3866958618164
2025-05-09,69.69104766845703
2025-05-12,71.79733276367188
2025-05-13,72.454345703125
2025-05-14,72.454345703125
2025-05-15,72.32874298095703
2025-05-16,72.72486877441406
2025-05-19,72.61859130859375
2025-05-20,73.14999389648438
2025-05-21,72.54130554199219
2025-05-22,71.98091125488281
2025-05-23,71.75868225097656
2025-05-27,72.49298858642578
2025-05-28,71.47850036621094
2025-05-29,71.9229507446289
2025-05-30,71.43018341064453
2025-06-02,71.00505828857422
2025-06-03,71.26593780517578
2025-06-04,71.51713562011719
2025-06-05,72.19347381591797
2025-06-06,71.8263168334961
2025-06-09,72.57994842529297
2025-06-10,72.86014556884766
2025-06-11,72.3770523071289
2025-06-12,72.09685516357422
2025-06-13,70.68621826171875
2025-06-16,71.31975555419922
2025-06-17,70.15811157226562
2025-06-18,70.47048950195312
2025-06-20,70.70477294921875
2025-06-23,70.94880676269531
2025-06-24,71.59308624267578
2025-06-25,70.2166748046875
2025-06-26,71.3978500366211
2025-06-27,71.8371353149414
2025-06-30,71.61261749267578
2025-07-01,72.45213317871094
2025-07-02,74.01402282714844
2025-07-03,74.19949340820312
2025-07-07,72.06165313720703
2025-07-08,72.55951690673828
2025-07-09,72.99879455566406
2025-07-10,73.52592468261719
2025-07-11,73.19403076171875
2025-07-14,72.87188720703125
2025-07-15,72.01284790039062
2025-07-16,72.27642059326172
2025-07-17,71.95427703857422
2025-07-18,70.54857635498047
2025-07-21,71.23190307617188
2025-07-22,72.45213317871094
2025-07-23,73.77973937988281
2025-07-24,73.3794937133789
2025-07-25,74.53138732910156
2025-07-28,73.2916488647461
2025-07-29,72.76451110839844
2025-07-30,71.55404663085938
2025-07-31,69.25025939941406
2025-08-01,69.6016845703125
2025-08-04,69.73834991455078
2025-08-05,70.519287109375
2025-08-06,71.30023956298828
2025-08-07,72.91093444824219
2025-08-08,72.58879852294922
2025-08-11,71.93475341796875
2025-08-12,72.83284759521484
2025-08-13,73.50640869140625
2025-08-14,72.89141082763672
2025-08-15,72.75474548339844
2025-08-18,72.25688934326172
2025-08-19,72.74497985839844
2025-08-20,72.7254638671875
2025-08-21,72.45213317871094
2025-08-22,74.97067260742188
2025-08-25,74.62901306152344
2025-08-26,74.24829864501953
2025-08-27,73.64307403564453
2025-08-28,74.01402282714844
2025-08-29,74.18973541259766
2025-09-02,73.04759979248047
2025-09-03,72.83284759521484
2025-09-04,73.13545989990234
2025-09-05,74.22877502441406
2025-09-08,74.41426086425781
2025-09-09,73.65282440185547
2025-09-10,73.0768814086914
2025-09-11,73.85783386230469
2025-09-12,73.0768814086914
2025-09-15,73.15498352050781
2025-09-16,73.76020812988281
2025-09-17,73.47711944580078
2025-09-18,72.7742691040039
2025-09-19,71.97380065917969
2025-09-22,72.23736572265625
2025-09-23,72.39356231689453
2025-09-24,71.64189910888672
2025-09-25,70.9097671508789
2025-09-26,71.35880279541016
2025-09-29,71.4759521484375
2025-09-30,71.66142272949219
2025-10-01,72.0421371459961
2025-10-02,72.01284790039062
2025-10-03,72.38379669189453
2025-10-06,70.63643646240234
2025-10-07,69.67977142333984
2025-10-08,69.6016845703125
2025-10-09,68.85978698730469
2025-10-10,67.36622619628906
2025-10-13,68.11788940429688
2025-10-14,68.04955291748047
2025-10-15,68.23503112792969
2025-10-16,68.20574188232422
2025-10-17,68.47907257080078
2025-10-20,68.92811584472656
2025-10-21,68.83050537109375
2025-10-22,69.11359405517578
2025-10-23,70.2069091796875
2025-10-24,70.74381256103516
2025-10-27,70.84143829345703
2025-10-28,70.5876235961914
2025-10-29,68.7328872680664
2025-10-30,68.0886001586914
2025-10-31,67.73717498779297
2025-11-03,67.02456665039062
2025-11-04,66.80980682373047
2025-11-05,67.26861572265625
2025-11-06,67.7762222290039
2025-11-07,68.04955291748047
2025-11-10,68.12765502929688
2025-11-11,68.81097412109375
2025-11-12,68.99645233154297
2025-11-13,68.85002136230469
2025-11-14,67.9812240600586
2025-11-17,67.0343246459961
2025-11-18,66.39004516601562
2025-11-19,66.0971908569336
2025-11-20,65.32601165771484
2025-11-21,66.4291000366211
2025-11-24,66.2143325805664
2025-11-25,67.38574981689453
2025-11-26,68.21549987792969
2025-11-28,68.70359802246094
2025-12-01,67.9812240600586
2025-12-02,67.84455871582031
2025-12-03,68.5962142944336
2025-12-04,69.06478118896484
2025-12-05,69.10382843017578
2025-12-08,68.86955261230469
2025-12-09,67.94216918945312
2025-12-10,69.6016845703125
2025-12-11,69.904296875
2025-12-12,69.50405883789062
2025-12-15,69.9823989868164
2025-12-16,70.1359634399414
2025-12-17,70.4530029296875
2025-12-18,70.63134002685547
2025-12-19,70.00716400146484
2025-12-22,70.05670166015625
2025-12-23,70.64125061035156
2025-12-24,70.85921478271484
2025-12-26,71.0672836303711
2025-12-29,71.26542663574219
2025-12-30,71.72117614746094
2025-12-31,71.34468841552734
2026-01-02,72.18683624267578
2026-01-05,72.52368927001953
2026-01-06,72.65249633789062
2026-01-07,72.06793975830078
2026-01-08,72.8209228515625
2026-01-09,74.91143035888672
2026-01-12,75.12939453125
2026-01-13,74.96096801757812
2026-01-14,75.9913558959961
2026-01-15,76.0508041381836
2026-01-16,76.0408935546875
2026-01-20,74.44577026367188
2026-01-21,75.77339172363281
2026-01-22,76.06070709228516
2026-01-23,76.27867889404297
2026-01-26,76.12015533447266
2026-01-27,76.22914123535156
2026-01-28,75.47616577148438
2026-01-29,74.97087097167969
2026-01-30,73.99002075195312
2026-02-02,73.51445007324219
2026-02-03,74.40613555908203
2026-02-04,76.74433898925781
2026-02-05,76.06070709228516
2026-02-06,77.15055084228516
2026-02-09,78.22056579589844
2026-02-10,79.4491195678711
2026-02-11,81.53961944580078
2026-02-12,81.688232421875
2026-02-13,81.55943298339844
2026-02-17,80.03366088867188
2026-02-18,79.95439910888672
2026-02-19,79.11225128173828
2026-02-20,79.72652435302734
2026-02-23,78.14131164550781
2026-02-24,78.38899993896484
2026-02-25,77.80445098876953
2026-02-26,77.85398864746094
2026-02-27,77.65583038330078
2026-03-02,75.85264587402344
2026-03-03,74.13863372802734
2026-03-04,74.60429382324219
2026-03-05,73.4748306274414
2026-03-06,72.75157165527344
2026-03-09,72.41471099853516
2026-03-10,72.68222045898438
2026-03-11,72.21656036376953
2026-03-12,70.63134002685547
2026-03-13,69.82882690429688
2026-03-16,70.60162353515625
2026-03-17,70.9285659790039
2026-03-18,69.26409912109375
2026-03-19,67.7284164428711
2026-03-20,66.24227142333984
2026-03-23,68.0355453491211
2026-03-24,68.2535171508789
2026-03-25,69.33345031738281
2026-03-26,68.52102661132812
2026-03-27,68.21388244628906
2026-03-30,68.49129486083984
2026-03-31,70.29447937011719
2026-04-01,70.53226470947266
2026-04-02,69.87836456298828
2026-04-06,69.73965454101562
2026-04-07,68.71917724609375
2026-04-08,71.17625427246094
2026-04-09,70.73041534423828
2026-04-10,70.9285659790039
2026-04-13,71.4239501953125
2026-04-14,71.72117614746094
2026-04-15,71.0474624633789
2026-04-16,70.75023651123047
2026-04-17,71.93914794921875
2026-04-20,72.03822326660156
2026-04-21,70.60162353515625
2026-04-22,70.08641815185547
2026-04-23,69.55140686035156
2026-04-24,68.29314422607422
2026-04-27,68.29314422607422
2026-04-28,68.11480712890625
2026-04-29,67.7284164428711
2026-04-30,67.82748413085938
2026-05-01,68.09500122070312
2026-05-04,66.92589569091797
2026-05-05,67.67887115478516
2026-05-06,69.14520263671875
2026-05-07,68.41204071044922
2026-05-08,68.30305480957031
2026-05-11,67.50053405761719
2026-05-12,67.2429428100586
2026-05-13,66.63858032226562
2026-05-14,66.51968383789062
2026-05-15,64.50843811035156
2026-05-18,64.74622344970703
2026-05-19,64.0130615234375
2026-05-20,65.30105590820312
2026-05-21,65.50910949707031
2026-05-22,65.11280822753906
2026-05-26,66.08374786376953
2026-05-27,66.94570922851562
2026-05-28,67.41136932373047
2026-05-29,67.09432983398438
2026-06-01,66.48995971679688
2026-06-02,66.87635803222656
2026-06-03,66.3809814453125
2026-06-04,66.76737213134766
2026-06-05,65.98467254638672
2026-06-08,65.73698425292969
2026-06-09,66.34134674072266
2026-06-10,65.231689453125
2026-06-11,66.67820739746094
2026-06-12,67.45100402832031
2026-06-15,68.43000030517578
2026-06-16,68.1500015258789
2026-06-17,67.11000061035156
2026-06-18,67.27999877929688
2026-06-22,67.0999984741211
2026-06-23,66.1500015258789
2026-06-24,67.11000061035156
2026-06-25,67.76000213623047
2026-06-26,66.80000305175781
2026-06-29,66.37999725341797
2026-06-30,66.23999786376953
2026-07-01,65.91000366210938
2026-07-02,66.73999786376953
2026-07-06,67.30000305175781
2026-07-07,67.16000366210938
2026-07-08,66.11000061035156
2026-07-09,66.44000244140625
2026-07-10,67.7300033569336
2026-07-13,67.08000183105469
2026-07-14,67.76000213623047
2026-07-15,68.20999908447266
2026-07-16,68.94999694824219
2026-07-17,69.19000244140625
2026-07-20,68.43000030517578
2026-07-21,68.61000061035156
2026-07-22,69.91000366210938
2026-07-23,68.48999786376953
2026-07-24,69.33999633789062
2026-07-27,70.05000305175781
2026-07-28,71.45999908447266
2026-07-29,71.05999755859375
2026-07-30,72.08000183105469
2026-07-31,71.94999694824219
2026-08-03,72.70999908447266
2026-08-04,73.3499984741211
2026-08-05,72.83000183105469
2026-08-06,72.5
2026-08-07,73.55000305175781
2026-08-10,73.19000244140625
2026-08-11,72.58000183105469
2026-08-12,72.29000091552734
2026-08-13,72.38999938964844
2026-08-14,72.36000061035156
2026-08-17,71.13999938964844
2026-08-18,70.86000061035156
2026-08-19,71.8499984741211
2026-08-20,71.47000122070312
2026-08-21,72.48999786376953
2026-08-24,72.41000366210938
2026-08-25,72.62000274658203
2026-08-26,72.41000366210938
2026-08-27,72.44000244140625
2026-08-28,72.13999938964844
2026-08-31,71.69999694824219
2026-09-01,71.25
2026-09-02,71.23999786376953
2026-09-03,71.22000122070312
2026-09-04,71.7300033569336
2026-09-08,71.37000274658203
2026-09-09,70.97000122070312
2026-09-10,70.5
2026-09-11,70.76000213623047
2026-09-14,70.26000213623047
2026-09-15,70.69000244140625
2026-09-16,70.70999908447266
2026-09-17,71.58999633789062
2026-09-18,70.62000274658203
2026-09-21,70.83999633789062
2026-09-22,71.87999725341797
2026-09-23,70.56999969482422
2026-09-24,69.26000213623047
2026-09-25,69.30999755859375
