Date,Preco
2008-11-04,4.601916790008545
2008-11-05,4.453771114349365
2008-11-06,4.136903762817383
2008-11-07,4.136903762817383
2008-11-10,4.136903762817383
2008-11-11,4.136903762817383
2008-11-12,4.136903762817383
2008-11-13,4.136903762817383
2008-11-14,4.136903762817383
2008-11-17,4.136903762817383
2008-11-18,4.136903762817383
2008-11-19,4.136903762817383
2008-11-20,3.997576951980591
2008-11-21,3.997576951980591
2008-11-24,3.997576951980591
2008-11-25,3.997576951980591
2008-11-26,3.997576951980591
2008-11-28,3.997576951980591
2008-12-01,3.997576951980591
2008-12-02,3.5978198051452637
2008-12-03,3.339153289794922
2008-12-04,3.339153289794922
2008-12-05,3.339153289794922
2008-12-08,3.339153289794922
2008-12-09,3.339153289794922
2008-12-10,3.339153289794922
2008-12-11,1.1757577657699585
2008-12-12,1.1757577657699585
2008-12-15,1.1757577657699585
2008-12-16,1.1757577657699585
2008-12-17,1.1757577657699585
2008-12-18,1.1757577657699585
2008-12-19,1.1757577657699585
2008-12-22,3.510812997817993
2008-12-23,3.510812997817993
2008-12-24,3.510812997817993
2008-12-26,3.510812997817993
2008-12-29,3.510812997817993
2008-12-30,3.510812997817993
2008-12-31,3.510812997817993
2009-01-02,3.510812997817993
2009-01-05,3.510812997817993
2009-01-06,3.510812997817993
2009-01-07,3.510812997817993
2009-01-08,3.510812997817993
2009-01-09,3.510812997817993
2009-01-12,3.510812997817993
2009-01-13,3.510812997817993
2009-01-14,3.510812997817993
2009-01-15,3.510812997817993
2009-01-16,3.510812997817993
2009-01-20,3.510812997817993
2009-01-21,3.6613101959228516
2009-01-22,3.6613101959228516
2009-01-23,3.6613101959228516
2009-01-26,3.6613101959228516
2009-01-27,3.6613101959228516
2009-01-28,3.6613101959228516
2009-01-29,3.6613101959228516
2009-01-30,3.6613101959228516
2009-02-02,3.6613101959228516
2009-02-03,3.6613101959228516
2009-02-04,3.6613101959228516
2009-02-05,3.6613101959228516
2009-02-06,3.6613101959228516
2009-02-09,3.6613101959228516
2009-02-10,3.6613101959228516
2009-02-11,3.6613101959228516
2009-02-12,3.6613101959228516
2009-02-13,3.6613101959228516
2009-02-17,3.6613101959228516
2009-02-18,3.6613101959228516
2009-02-19,3.6613101959228516
2009-02-20,3.6613101959228516
2009-02-23,3.6613101959228516
2009-02-24,3.6613101959228516
2009-02-25,3.6613101959228516
2009-02-26,3.6613101959228516
2009-02-27,3.386183261871338
2009-03-02,3.386183261871338
2009-03-03,3.386183261871338
2009-03-04,3.386183261871338
2009-03-05,3.386183261871338
2009-03-06,3.386183261871338
2009-03-09,3.386183261871338
2009-03-10,3.386183261871338
2009-03-11,3.386183261871338
2009-03-12,3.386183261871338
2009-03-13,3.386183261871338
2009-03-16,3.386183261871338
2009-03-17,3.386183261871338
2009-03-18,3.386183261871338
2009-03-19,3.386183261871338
2009-03-20,3.386183261871338
2009-03-23,3.386183261871338
2009-03-24,3.386183261871338
2009-03-25,3.386183261871338
2009-03-26,3.386183261871338
2009-03-27,3.386183261871338
2009-03-30,3.386183261871338
2009-03-31,3.386183261871338
2009-04-01,3.386183261871338
2009-04-02,3.386183261871338
2009-04-03,3.386183261871338
2009-04-06,3.386183261871338
2009-04-07,3.386183261871338
2009-04-08,3.386183261871338
2009-04-09,3.386183261871338
2009-04-13,3.386183261871338
2009-04-14,3.386183261871338
2009-04-15,3.386183261871338
2009-04-16,3.386183261871338
2009-04-17,3.386183261871338
2009-04-20,3.386183261871338
2009-04-21,3.386183261871338
2009-04-22,3.386183261871338
2009-04-23,3.386183261871338
2009-04-24,3.386183261871338
2009-04-27,3.386183261871338
2009-04-28,3.386183261871338
2009-04-29,3.386183261871338
2009-04-30,3.386183261871338
2009-05-01,3.386183261871338
2009-05-04,3.386183261871338
2009-05-05,3.386183261871338
2009-05-06,3.386183261871338
2009-05-07,3.386183261871338
2009-05-08,3.386183261871338
2009-05-11,5.408486843109131
2009-05-12,5.408486843109131
2009-05-13,5.408486843109131
2009-05-14,5.408486843109131
2009-05-15,5.408486843109131
2009-05-18,5.408486843109131
2009-05-19,5.408486843109131
2009-05-20,5.408486843109131
2009-05-21,5.408486843109131
2009-05-22,5.408486843109131
2009-05-26,5.408486843109131
2009-05-27,5.408486843109131
2009-05-28,5.408486843109131
2009-05-29,5.408486843109131
2009-06-01,5.408486843109131
2009-06-02,6.208002090454102
2009-06-03,6.208002090454102
2009-06-04,5.949336051940918
2009-06-05,5.949336051940918
2009-06-08,5.949336051940918
2009-06-09,5.949336051940918
2009-06-10,5.949336051940918
2009-06-11,5.949336051940918
2009-06-12,5.949336051940918
2009-06-15,5.949336051940918
2009-06-16,5.949336051940918
2009-06-17,5.949336051940918
2009-06-18,5.949336051940918
2009-06-19,5.949336051940918
2009-06-22,5.949336051940918
2009-06-23,5.949336051940918
2009-06-24,5.949336051940918
2009-06-25,5.949336051940918
2009-06-26,5.949336051940918
2009-06-29,5.949336051940918
2009-06-30,5.949336051940918
2009-07-01,5.949336051940918
2009-07-02,5.949336051940918
2009-07-06,5.949336051940918
2009-07-07,5.949336051940918
2009-07-08,5.949336051940918
2009-07-09,5.949336051940918
2009-07-10,5.949336051940918
2009-07-13,5.949336051940918
2009-07-14,5.949336051940918
2009-07-15,5.949336051940918
2009-07-16,5.949336051940918
2009-07-17,5.949336051940918
2009-07-20,5.949336051940918
2009-07-21,5.949336051940918
2009-07-22,5.949336051940918
2009-07-23,6.208002090454102
2009-07-24,6.208002090454102
2009-07-27,6.208002090454102
2009-07-28,6.208002090454102
2009-07-29,6.208002090454102
2009-07-30,6.208002090454102
2009-07-31,6.208002090454102
2009-08-03,6.208002090454102
2009-08-04,6.208002090454102
2009-08-05,6.208002090454102
2009-08-06,6.208002090454102
2009-08-07,6.208002090454102
2009-08-10,6.208002090454102
2009-08-11,6.208002090454102
2009-08-12,6.777068614959717
2009-08-13,6.777068614959717
2009-08-14,6.777068614959717
2009-08-17,6.777068614959717
2009-08-18,6.777068614959717
2009-08-19,6.777068614959717
2009-08-20,6.777068614959717
2009-08-21,6.777068614959717
2009-08-24,6.777068614959717
2009-08-25,6.777068614959717
2009-08-26,6.777068614959717
2009-08-27,6.777068614959717
2009-08-28,6.777068614959717
2009-08-31,6.777068614959717
2009-09-01,6.842911720275879
2009-09-02,6.527808666229248
2009-09-03,6.527808666229248
2009-09-04,6.737093448638916
2009-09-08,6.737093448638916
2009-09-09,7.0545477867126465
2009-09-10,7.195639610290527
2009-09-11,6.962839126586914
2009-09-14,7.219153881072998
2009-09-15,7.219153881072998
2009-09-16,7.219153881072998
2009-09-17,7.219153881072998
2009-09-18,7.219153881072998
2009-09-21,7.219153881072998
2009-09-22,7.219153881072998
2009-09-23,7.219153881072998
2009-09-24,7.219153881072998
2009-09-25,7.219153881072998
2009-09-28,7.219153881072998
2009-09-29,7.219153881072998
2009-09-30,7.219153881072998
2009-10-01,7.219153881072998
2009-10-02,7.219153881072998
2009-10-05,7.219153881072998
2009-10-06,7.219153881072998
2009-10-07,7.219153881072998
2009-10-08,7.219153881072998
2009-10-09,7.219153881072998
2009-10-12,7.219153881072998
2009-10-13,7.219153881072998
2009-10-14,7.219153881072998
2009-10-15,7.219153881072998
2009-10-16,7.219153881072998
2009-10-19,7.219153881072998
2009-10-20,7.219153881072998
2009-10-21,7.219153881072998
2009-10-22,7.219153881072998
2009-10-23,7.219153881072998
2009-10-26,7.219153881072998
2009-10-27,6.819395542144775
2009-10-28,6.179783821105957
2009-10-29,6.179783821105957
2009-10-30,6.179783821105957
2009-11-02,6.179783821105957
2009-11-03,6.179783821105957
2009-11-04,6.179783821105957
2009-11-05,6.179783821105957
2009-11-06,6.784122943878174
2009-11-09,6.784122943878174
2009-11-10,6.7512030601501465
2009-11-11,6.7512030601501465
2009-11-12,6.697117805480957
2009-11-13,6.697117805480957
2009-11-16,6.697117805480957
2009-11-17,6.697117805480957
2009-11-18,6.697117805480957
2009-11-19,6.697117805480957
2009-11-20,6.697117805480957
2009-11-23,6.697117805480957
2009-11-24,6.697117805480957
2009-11-25,6.697117805480957
2009-11-27,6.697117805480957
2009-11-30,6.697117805480957
2009-12-01,6.697117805480957
2009-12-02,6.697117805480957
2009-12-03,6.697117805480957
2009-12-04,6.697117805480957
2009-12-07,6.697117805480957
2009-12-08,6.697117805480957
2009-12-09,6.697117805480957
2009-12-10,6.697117805480957
2009-12-11,6.697117805480957
2009-12-14,6.697117805480957
2009-12-15,6.697117805480957
2009-12-16,6.697117805480957
2009-12-17,6.697117805480957
2009-12-18,6.697117805480957
2009-12-21,6.697117805480957
2009-12-22,6.697117805480957
2009-12-23,6.697117805480957
2009-12-24,6.697117805480957
2009-12-28,6.697117805480957
2009-12-29,8.655930519104004
2009-12-30,8.655930519104004
2009-12-31,8.655930519104004
2010-01-04,8.655930519104004
2010-01-05,9.090962409973145
2010-01-06,9.090962409973145
2010-01-07,9.100366592407227
2010-01-08,8.75704574584961
2010-01-11,9.050985336303711
2010-01-12,9.050985336303711
2010-01-13,9.050985336303711
2010-01-14,8.940464973449707
2010-01-15,8.940464973449707
2010-01-19,8.66768741607666
2010-01-20,8.66768741607666
2010-01-21,8.29379653930664
2010-01-22,8.29379653930664
2010-01-25,8.29379653930664
2010-01-26,7.997504234313965
2010-01-27,7.997504234313965
2010-01-28,7.997504234313965
2010-01-29,7.855826377868652
2010-02-01,7.912851810455322
2010-02-02,7.7952752113342285
2010-02-03,7.7952752113342285
2010-02-04,7.548367500305176
2010-02-05,7.548367500305176
2010-02-08,7.548367500305176
2010-02-09,7.764705657958984
2010-02-10,7.764705657958984
2010-02-11,7.764705657958984
2010-02-12,7.764705657958984
2010-02-16,7.764705657958984
2010-02-17,7.764705657958984
2010-02-18,7.764705657958984
2010-02-19,7.764705657958984
2010-02-22,7.764705657958984
2010-02-23,7.842306613922119
2010-02-24,7.842306613922119
2010-02-25,7.595396518707275
2010-02-26,7.595396518707275
2010-03-01,7.372001647949219
2010-03-02,8.143301010131836
2010-03-03,8.536004066467285
2010-03-04,8.536004066467285
2010-03-05,8.77820873260498
2010-03-08,8.77820873260498
2010-03-09,8.500730514526367
2010-03-10,8.500730514526367
2010-03-11,8.500730514526367
2010-03-12,8.500730514526367
2010-03-15,8.500730514526367
2010-03-16,8.500730514526367
2010-03-17,9.27673053741455
2010-03-18,9.382550239562988
2010-03-19,9.68824577331543
2010-03-22,9.370792388916016
2010-03-23,9.382550239562988
2010-03-24,9.382550239562988
2010-03-25,8.89578628540039
2010-03-26,8.89578628540039
2010-03-29,8.89578628540039
2010-03-30,9.460148811340332
2010-03-31,9.401360511779785
2010-04-01,9.401360511779785
2010-04-05,9.935155868530273
2010-04-06,9.935155868530273
2010-04-07,9.935155868530273
2010-04-08,9.935155868530273
2010-04-09,9.935155868530273
2010-04-12,9.935155868530273
2010-04-13,9.429577827453613
2010-04-14,9.641216278076172
2010-04-15,10.088003158569336
2010-04-16,9.913991928100586
2010-04-19,9.913991928100586
2010-04-20,9.913991928100586
2010-04-21,9.913991928100586
2010-04-22,9.913991928100586
2010-04-23,9.913991928100586
2010-04-26,9.913991928100586
2010-04-27,9.175616264343262
2010-04-28,9.022767066955566
2010-04-29,9.022767066955566
2010-04-30,8.916950225830078
2010-05-03,8.916950225830078
2010-05-04,8.916950225830078
2010-05-05,8.782913208007812
2010-05-06,7.47782039642334
2010-05-07,7.47782039642334
2010-05-10,8.641820907592773
2010-05-11,8.641820907592773
2010-05-12,8.641820907592773
2010-05-13,8.641820907592773
2010-05-14,7.712972640991211
2010-05-17,8.100973129272461
2010-05-18,8.100973129272461
2010-05-19,8.100973129272461
2010-05-20,6.466668605804443
2010-05-21,6.466668605804443
2010-05-24,6.466668605804443
2010-05-25,6.466668605804443
2010-05-26,7.774699687957764
2010-05-27,7.774699687957764
2010-05-28,7.774699687957764
2010-06-01,7.774699687957764
2010-06-02,7.774699687957764
2010-06-03,8.153882026672363
2010-06-04,8.153882026672363
2010-06-07,7.613033771514893
2010-06-08,7.34848690032959
2010-06-09,7.627729892730713
2010-06-10,7.627729892730713
2010-06-11,7.627729892730713
2010-06-14,8.127429008483887
2010-06-15,8.127429008483887
2010-06-16,8.127429008483887
2010-06-17,8.127429008483887
2010-06-18,8.127429008483887
2010-06-21,8.127429008483887
2010-06-22,8.344942092895508
2010-06-23,8.344942092895508
2010-06-24,8.480154037475586
2010-06-25,8.480154037475586
2010-06-28,8.480154037475586
2010-06-29,7.833487033843994
2010-06-30,7.671820163726807
2010-07-01,7.671820163726807
2010-07-02,7.671820163726807
2010-07-06,7.671820163726807
2010-07-07,7.671820163726807
2010-07-08,7.671820163726807
2010-07-09,7.671820163726807
2010-07-12,7.671820163726807
2010-07-13,7.671820163726807
2010-07-14,7.671820163726807
2010-07-15,7.671820163726807
2010-07-16,7.671820163726807
2010-07-19,7.671820163726807
2010-07-20,7.671820163726807
2010-07-21,7.965759754180908
2010-07-22,8.178573608398438
2010-07-23,8.259699821472168
2010-07-26,8.50954818725586
2010-07-27,8.494851112365723
2010-07-28,8.415488243103027
2010-07-29,8.415488243103027
2010-07-30,8.406669616699219
2010-08-02,8.774094581604004
2010-08-03,8.774094581604004
2010-08-04,8.671215057373047
2010-08-05,8.759397506713867
2010-08-06,8.759397506713867
2010-08-09,8.759397506713867
2010-08-10,8.774094581604004
2010-08-11,8.465457916259766
2010-08-12,8.465457916259766
2010-08-13,8.465457916259766
2010-08-16,8.465457916259766
2010-08-17,8.465457916259766
2010-08-18,8.465457916259766
2010-08-19,8.465457916259766
2010-08-20,8.465457916259766
2010-08-23,8.465457916259766
2010-08-24,8.465457916259766
2010-08-25,8.465457916259766
2010-08-26,8.465457916259766
2010-08-27,8.465457916259766
2010-08-30,8.465457916259766
2010-08-31,8.421366691589355
2010-09-01,8.415488243103027
2010-09-02,8.759397506713867
2010-09-03,8.494851112365723
2010-09-07,8.494851112365723
2010-09-08,8.494851112365723
2010-09-09,8.494851112365723
2010-09-10,8.494851112365723
2010-09-13,8.494851112365723
2010-09-14,8.818184852600098
2010-09-15,8.635942459106445
2010-09-16,8.627123832702637
2010-09-17,8.627123832702637
2010-09-20,8.627123832702637
2010-09-21,8.477212905883789
2010-09-22,8.371395111083984
2010-09-23,8.371395111083984
2010-09-24,8.347882270812988
2010-09-27,8.347882270812988
2010-09-28,8.524247169494629
2010-09-29,8.524247169494629
2010-09-30,8.700610160827637
2010-10-01,8.700610160827637
2010-10-04,8.700610160827637
2010-10-05,8.700610160827637
2010-10-06,8.412549018859863
2010-10-07,8.500730514526367
2010-10-08,8.500730514526367
2010-10-11,8.500730514526367
2010-10-12,8.500730514526367
2010-10-13,8.500730514526367
2010-10-14,8.436062812805176
2010-10-15,8.150941848754883
2010-10-18,8.171518325805664
2010-10-19,7.854063510894775
2010-10-20,8.245002746582031
2010-10-21,8.245002746582031
2010-10-22,8.245002746582031
2010-10-25,7.7923359870910645
2010-10-26,8.230305671691895
2010-10-27,8.286153793334961
2010-10-28,8.286153793334961
2010-10-29,8.506608963012695
2010-11-01,8.506608963012695
2010-11-02,8.506608963012695
2010-11-03,8.506608963012695
2010-11-04,8.630064010620117
2010-11-05,8.630064010620117
2010-11-08,8.630064010620117
2010-11-09,8.597729682922363
2010-11-10,8.680032730102539
2010-11-11,8.680032730102539
2010-11-12,8.347882270812988
2010-11-15,8.391973495483398
2010-11-16,7.951064109802246
2010-11-17,7.951064109802246
2010-11-18,7.951064109802246
2010-11-19,8.018670082092285
2010-11-22,8.018670082092285
2010-11-23,8.018670082092285
2010-11-24,8.148001670837402
2010-11-26,8.148001670837402
2010-11-29,8.148001670837402
2010-11-30,8.071577072143555
2010-12-01,8.071577072143555
2010-12-02,8.150941848754883
2010-12-03,8.150941848754883
2010-12-06,8.150941848754883
2010-12-07,8.189154624938965
2010-12-08,8.189154624938965
2010-12-09,8.230305671691895
2010-12-10,8.230305671691895
2010-12-13,8.38609504699707
2010-12-14,8.38609504699707
2010-12-15,8.38609504699707
2010-12-16,7.962820529937744
2010-12-17,7.962820529937744
2010-12-20,7.962820529937744
2010-12-21,7.962820529937744
2010-12-22,7.962820529937744
2010-12-23,7.962820529937744
2010-12-27,8.083335876464844
2010-12-28,8.083335876464844
2010-12-29,8.083335876464844
2010-12-30,8.274395942687988
2010-12-31,8.274395942687988
2011-01-03,8.274395942687988
2011-01-04,8.274395942687988
2011-01-05,8.274395942687988
2011-01-06,7.998093605041504
2011-01-07,7.892275333404541
2011-01-10,7.833487033843994
2011-01-11,7.833487033843994
2011-01-12,7.833487033843994
2011-01-13,7.833487033843994
2011-01-14,7.90403413772583
2011-01-18,7.66006326675415
2011-01-19,7.733548641204834
2011-01-20,7.857003211975098
2011-01-21,7.657124042510986
2011-01-24,7.8775787353515625
2011-01-25,8.20973014831543
2011-01-26,7.936366558074951
2011-01-27,7.936366558074951
2011-01-28,7.9069719314575195
2011-01-31,7.9069719314575195
2011-02-01,8.083335876464844
2011-02-02,8.083335876464844
2011-02-03,8.083335876464844
2011-02-04,7.589517593383789
2011-02-07,7.66006326675415
2011-02-08,7.66006326675415
2011-02-09,7.66006326675415
2011-02-10,7.66006326675415
2011-02-11,7.66006326675415
2011-02-14,7.557184219360352
2011-02-15,7.566002368927002
2011-02-16,7.566002368927002
2011-02-17,7.566002368927002
2011-02-18,7.698274612426758
2011-02-22,7.698274612426758
2011-02-23,7.333790302276611
2011-02-24,7.398457050323486
2011-02-25,7.398457050323486
2011-02-28,7.398457050323486
2011-03-01,7.962820529937744
2011-03-02,7.436670303344727
2011-03-03,7.613033771514893
2011-03-04,7.545428276062012
2011-03-07,7.545428276062012
2011-03-08,7.545428276062012
2011-03-09,7.545428276062012
2011-03-10,7.392578601837158
2011-03-11,7.480759620666504
2011-03-14,7.495456695556641
2011-03-15,7.492518424987793
2011-03-16,7.492518424987793
2011-03-17,7.492518424987793
2011-03-18,7.492518424987793
2011-03-21,7.613033771514893
2011-03-22,8.056880950927734
2011-03-23,8.082454681396484
2011-03-24,8.082454681396484
2011-03-25,8.082454681396484
2011-03-28,8.082454681396484
2011-03-29,8.082454681396484
2011-03-30,8.082454681396484
2011-03-31,8.465457916259766
2011-04-01,8.465457916259766
2011-04-04,8.730002403259277
2011-04-05,8.730002403259277
2011-04-06,8.721185684204102
2011-04-07,8.818184852600098
2011-04-08,8.818184852600098
2011-04-11,8.774094581604004
2011-04-12,8.774094581604004
2011-04-13,8.774094581604004
2011-04-14,8.230305671691895
2011-04-15,8.230305671691895
2011-04-18,8.230305671691895
2011-04-19,8.230305671691895
2011-04-20,8.303791046142578
2011-04-21,8.186214447021484
2011-04-25,8.186214447021484
2011-04-26,8.818184852600098
2011-04-27,8.671215057373047
2011-04-28,8.597729682922363
2011-04-29,8.597729682922363
2011-05-02,8.597729682922363
2011-05-03,8.597729682922363
2011-05-04,8.597729682922363
2011-05-05,8.597729682922363
2011-05-06,8.142123222351074
2011-05-09,8.406669616699219
2011-05-10,8.406669616699219
2011-05-11,8.597729682922363
2011-05-12,8.597729682922363
2011-05-13,8.597729682922363
2011-05-16,8.777032852172852
2011-05-17,8.368457794189453
2011-05-18,7.951064109802246
2011-05-19,7.65300989151001
2011-05-20,7.653891086578369
2011-05-23,7.653891086578369
2011-05-24,7.653891086578369
2011-05-25,7.653891086578369
2011-05-26,7.653891086578369
2011-05-27,7.653891086578369
2011-05-31,7.653891086578369
2011-06-01,7.653891086578369
2011-06-02,7.653891086578369
2011-06-03,7.653891086578369
2011-06-06,7.689456462860107
2011-06-07,7.689456462860107
2011-06-08,7.210336685180664
2011-06-09,7.201518535614014
2011-06-10,7.25736665725708
2011-06-13,7.25736665725708
2011-06-14,7.25736665725708
2011-06-15,6.848790645599365
2011-06-16,6.716517448425293
2011-06-17,6.716517448425293
2011-06-20,6.716517448425293
2011-06-21,6.716517448425293
2011-06-22,6.716517448425293
2011-06-23,6.628335952758789
2011-06-24,6.4460930824279785
2011-06-27,6.399063587188721
2011-06-28,6.399063587188721
2011-06-29,6.349092960357666
2011-06-30,6.349092960357666
2011-07-01,6.349092960357666
2011-07-05,6.349092960357666
2011-07-06,6.349092960357666
2011-07-07,6.349092960357666
2011-07-08,6.349092960357666
2011-07-11,5.9904866218566895
2011-07-12,5.9904866218566895
2011-07-13,5.9904866218566895
2011-07-14,5.9904866218566895
2011-07-15,5.9904866218566895
2011-07-18,5.881729602813721
2011-07-19,5.731820106506348
2011-07-20,5.7523956298828125
2011-07-21,5.7523956298828125
2011-07-22,6.331456184387207
2011-07-25,6.375546932220459
2011-07-26,6.26678991317749
2011-07-27,6.072789669036865
2011-07-28,5.8346991539001465
2011-07-29,5.805304527282715
2011-08-01,5.9140625
2011-08-02,5.7788496017456055
2011-08-03,5.437880992889404
2011-08-04,4.988153457641602
2011-08-05,5.3203043937683105
2011-08-08,4.87939453125
2011-08-09,4.891153335571289
2011-08-10,4.891153335571289
2011-08-11,4.676577091217041
2011-08-12,4.70303201675415
2011-08-15,5.085154056549072
2011-08-16,4.99403190612793
2011-08-17,4.99403190612793
2011-08-18,4.99403190612793
2011-08-19,4.99403190612793
2011-08-22,4.826486110687256
2011-08-23,4.670698642730713
2011-08-24,4.767698764801025
2011-08-25,4.767698764801025
2011-08-26,4.767698764801025
2011-08-29,5.0498809814453125
2011-08-30,5.085154056549072
2011-08-31,5.085154056549072
2011-09-01,5.085154056549072
2011-09-02,4.9029107093811035
2011-09-06,4.9029107093811035
2011-09-07,4.87939453125
2011-09-08,5.008728504180908
2011-09-09,5.008728504180908
2011-09-12,5.008728504180908
2011-09-13,5.029304504394531
2011-09-14,4.864698886871338
2011-09-15,5.182153224945068
2011-09-16,5.182153224945068
2011-09-19,5.182153224945068
2011-09-20,5.076335906982422
2011-09-21,5.076335906982422
2011-09-22,4.353244304656982
2011-09-23,4.188638210296631
2011-09-26,4.3091535568237305
2011-09-27,4.3091535568237305
2011-09-28,4.029911041259766
2011-09-29,4.029911041259766
2011-09-30,3.9387898445129395
2011-10-03,3.785940170288086
2011-10-04,3.453789234161377
2011-10-05,3.712456226348877
2011-10-06,3.85060715675354
2011-10-07,3.880002021789551
2011-10-10,3.880002021789551
2011-10-11,3.880002021789551
2011-10-12,3.9211537837982178
2011-10-13,3.9211537837982178
2011-10-14,4.103394985198975
2011-10-17,4.103394985198975
2011-10-18,4.103394985198975
2011-10-19,4.103394985198975
2011-10-20,3.9270312786102295
2011-10-21,4.029911041259766
2011-10-24,4.029911041259766
2011-10-25,4.029911041259766
2011-10-26,3.9887590408325195
2011-10-27,4.168062210083008
2011-10-28,4.379699230194092
2011-10-31,4.379699230194092
2011-11-01,4.379699230194092
2011-11-02,4.379699230194092
2011-11-03,4.379699230194092
2011-11-04,4.085758686065674
2011-11-07,4.085758686065674
2011-11-08,4.085758686065674
2011-11-09,3.941728353500366
2011-11-10,3.941728353500366
2011-11-11,3.941728353500366
2011-11-14,3.7300922870635986
2011-11-15,3.935849905014038
2011-11-16,3.756547212600708
2011-11-17,3.8388497829437256
2011-11-18,3.8388497829437256
2011-11-21,3.6007587909698486
2011-11-22,3.497880220413208
2011-11-23,3.4390921592712402
2011-11-25,3.171607732772827
2011-11-28,3.306819438934326
2011-11-29,3.306819438934326
2011-11-30,3.4890620708465576
2011-12-01,3.4890620708465576
2011-12-02,3.4890620708465576
2011-12-05,3.4890620708465576
2011-12-06,3.630153179168701
2011-12-07,3.630153179168701
2011-12-08,3.630153179168701
2011-12-09,3.630153179168701
2011-12-12,3.515516757965088
2011-12-13,3.515516757965088
2011-12-14,3.515516757965088
2011-12-15,3.447910785675049
2011-12-16,3.447910785675049
2011-12-19,3.0334556102752686
2011-12-20,3.0804858207702637
2011-12-21,3.0804858207702637
2011-12-22,3.0804858207702637
2011-12-23,3.3567893505096436
2011-12-27,3.2274556159973145
2011-12-28,3.233334541320801
2011-12-29,3.256849765777588
2011-12-30,3.256849765777588
2012-01-03,3.395001173019409
2012-01-04,3.395001173019409
2012-01-05,3.395001173019409
2012-01-06,3.395001173019409
2012-01-09,3.395001173019409
2012-01-10,3.321516752243042
2012-01-11,3.218637466430664
2012-01-12,3.218637466430664
2012-01-13,3.365607500076294
2012-01-17,3.682180404663086
2012-01-18,3.682180404663086
2012-01-19,3.682180404663086
2012-01-20,3.682180404663086
2012-01-23,3.682180404663086
2012-01-24,3.8653042316436768
2012-01-25,3.8653042316436768
2012-01-26,3.8653042316436768
2012-01-27,3.8653042316436768
2012-01-30,3.8653042316436768
2012-01-31,3.715394973754883
2012-02-01,3.715394973754883
2012-02-02,4.115152835845947
2012-02-03,4.115152835845947
2012-02-06,4.115152835845947
2012-02-07,4.115152835845947
2012-02-08,4.115152835845947
2012-02-09,4.115152835845947
2012-02-10,4.115152835845947
2012-02-13,4.115152835845947
2012-02-14,4.115152835845947
2012-02-15,4.115152835845947
2012-02-16,4.115152835845947
2012-02-17,4.115152835845947
2012-02-21,4.115152835845947
2012-02-22,4.473758697509766
2012-02-23,4.35030460357666
2012-02-24,4.35030460357666
2012-02-27,4.35030460357666
2012-02-28,4.35030460357666
2012-02-29,4.35030460357666
2012-03-01,4.203334808349609
2012-03-02,4.203334808349609
2012-03-05,4.394394874572754
2012-03-06,4.0563645362854
2012-03-07,4.0563645362854
2012-03-08,4.0563645362854
2012-03-09,4.0563645362854
2012-03-12,3.9681832790374756
2012-03-13,3.9681832790374756
2012-03-14,4.041667938232422
2012-03-15,4.041667938232422
2012-03-16,4.041667938232422
2012-03-19,4.041667938232422
2012-03-20,4.041667938232422
2012-03-21,4.041667938232422
2012-03-22,4.041667938232422
2012-03-23,4.079880714416504
2012-03-26,4.079880714416504
2012-03-27,4.079880714416504
2012-03-28,3.9240922927856445
2012-03-29,3.7947583198547363
2012-03-30,3.73891019821167
2012-04-02,3.73891019821167
2012-04-03,3.9387898445129395
2012-04-04,3.9387898445129395
2012-04-05,3.9387898445129395
2012-04-09,3.647789716720581
2012-04-10,3.647789716720581
2012-04-11,3.647789716720581
2012-04-12,3.647789716720581
2012-04-13,3.5272738933563232
2012-04-16,3.5507898330688477
2012-04-17,3.5507898330688477
2012-04-18,3.5507898330688477
2012-04-19,3.589001417160034
2012-04-20,3.589001417160034
2012-04-23,3.5272738933563232
2012-04-24,3.6242737770080566
2012-04-25,3.4831833839416504
2012-04-26,3.4831833839416504
2012-04-27,3.4831833839416504
2012-04-30,3.4831833839416504
2012-05-01,3.4831833839416504
2012-05-02,3.365607500076294
2012-05-03,3.350909948348999
2012-05-04,3.350909948348999
2012-05-07,3.350909948348999
2012-05-08,3.303880214691162
2012-05-09,3.233334541320801
2012-05-10,3.1363346576690674
2012-05-11,3.112819194793701
2012-05-14,3.112819194793701
2012-05-15,2.939394474029541
2012-05-16,2.745394706726074
2012-05-17,2.796834707260132
2012-05-18,2.796834707260132
2012-05-21,2.796834707260132
2012-05-22,2.796834707260132
2012-05-23,2.5337584018707275
2012-05-24,2.5337584018707275
2012-05-25,2.5337584018707275
2012-05-29,2.5337584018707275
2012-05-30,2.5337584018707275
2012-05-31,2.1898491382598877
2012-06-01,2.26039457321167
2012-06-04,2.26039457321167
2012-06-05,2.26039457321167
2012-06-06,2.1134252548217773
2012-06-07,2.1134252548217773
2012-06-08,2.1134252548217773
2012-06-11,2.1134252548217773
2012-06-12,1.9458798170089722
2012-06-13,1.901788592338562
2012-06-14,1.7900915145874023
2012-06-15,1.8665159940719604
2012-06-18,2.022303581237793
2012-06-19,2.1163644790649414
2012-06-20,1.9870307445526123
2012-06-21,1.9400010108947754
2012-06-22,1.919718623161316
2012-06-25,1.9253031015396118
2012-06-26,1.9253031015396118
2012-06-27,1.8400614261627197
2012-06-28,1.6901524066925049
2012-06-29,1.7577579021453857
2012-07-02,1.678394079208374
2012-07-03,1.678394079208374
2012-07-05,1.816546082496643
2012-07-06,1.816546082496643
2012-07-09,1.816546082496643
2012-07-10,1.816546082496643
2012-07-11,1.816546082496643
2012-07-12,1.816546082496643
2012-07-13,1.9076669216156006
2012-07-16,1.9076669216156006
2012-07-17,1.9076669216156006
2012-07-18,1.9076669216156006
2012-07-19,1.910607099533081
2012-07-20,1.910607099533081
2012-07-23,1.7342435121536255
2012-07-24,1.7342435121536255
2012-07-25,1.737182378768921
2012-07-26,1.737182378768921
2012-07-27,1.8635761737823486
2012-07-30,1.7636369466781616
2012-07-31,1.7636369466781616
2012-08-01,1.7636369466781616
2012-08-02,1.725425124168396
2012-08-03,1.725425124168396
2012-08-06,1.7930306196212769
2012-08-07,1.7930306196212769
2012-08-08,1.8576979637145996
2012-08-09,1.8576979637145996
2012-08-10,1.8518187999725342
2012-08-13,1.8518187999725342
2012-08-14,1.8518187999725342
2012-08-15,1.8518187999725342
2012-08-16,1.8077279329299927
2012-08-17,1.8077279329299927
2012-08-20,1.869455099105835
2012-08-21,1.869455099105835
2012-08-22,2.0311214923858643
2012-08-23,2.0311214923858643
2012-08-24,2.0311214923858643
2012-08-27,2.0311214923858643
2012-08-28,2.0311214923858643
2012-08-29,2.0311214923858643
2012-08-30,2.0311214923858643
2012-08-31,1.9896761178970337
2012-09-04,1.9987889528274536
2012-09-05,2.0399398803710938
2012-09-06,2.0399398803710938
2012-09-07,2.0399398803710938
2012-09-10,2.0399398803710938
2012-09-11,2.1575162410736084
2012-09-12,2.1898491382598877
2012-09-13,2.2927281856536865
2012-09-14,2.414418935775757
2012-09-17,2.4279401302337646
2012-09-18,2.4279401302337646
2012-09-19,2.4279401302337646
2012-09-20,2.5161218643188477
2012-09-21,2.5161218643188477
2012-09-24,2.5531582832336426
2012-09-25,2.5161218643188477
2012-09-26,2.5161218643188477
2012-09-27,2.369152307510376
2012-09-28,2.2780308723449707
2012-10-01,2.2780308723449707
2012-10-02,2.2780308723449707
2012-10-03,2.345637559890747
2012-10-04,2.345637559890747
2012-10-05,2.3515164852142334
2012-10-08,2.4044253826141357
2012-10-09,2.4044253826141357
2012-10-10,2.4279401302337646
2012-10-11,2.4279401302337646
2012-10-12,2.4690918922424316
2012-10-15,2.448516368865967
2012-10-16,2.448516368865967
2012-10-17,2.448516368865967
2012-10-18,2.448516368865967
2012-10-19,2.569031000137329
2012-10-22,2.569031000137329
2012-10-23,2.569031000137329
2012-10-24,2.610182762145996
2012-10-25,2.610182762145996
2012-10-26,2.3838491439819336
2012-10-31,2.3368189334869385
2012-11-01,2.3368189334869385
2012-11-02,2.3368189334869385
2012-11-05,2.3368189334869385
2012-11-06,2.3368189334869385
2012-11-07,2.3368189334869385
2012-11-08,2.3368189334869385
2012-11-09,2.369152307510376
2012-11-12,2.369152307510376
2012-11-13,2.5749101638793945
2012-11-14,2.519062042236328
2012-11-15,2.519062042236328
2012-11-16,2.519062042236328
2012-11-19,2.519062042236328
2012-11-20,2.463212728500366
2012-11-21,2.439697742462158
2012-11-23,2.439697742462158
2012-11-26,2.674849271774292
2012-11-27,2.674849271774292
2012-11-28,2.674849271774292
2012-11-29,2.674849271774292
2012-11-30,2.7483348846435547
2012-12-03,2.821819305419922
2012-12-04,2.912940502166748
2012-12-05,2.9599714279174805
2012-12-06,2.939394474029541
2012-12-07,3.0070011615753174
2012-12-10,3.086364507675171
2012-12-11,3.086364507675171
2012-12-12,3.086364507675171
2012-12-13,2.998183012008667
2012-12-14,2.9599714279174805
2012-12-17,2.9246983528137207
2012-12-18,3.0334556102752686
2012-12-19,2.983485460281372
2012-12-20,2.983485460281372
2012-12-21,2.974667549133301
2012-12-24,3.0716676712036133
2012-12-26,2.9687891006469727
2012-12-27,2.9687891006469727
2012-12-28,2.9687891006469727
2012-12-31,3.086364507675171
2013-01-02,3.174546480178833
2013-01-03,3.277425765991211
2013-01-04,3.277425765991211
2013-01-07,3.1245768070220947
2013-01-08,3.1245768070220947
2013-01-09,3.174546480178833
2013-01-10,3.2039403915405273
2013-01-11,3.2039403915405273
2013-01-14,3.2039403915405273
2013-01-15,3.2039403915405273
2013-01-16,3.3450310230255127
2013-01-17,3.3673713207244873
2013-01-18,3.3332738876342773
2013-01-22,3.4008805751800537
2013-01-23,3.453789234161377
2013-01-24,3.453789234161377
2013-01-25,3.453789234161377
2013-01-28,3.353849411010742
2013-01-29,3.262728452682495
2013-01-30,3.2686073780059814
2013-01-31,3.1980621814727783
2013-02-01,3.2921221256256104
2013-02-04,3.2921221256256104
2013-02-05,3.2921221256256104
2013-02-06,3.2921221256256104
2013-02-07,3.2921221256256104
2013-02-08,2.983485460281372
2013-02-11,2.983485460281372
2013-02-12,2.983485460281372
2013-02-13,2.983485460281372
2013-02-14,2.9246983528137207
2013-02-15,3.001121997833252
2013-02-19,2.8570916652679443
2013-02-20,2.848273754119873
2013-02-21,2.7836074829101562
2013-02-22,2.9246983528137207
2013-02-25,2.9246983528137207
2013-02-26,2.910001277923584
2013-02-27,2.910001277923584
2013-02-28,3.027576446533203
2013-03-01,2.983485460281372
2013-03-04,2.983485460281372
2013-03-05,2.983485460281372
2013-03-06,2.983485460281372
2013-03-07,2.983485460281372
2013-03-08,2.930576801300049
2013-03-11,2.930576801300049
2013-03-12,3.045212984085083
2013-03-13,3.1686675548553467
2013-03-14,3.1686675548553467
2013-03-15,3.1686675548553467
2013-03-18,3.1686675548553467
2013-03-19,3.1686675548553467
2013-03-20,3.1686675548553467
2013-03-21,3.1686675548553467
2013-03-22,3.1686675548553467
2013-03-25,3.242152690887451
2013-03-26,3.242152690887451
2013-03-27,3.4390921592712402
2013-03-28,3.4390921592712402
2013-04-01,3.3597283363342285
2013-04-02,3.280364751815796
2013-04-03,3.350909948348999
2013-04-04,3.409698247909546
2013-04-05,3.5272738933563232
2013-04-08,3.4949402809143066
2013-04-09,3.5713651180267334
2013-04-10,3.5272738933563232
2013-04-11,3.547849416732788
2013-04-12,3.533153533935547
2013-04-15,3.2862439155578613
2013-04-16,3.447910785675049
2013-04-17,3.1804258823394775
2013-04-18,3.1804258823394775
2013-04-19,3.1804258823394775
2013-04-22,3.1804258823394775
2013-04-23,3.1804258823394775
2013-04-24,3.1804258823394775
2013-04-25,3.2712531089782715
2013-04-26,3.2712531089782715
2013-04-29,3.2712531089782715
2013-04-30,3.151031017303467
2013-05-01,3.151031017303467
2013-05-02,3.151031017303467
2013-05-03,3.151031017303467
2013-05-06,3.1157584190368652
2013-05-07,3.1157584190368652
2013-05-08,3.1157584190368652
2013-05-09,3.1157584190368652
2013-05-10,3.1157584190368652
2013-05-13,3.1157584190368652
2013-05-14,3.350909948348999
2013-05-15,3.3362131118774414
2013-05-16,3.3803038597106934
2013-05-17,3.3803038597106934
2013-05-20,3.3803038597106934
2013-05-21,3.3803038597106934
2013-05-22,3.3803038597106934
2013-05-23,3.3803038597106934
2013-05-24,3.3803038597106934
2013-05-28,3.3803038597106934
2013-05-29,3.2039403915405273
2013-05-30,3.189244270324707
2013-05-31,3.174546480178833
2013-06-03,3.130455732345581
2013-06-04,3.233334541320801
2013-06-05,3.195122003555298
2013-06-06,3.195122003555298
2013-06-07,3.195122003555298
2013-06-10,3.174546480178833
2013-06-11,3.130455732345581
2013-06-12,3.130455732345581
2013-06-13,2.998183012008667
2013-06-14,2.998183012008667
2013-06-17,3.042274236679077
2013-06-18,3.1363346576690674
2013-06-19,3.0510919094085693
2013-06-20,3.0569710731506348
2013-06-21,3.171607732772827
2013-06-24,3.201000928878784
2013-06-25,3.201000928878784
2013-06-26,3.201000928878784
2013-06-27,3.2039403915405273
2013-06-28,3.218637466430664
2013-07-01,3.218637466430664
2013-07-02,3.218637466430664
2013-07-03,3.218637466430664
2013-07-05,3.0716676712036133
2013-07-08,3.0716676712036133
2013-07-09,3.145153045654297
2013-07-10,3.145153045654297
2013-07-11,3.145153045654297
2013-07-12,3.153970956802368
2013-07-15,3.153970956802368
2013-07-16,3.153970956802368
2013-07-17,3.153970956802368
2013-07-18,3.153970956802368
2013-07-19,3.0569710731506348
2013-07-22,3.065789222717285
2013-07-23,3.065789222717285
2013-07-24,3.065789222717285
2013-07-25,3.065789222717285
2013-07-26,3.065789222717285
2013-07-29,3.065789222717285
2013-07-30,3.130455732345581
2013-07-31,3.0951828956604004
2013-08-01,3.0951828956604004
2013-08-02,3.0951828956604004
2013-08-05,3.0951828956604004
2013-08-06,2.9893646240234375
2013-08-07,2.9893646240234375
2013-08-08,2.9893646240234375
2013-08-09,2.9893646240234375
2013-08-12,2.9893646240234375
2013-08-13,2.9893646240234375
2013-08-14,2.9893646240234375
2013-08-15,2.9893646240234375
2013-08-16,2.9893646240234375
2013-08-19,3.3420920372009277
2013-08-20,3.3420920372009277
2013-08-21,3.259789228439331
2013-08-22,3.259789228439331
2013-08-23,3.259789228439331
2013-08-26,3.2980010509490967
2013-08-27,3.2980010509490967
2013-08-28,3.2980010509490967
2013-08-29,3.2980010509490967
2013-08-30,3.2980010509490967
2013-09-03,3.2980010509490967
2013-09-04,3.54197096824646
2013-09-05,3.5272738933563232
2013-09-06,3.5272738933563232
2013-09-09,3.5831222534179688
2013-09-10,3.5566673278808594
2013-09-11,3.5566673278808594
2013-09-12,3.5596072673797607
2013-09-13,3.5596072673797607
2013-09-16,3.6154558658599854
2013-09-17,3.6154558658599854
2013-09-18,3.762425661087036
2013-09-19,3.6713037490844727
2013-09-20,3.6007587909698486
2013-09-23,3.630153179168701
2013-09-24,3.630153179168701
2013-09-25,3.630153179168701
2013-09-26,3.630153179168701
2013-09-27,3.630153179168701
2013-09-30,3.630153179168701
2013-10-01,3.630153179168701
2013-10-02,3.630153179168701
2013-10-03,3.630153179168701
2013-10-04,3.630153179168701
2013-10-07,3.433212995529175
2013-10-08,3.433212995529175
2013-10-09,3.433212995529175
2013-10-10,3.58606219291687
2013-10-11,3.58606219291687
2013-10-14,3.58606219291687
2013-10-15,3.612515926361084
2013-10-16,3.612515926361084
2013-10-17,3.5772438049316406
2013-10-18,3.5772438049316406
2013-10-21,3.5772438049316406
2013-10-22,3.5772438049316406
2013-10-23,3.5772438049316406
2013-10-24,3.5772438049316406
2013-10-25,3.5772438049316406
2013-10-28,3.5772438049316406
2013-10-29,3.5772438049316406
2013-10-30,3.5772438049316406
2013-10-31,3.5772438049316406
2013-11-01,3.5772438049316406
2013-11-04,3.5772438049316406
2013-11-05,3.5772438049316406
2013-11-06,3.5772438049316406
2013-11-07,3.5772438049316406
2013-11-08,3.5772438049316406
2013-11-11,3.5772438049316406
2013-11-12,3.5772438049316406
2013-11-13,3.5772438049316406
2013-11-14,3.347970962524414
2013-11-15,3.347970962524414
2013-11-18,3.453789234161377
2013-11-19,3.453789234161377
2013-11-20,3.453789234161377
2013-11-21,3.324455499649048
2013-11-22,3.365607500076294
2013-11-25,3.365607500076294
2013-11-26,3.365607500076294
2013-11-27,3.365607500076294
2013-11-29,3.365607500076294
2013-12-02,3.365607500076294
2013-12-03,3.112819194793701
2013-12-04,2.9864256381988525
2013-12-05,3.1833646297454834
2013-12-06,3.1833646297454834
2013-12-09,3.1833646297454834
2013-12-10,3.1833646297454834
2013-12-11,3.1833646297454834
2013-12-12,3.1833646297454834
2013-12-13,3.1833646297454834
2013-12-16,3.1833646297454834
2013-12-17,3.1833646297454834
2013-12-18,3.306819438934326
2013-12-19,3.321516752243042
2013-12-20,3.321516752243042
2013-12-23,3.321516752243042
2013-12-24,3.321516752243042
2013-12-26,3.321516752243042
2013-12-27,3.321516752243042
2013-12-30,3.321516752243042
2013-12-31,3.321516752243042
2014-01-02,3.321516752243042
2014-01-03,3.321516752243042
2014-01-06,3.321516752243042
2014-01-07,3.321516752243042
2014-01-08,3.321516752243042
2014-01-09,3.321516752243042
2014-01-10,3.321516752243042
2014-01-13,3.395001173019409
2014-01-14,3.395001173019409
2014-01-15,3.4831833839416504
2014-01-16,3.4949402809143066
2014-01-17,3.4361531734466553
2014-01-21,3.3303349018096924
2014-01-22,3.3303349018096924
2014-01-23,3.2921221256256104
2014-01-24,3.3362131118774414
2014-01-27,3.3362131118774414
2014-01-28,3.3362131118774414
2014-01-29,3.3362131118774414
2014-01-30,3.4714255332946777
2014-01-31,3.4361531734466553
2014-02-03,3.4038193225860596
2014-02-04,3.3803038597106934
2014-02-05,3.3803038597106934
2014-02-06,3.3803038597106934
2014-02-07,3.3803038597106934
2014-02-10,3.3803038597106934
2014-02-11,3.3803038597106934
2014-02-12,3.3156375885009766
2014-02-13,3.3156375885009766
2014-02-14,3.3156375885009766
2014-02-18,3.3156375885009766
2014-02-19,3.3156375885009766
2014-02-20,3.3156375885009766
2014-02-21,3.3156375885009766
2014-02-24,3.3156375885009766
2014-02-25,3.3156375885009766
2014-02-26,3.324455499649048
2014-02-27,3.324455499649048
2014-02-28,3.324455499649048
2014-03-03,3.324455499649048
2014-03-04,3.324455499649048
2014-03-05,3.324455499649048
2014-03-06,3.324455499649048
2014-03-07,3.324455499649048
2014-03-10,3.1569101810455322
2014-03-11,3.1569101810455322
2014-03-12,3.1569101810455322
2014-03-13,3.1569101810455322
2014-03-14,3.1569101810455322
2014-03-17,3.1569101810455322
2014-03-18,3.1569101810455322
2014-03-19,3.1569101810455322
2014-03-20,3.1569101810455322
2014-03-21,3.1569101810455322
2014-03-24,3.3803038597106934
2014-03-25,3.3803038597106934
2014-03-26,3.130455732345581
2014-03-27,3.130455732345581
2014-03-28,3.130455732345581
2014-03-31,3.130455732345581
2014-04-01,3.130455732345581
2014-04-02,3.130455732345581
2014-04-03,3.130455732345581
2014-04-04,3.130455732345581
2014-04-07,3.130455732345581
2014-04-08,3.321516752243042
2014-04-09,3.065789222717285
2014-04-10,3.065789222717285
2014-04-11,3.065789222717285
2014-04-14,3.065789222717285
2014-04-15,3.065789222717285
2014-04-16,3.065789222717285
2014-04-17,3.065789222717285
2014-04-21,3.065789222717285
2014-04-22,3.065789222717285
2014-04-23,3.065789222717285
2014-04-24,3.0922436714172363
2014-04-25,2.892364501953125
2014-04-28,2.939394474029541
2014-04-29,2.8541529178619385
2014-04-30,2.8541529178619385
2014-05-01,2.8541529178619385
2014-05-02,2.8541529178619385
2014-05-05,2.8541529178619385
2014-05-06,2.8541529178619385
2014-05-07,2.8541529178619385
2014-05-08,2.8541529178619385
2014-05-09,2.8541529178619385
2014-05-12,3.0604984760284424
2014-05-13,3.0604984760284424
2014-05-14,3.1804258823394775
2014-05-15,3.1804258823394775
2014-05-16,3.1833646297454834
2014-05-19,3.1833646297454834
2014-05-20,3.024637460708618
2014-05-21,3.0716676712036133
2014-05-22,3.0716676712036133
2014-05-23,3.0716676712036133
2014-05-27,3.1657280921936035
2014-05-28,3.1657280921936035
2014-05-29,3.1657280921936035
2014-05-30,3.1657280921936035
2014-06-02,3.174546480178833
2014-06-03,3.174546480178833
2014-06-04,3.174546480178833
2014-06-05,3.174546480178833
2014-06-06,3.174546480178833
2014-06-09,3.174546480178833
2014-06-10,3.174546480178833
2014-06-11,3.174546480178833
2014-06-12,3.303880214691162
2014-06-13,3.303880214691162
2014-06-16,3.303880214691162
2014-06-17,3.303880214691162
2014-06-18,3.303880214691162
2014-06-19,3.395001173019409
2014-06-20,3.4861221313476562
2014-06-23,3.4861221313476562
2014-06-24,3.4861221313476562
2014-06-25,3.353849411010742
2014-06-26,3.3567893505096436
2014-06-27,3.3567893505096436
2014-06-30,3.3567893505096436
2014-07-01,3.3303349018096924
2014-07-02,3.3567893505096436
2014-07-03,3.383244276046753
2014-07-07,3.383244276046753
2014-07-08,3.447322130203247
2014-07-09,3.4861221313476562
2014-07-10,3.4861221313476562
2014-07-11,3.4861221313476562
2014-07-14,3.4861221313476562
2014-07-15,3.4861221313476562
2014-07-16,3.4861221313476562
2014-07-17,3.4861221313476562
2014-07-18,3.4861221313476562
2014-07-21,3.2509710788726807
2014-07-22,3.2509710788726807
2014-07-23,3.2509710788726807
2014-07-24,3.4214558601379395
2014-07-25,3.4214558601379395
2014-07-28,3.3803038597106934
2014-07-29,3.3803038597106934
2014-07-30,3.3803038597106934
2014-07-31,3.3803038597106934
2014-08-01,3.3362131118774414
2014-08-04,3.3362131118774414
2014-08-05,3.3362131118774414
2014-08-06,3.3362131118774414
2014-08-07,3.3362131118774414
2014-08-08,3.3362131118774414
2014-08-11,3.3362131118774414
2014-08-12,3.4449713230133057
2014-08-13,3.4449713230133057
2014-08-14,3.4449713230133057
2014-08-15,3.4449713230133057
2014-08-18,3.4449713230133057
2014-08-19,3.518455743789673
2014-08-20,3.518455743789673
2014-08-21,3.518455743789673
2014-08-22,3.518455743789673
2014-08-25,3.6375014781951904
2014-08-26,3.4038193225860596
2014-08-27,3.4038193225860596
2014-08-28,3.4038193225860596
2014-08-29,3.4038193225860596
2014-09-02,3.4435012340545654
2014-09-03,3.4435012340545654
2014-09-04,3.7477283477783203
2014-09-05,3.7477283477783203
2014-09-08,3.7477283477783203
2014-09-09,3.7477283477783203
2014-09-10,3.7477283477783203
2014-09-11,3.7477283477783203
2014-09-12,3.7477283477783203
2014-09-15,3.7477283477783203
2014-09-16,3.7168655395507812
2014-09-17,3.589001417160034
2014-09-18,3.589001417160034
2014-09-19,3.589001417160034
2014-09-22,3.589001417160034
2014-09-23,3.589001417160034
2014-09-24,3.544910192489624
2014-09-25,3.544910192489624
2014-09-26,3.544910192489624
2014-09-29,3.544910192489624
2014-09-30,3.544910192489624
2014-10-01,3.544910192489624
2014-10-02,3.544910192489624
2014-10-03,3.544910192489624
2014-10-06,3.5290374755859375
2014-10-07,3.5290374755859375
2014-10-08,3.5290374755859375
2014-10-09,3.5290374755859375
2014-10-10,3.437328338623047
2014-10-13,3.437328338623047
2014-10-14,3.350909948348999
2014-10-15,3.350909948348999
2014-10-16,3.350909948348999
2014-10-17,3.461137533187866
2014-10-20,3.2847740650177
2014-10-21,3.2847740650177
2014-10-22,3.2847740650177
2014-10-23,3.408228635787964
2014-10-24,3.5272738933563232
2014-10-27,3.5272738933563232
2014-10-28,3.5272738933563232
2014-10-29,3.5272738933563232
2014-10-30,3.6683645248413086
2014-10-31,3.589001417160034
2014-11-03,3.589001417160034
2014-11-04,3.589001417160034
2014-11-05,3.589001417160034
2014-11-06,3.589001417160034
2014-11-07,3.589001417160034
2014-11-10,3.611046552658081
2014-11-11,3.611046552658081
2014-11-12,3.734501600265503
2014-11-13,3.6419107913970947
2014-11-14,3.6419107913970947
2014-11-17,3.6419107913970947
2014-11-18,3.690410614013672
2014-11-19,3.690410614013672
2014-11-20,3.690410614013672
2014-11-21,3.690410614013672
2014-11-24,3.690410614013672
2014-11-25,3.690410614013672
2014-11-26,3.6375014781951904
2014-11-28,3.6375014781951904
2014-12-01,3.6375014781951904
2014-12-02,3.6375014781951904
2014-12-03,3.655137777328491
2014-12-04,3.655137777328491
2014-12-05,3.655137777328491
2014-12-08,3.655137777328491
2014-12-09,3.655137777328491
2014-12-10,3.6419107913970947
2014-12-11,3.6419107913970947
2014-12-12,3.6419107913970947
2014-12-15,3.6419107913970947
2014-12-16,3.6419107913970947
2014-12-17,3.6419107913970947
2014-12-18,3.6419107913970947
2014-12-19,3.6419107913970947
2014-12-22,3.5757739543914795
2014-12-23,3.518455743789673
2014-12-24,3.518455743789673
2014-12-26,3.518455743789673
2014-12-29,3.518455743789673
2014-12-30,3.518455743789673
2014-12-31,3.518455743789673
2015-01-02,3.518455743789673
2015-01-05,3.518455743789673
2015-01-06,3.518455743789673
2015-01-07,3.518455743789673
2015-01-08,3.518455743789673
2015-01-09,3.518455743789673
2015-01-12,3.518455743789673
2015-01-13,3.518455743789673
2015-01-14,3.518455743789673
2015-01-15,3.518455743789673
2015-01-16,3.5360922813415527
2015-01-20,3.395001173019409
2015-01-21,3.4214558601379395
2015-01-22,3.4214558601379395
2015-01-23,3.4214558601379395
2015-01-26,3.4214558601379395
2015-01-27,3.4214558601379395
2015-01-28,3.4920012950897217
2015-01-29,3.522865056991577
2015-01-30,3.522865056991577
2015-02-02,3.522865056991577
2015-02-03,3.522865056991577
2015-02-04,3.522865056991577
2015-02-05,3.522865056991577
2015-02-06,3.522865056991577
2015-02-09,3.522865056991577
2015-02-10,3.522865056991577
2015-02-11,3.522865056991577
2015-02-12,3.522865056991577
2015-02-13,3.783001184463501
2015-02-17,3.7036375999450684
2015-02-18,3.805046796798706
2015-02-19,3.805046796798706
2015-02-20,3.805046796798706
2015-02-23,3.805046796798706
2015-02-24,3.805046796798706
2015-02-25,3.805046796798706
2015-02-26,3.805046796798706
2015-02-27,3.805046796798706
2015-03-02,3.805046796798706
2015-03-03,3.805046796798706
2015-03-04,3.9196829795837402
2015-03-05,3.721273183822632
2015-03-06,3.721273183822632
2015-03-09,3.721273183822632
2015-03-10,3.721273183822632
2015-03-11,3.721273183822632
2015-03-12,3.721273183822632
2015-03-13,3.721273183822632
2015-03-16,3.721273183822632
2015-03-17,3.721273183822632
2015-03-18,3.721273183822632
2015-03-19,3.721273183822632
2015-03-20,3.721273183822632
2015-03-23,3.721273183822632
2015-03-24,3.9196829795837402
2015-03-25,3.9196829795837402
2015-03-26,3.9725921154022217
2015-03-27,3.9725921154022217
2015-03-30,3.9725921154022217
2015-03-31,4.0519561767578125
2015-04-01,4.0519561767578125
2015-04-02,4.0519561767578125
2015-04-06,4.0519561767578125
2015-04-07,4.131319522857666
2015-04-08,4.131319522857666
2015-04-09,4.131319522857666
2015-04-10,4.184228897094727
2015-04-13,4.365001201629639
2015-04-14,4.365001201629639
2015-04-15,4.365001201629639
2015-04-16,4.250365257263184
2015-04-17,4.365001201629639
2015-04-20,4.365001201629639
2015-04-21,4.365001201629639
2015-04-22,4.409092426300049
2015-04-23,4.356183052062988
2015-04-24,4.457592487335205
2015-04-27,4.320910453796387
2015-04-28,4.21509313583374
2015-04-29,4.21509313583374
2015-04-30,4.550183296203613
2015-05-01,4.356183052062988
2015-05-04,4.567819595336914
2015-05-05,4.567819595336914
2015-05-06,4.290046691894531
2015-05-07,4.290046691894531
2015-05-08,4.664820194244385
2015-05-11,4.541366100311279
2015-05-12,4.541366100311279
2015-05-13,4.541366100311279
2015-05-14,4.541366100311279
2015-05-15,4.5193190574646
2015-05-18,4.744183540344238
2015-05-19,4.704501628875732
2015-05-20,4.704501628875732
2015-05-21,4.431138038635254
2015-05-22,4.431138038635254
2015-05-26,4.34295654296875
2015-05-27,4.57222843170166
2015-05-28,4.57222843170166
2015-05-29,4.722138404846191
2015-06-01,4.656002044677734
2015-06-02,4.656002044677734
2015-06-03,4.656002044677734
2015-06-04,4.497273921966553
2015-06-05,4.497273921966553
2015-06-08,4.497273921966553
2015-06-09,4.497273921966553
2015-06-10,4.497273921966553
2015-06-11,4.497273921966553
2015-06-12,4.497273921966553
2015-06-15,4.497273921966553
2015-06-16,4.497273921966553
2015-06-17,4.497273921966553
2015-06-18,4.497273921966553
2015-06-19,4.497273921966553
2015-06-22,4.497273921966553
2015-06-23,4.497273921966553
2015-06-24,4.497273921966553
2015-06-25,4.497273921966553
2015-06-26,4.497273921966553
2015-06-29,4.497273921966553
2015-06-30,4.497273921966553
2015-07-01,4.497273921966553
2015-07-02,4.497273921966553
2015-07-06,4.497273921966553
2015-07-07,4.497273921966553
2015-07-08,4.497273921966553
2015-07-09,4.497273921966553
2015-07-10,4.497273921966553
2015-07-13,4.497273921966553
2015-07-14,4.232728958129883
2015-07-15,4.201865196228027
2015-07-16,4.2724103927612305
2015-07-17,3.7962281703948975
2015-07-20,3.7962281703948975
2015-07-21,3.7962281703948975
2015-07-22,3.7962281703948975
2015-07-23,3.7962281703948975
2015-07-24,3.7962281703948975
2015-07-27,3.7962281703948975
2015-07-28,3.7962281703948975
2015-07-29,3.7962281703948975
2015-07-30,3.7962281703948975
2015-07-31,3.7962281703948975
2015-08-03,4.285637855529785
2015-08-04,4.285637855529785
2015-08-05,4.409092426300049
2015-08-06,4.409092426300049
2015-08-07,4.409092426300049
2015-08-10,4.409092426300049
2015-08-11,4.409092426300049
2015-08-12,4.104865074157715
2015-08-13,4.104865074157715
2015-08-14,4.259183883666992
2015-08-17,4.259183883666992
2015-08-18,4.259183883666992
2015-08-19,4.232728958129883
2015-08-20,4.232728958129883
2015-08-21,4.232728958129883
2015-08-24,4.232728958129883
2015-08-25,4.232728958129883
2015-08-26,4.232728958129883
2015-08-27,4.232728958129883
2015-08-28,4.232728958129883
2015-08-31,4.232728958129883
2015-09-01,4.232728958129883
2015-09-02,4.232728958129883
2015-09-03,4.409092426300049
2015-09-04,4.409092426300049
2015-09-08,4.422319412231445
2015-09-09,4.422319412231445
2015-09-10,4.422319412231445
2015-09-11,4.404683589935303
2015-09-14,4.404683589935303
2015-09-15,4.365001201629639
2015-09-16,4.365001201629639
2015-09-17,4.228320121765137
2015-09-18,4.228320121765137
2015-09-21,4.228320121765137
2015-09-22,4.228320121765137
2015-09-23,4.228320121765137
2015-09-24,4.228320121765137
2015-09-25,4.228320121765137
2015-09-28,4.228320121765137
2015-09-29,4.228320121765137
2015-09-30,4.188638210296631
2015-10-01,4.188638210296631
2015-10-02,4.188638210296631
2015-10-05,4.188638210296631
2015-10-06,4.166592597961426
2015-10-07,4.087229251861572
2015-10-08,4.087229251861572
2015-10-09,3.928501605987549
2015-10-12,3.928501605987549
2015-10-13,4.184228897094727
2015-10-14,4.175410270690918
2015-10-15,4.175410270690918
2015-10-16,4.175410270690918
2015-10-19,4.175410270690918
2015-10-20,4.175410270690918
2015-10-21,4.175410270690918
2015-10-22,4.175410270690918
2015-10-23,4.029911041259766
2015-10-26,3.9681832790374756
2015-10-27,3.9681832790374756
2015-10-28,3.9681832790374756
2015-10-29,3.9681832790374756
2015-10-30,3.8270926475524902
2015-11-02,3.8270926475524902
2015-11-03,3.8270926475524902
2015-11-04,4.029911041259766
2015-11-05,4.029911041259766
2015-11-06,4.029911041259766
2015-11-09,4.029911041259766
2015-11-10,4.029911041259766
2015-11-11,4.029911041259766
2015-11-12,4.171000957489014
2015-11-13,4.171000957489014
2015-11-16,4.171000957489014
2015-11-17,4.171000957489014
2015-11-18,4.34736442565918
2015-11-19,4.34736442565918
2015-11-20,4.44436502456665
2015-11-23,4.44436502456665
2015-11-24,4.44436502456665
2015-11-25,4.44436502456665
2015-11-27,4.44436502456665
2015-11-30,4.237138271331787
2015-12-01,4.237138271331787
2015-12-02,4.237138271331787
2015-12-03,4.237138271331787
2015-12-04,4.237138271331787
2015-12-07,4.285637855529785
2015-12-08,4.285637855529785
2015-12-09,4.285637855529785
2015-12-10,4.285637855529785
2015-12-11,4.285637855529785
2015-12-14,3.954956531524658
2015-12-15,3.954956531524658
2015-12-16,3.954956531524658
2015-12-17,3.954956531524658
2015-12-18,3.9725921154022217
2015-12-21,4.0563645362854
2015-12-22,4.0563645362854
2015-12-23,4.0563645362854
2015-12-24,4.0563645362854
2015-12-28,4.113683223724365
2015-12-29,4.1004557609558105
2015-12-30,4.1004557609558105
2015-12-31,4.1004557609558105
2016-01-04,4.1004557609558105
2016-01-05,4.1004557609558105
2016-01-06,4.1004557609558105
2016-01-07,3.805046796798706
2016-01-08,3.805046796798706
2016-01-11,3.699228525161743
2016-01-12,3.6586649417877197
2016-01-13,3.6586649417877197
2016-01-14,3.5272738933563232
2016-01-15,3.4920012950897217
2016-01-19,3.350909948348999
2016-01-20,3.064319372177124
2016-01-21,3.064319372177124
2016-01-22,3.064319372177124
2016-01-25,3.064319372177124
2016-01-26,3.064319372177124
2016-01-27,3.064319372177124
2016-01-28,3.218637466430664
2016-01-29,3.5537285804748535
2016-02-01,3.5537285804748535
2016-02-02,3.086364507675171
2016-02-03,3.086364507675171
2016-02-04,3.086364507675171
2016-02-05,3.086364507675171
2016-02-08,3.086364507675171
2016-02-09,3.086364507675171
2016-02-10,3.086364507675171
2016-02-11,3.086364507675171
2016-02-12,3.086364507675171
2016-02-16,3.086364507675171
2016-02-17,3.086364507675171
2016-02-18,3.086364507675171
2016-02-19,3.086364507675171
2016-02-22,3.086364507675171
2016-02-23,3.086364507675171
2016-02-24,3.3597283363342285
2016-02-25,3.3597283363342285
2016-02-26,3.3597283363342285
2016-02-29,3.3597283363342285
2016-03-01,3.3597283363342285
2016-03-02,3.3597283363342285
2016-03-03,3.2671375274658203
2016-03-04,3.253910541534424
2016-03-07,3.152501344680786
2016-03-08,2.910001277923584
2016-03-09,2.910001277923584
2016-03-10,2.910001277923584
2016-03-11,2.9188194274902344
2016-03-14,2.9188194274902344
2016-03-15,2.9188194274902344
2016-03-16,2.9188194274902344
2016-03-17,2.9188194274902344
2016-03-18,2.9188194274902344
2016-03-21,2.9188194274902344
2016-03-22,2.9188194274902344
2016-03-23,2.9188194274902344
2016-03-24,2.9188194274902344
2016-03-28,2.9188194274902344
2016-03-29,2.9188194274902344
2016-03-30,2.9188194274902344
2016-03-31,2.9188194274902344
2016-04-01,2.9188194274902344
2016-04-04,2.9188194274902344
2016-04-05,2.7248189449310303
2016-04-06,2.6895461082458496
2016-04-07,2.6895461082458496
2016-04-08,2.6895461082458496
2016-04-11,2.6895461082458496
2016-04-12,2.9452738761901855
2016-04-13,2.9452738761901855
2016-04-14,3.148092269897461
2016-04-15,3.1569101810455322
2016-04-18,3.2495009899139404
2016-04-19,3.203646659851074
2016-04-20,3.203646659851074
2016-04-21,3.203646659851074
2016-04-22,3.203646659851074
2016-04-25,3.203646659851074
2016-04-26,3.6154558658599854
2016-04-27,3.6154558658599854
2016-04-28,3.6154558658599854
2016-04-29,3.6154558658599854
2016-05-02,3.6154558658599854
2016-05-03,3.6154558658599854
2016-05-04,3.6154558658599854
2016-05-05,3.6154558658599854
2016-05-06,3.3288650512695312
2016-05-09,3.3288650512695312
2016-05-10,3.3288650512695312
2016-05-11,3.3288650512695312
2016-05-12,3.3288650512695312
2016-05-13,3.544910192489624
2016-05-16,3.544910192489624
2016-05-17,3.544910192489624
2016-05-18,3.5052285194396973
2016-05-19,3.5052285194396973
2016-05-20,3.5052285194396973
2016-05-23,3.5052285194396973
2016-05-24,3.5052285194396973
2016-05-25,3.5052285194396973
2016-05-26,3.5052285194396973
2016-05-27,3.5052285194396973
2016-05-31,3.5052285194396973
2016-06-01,3.5052285194396973
2016-06-02,3.5052285194396973
2016-06-03,3.5052285194396973
2016-06-06,3.5052285194396973
2016-06-07,3.5052285194396973
2016-06-08,3.5052285194396973
2016-06-09,3.5052285194396973
2016-06-10,3.5052285194396973
2016-06-13,3.5052285194396973
2016-06-14,3.5052285194396973
2016-06-15,3.5052285194396973
2016-06-16,3.5052285194396973
2016-06-17,3.5052285194396973
2016-06-20,3.5052285194396973
2016-06-21,3.5052285194396973
2016-06-22,3.5052285194396973
2016-06-23,3.170137405395508
2016-06-24,3.170137405395508
2016-06-27,3.170137405395508
2016-06-28,3.170137405395508
2016-06-29,3.086364507675171
2016-06-30,3.086364507675171
2016-07-01,3.086364507675171
2016-07-05,3.086364507675171
2016-07-06,3.086364507675171
2016-07-07,3.086364507675171
2016-07-08,2.998183012008667
2016-07-11,2.998183012008667
2016-07-12,2.954091787338257
2016-07-13,2.954091787338257
2016-07-14,2.954091787338257
2016-07-15,2.954091787338257
2016-07-18,2.954091787338257
2016-07-19,3.1392738819122314
2016-07-20,3.1392738819122314
2016-07-21,3.1392738819122314
2016-07-22,3.1392738819122314
2016-07-25,3.1392738819122314
2016-07-26,2.954091787338257
2016-07-27,2.954091787338257
2016-07-28,2.954091787338257
2016-07-29,2.764500856399536
2016-08-01,2.7689104080200195
2016-08-02,2.693955659866333
2016-08-03,2.693955659866333
2016-08-04,2.610182762145996
2016-08-05,2.610182762145996
2016-08-08,2.7512733936309814
2016-08-09,2.711591958999634
2016-08-10,2.711591958999634
2016-08-11,2.7689104080200195
2016-08-12,2.7689104080200195
2016-08-15,2.7689104080200195
2016-08-16,2.7689104080200195
2016-08-17,2.7689104080200195
2016-08-18,2.7777280807495117
2016-08-19,2.7777280807495117
2016-08-22,2.7468645572662354
2016-08-23,2.7468645572662354
2016-08-24,2.804183006286621
2016-08-25,2.693955659866333
2016-08-26,2.7071826457977295
2016-08-29,2.782137393951416
2016-08-30,2.7953648567199707
2016-08-31,2.799773693084717
2016-09-01,3.002591848373413
2016-09-02,2.9408648014068604
2016-09-06,2.976137399673462
2016-09-07,2.976137399673462
2016-09-08,2.976137399673462
2016-09-09,2.976137399673462
2016-09-12,2.976137399673462
2016-09-13,2.976137399673462
2016-09-14,2.976137399673462
2016-09-15,2.976137399673462
2016-09-16,2.976137399673462
2016-09-19,2.742455244064331
2016-09-20,2.711591958999634
2016-09-21,2.6851375102996826
2016-09-22,2.6454553604125977
2016-09-23,2.6454553604125977
2016-09-26,2.6895461082458496
2016-09-27,2.7336373329162598
2016-09-28,2.7336373329162598
2016-09-29,2.865910053253174
2016-09-30,2.9232287406921387
2016-10-03,2.9232287406921387
2016-10-04,2.9011826515197754
2016-10-05,2.9011826515197754
2016-10-06,2.9011826515197754
2016-10-07,2.8967738151550293
2016-10-10,2.890160322189331
2016-10-11,2.890160322189331
2016-10-12,2.890160322189331
2016-10-13,2.890160322189331
2016-10-14,2.890160322189331
2016-10-17,2.976137399673462
2016-10-18,2.976137399673462
2016-10-19,2.976137399673462
2016-10-20,2.936455488204956
2016-10-21,2.936455488204956
2016-10-24,2.910001277923584
2016-10-25,2.910001277923584
2016-10-26,3.108410358428955
2016-10-27,3.06872820854187
2016-10-28,3.06872820854187
2016-10-31,3.152501344680786
2016-11-01,3.0951828956604004
2016-11-02,3.0951828956604004
2016-11-03,2.91441011428833
2016-11-04,2.91441011428833
2016-11-07,2.848273754119873
2016-11-08,2.976137399673462
2016-11-09,2.910001277923584
2016-11-10,2.910001277923584
2016-11-11,3.2935919761657715
2016-11-14,3.130455732345581
2016-11-15,3.201000928878784
2016-11-16,2.976137399673462
2016-11-17,3.1436829566955566
2016-11-18,3.1436829566955566
2016-11-21,3.145887613296509
2016-11-22,3.320046901702881
2016-11-23,3.090773820877075
2016-11-25,3.090773820877075
2016-11-28,3.3376827239990234
2016-11-29,3.4390921592712402
2016-11-30,3.3729560375213623
2016-12-01,3.3729560375213623
2016-12-02,3.196592092514038
2016-12-05,3.236274003982544
2016-12-06,3.45672869682312
2016-12-07,3.5801830291748047
2016-12-08,3.611046552658081
2016-12-09,3.611046552658081
2016-12-12,3.5537285804748535
2016-12-13,3.4699556827545166
2016-12-14,3.4699556827545166
2016-12-15,3.4699556827545166
2016-12-16,3.4699556827545166
2016-12-19,3.4699556827545166
2016-12-20,3.5096378326416016
2016-12-21,3.5096378326416016
2016-12-22,3.5096378326416016
2016-12-23,3.5096378326416016
2016-12-27,3.5096378326416016
2016-12-28,3.6683645248413086
2016-12-29,3.783001184463501
2016-12-30,3.783001184463501
2017-01-03,3.783001184463501
2017-01-04,3.7653656005859375
2017-01-05,3.7653656005859375
2017-01-06,3.8403196334838867
2017-01-09,3.822683095932007
2017-01-10,3.822683095932007
2017-01-11,3.822683095932007
2017-01-12,3.822683095932007
2017-01-13,3.822683095932007
2017-01-17,3.822683095932007
2017-01-18,3.6595470905303955
2017-01-19,3.8094563484191895
2017-01-20,3.866774320602417
2017-01-23,3.8844103813171387
2017-01-24,4.078410625457764
2017-01-25,4.078410625457764
2017-01-26,4.065183162689209
2017-01-27,4.065183162689209
2017-01-30,4.065183162689209
2017-01-31,3.760955572128296
2017-02-01,3.7036375999450684
2017-02-02,3.7168655395507812
2017-02-03,3.672773838043213
2017-02-06,3.5978198051452637
2017-02-07,3.5978198051452637
2017-02-08,3.6860008239746094
2017-02-09,3.6860008239746094
2017-02-10,3.6860008239746094
2017-02-13,3.6860008239746094
2017-02-14,3.6860008239746094
2017-02-15,3.5757739543914795
2017-02-16,3.880002021789551
2017-02-17,3.9196829795837402
2017-02-21,3.9196829795837402
2017-02-22,3.9152746200561523
2017-02-23,3.9152746200561523
2017-02-24,3.91086483001709
2017-02-27,3.880002021789551
2017-02-28,3.880002021789551
2017-03-01,3.880002021789551
2017-03-02,3.690410614013672
2017-03-03,3.690410614013672
2017-03-06,3.500819683074951
2017-03-07,3.417046546936035
2017-03-08,3.417046546936035
2017-03-09,3.417046546936035
2017-03-10,3.417046546936035
2017-03-13,3.417046546936035
2017-03-14,3.4875919818878174
2017-03-15,3.522865056991577
2017-03-16,3.6595470905303955
2017-03-17,3.606637954711914
2017-03-20,3.8138649463653564
2017-03-21,3.8138649463653564
2017-03-22,3.7477283477783203
2017-03-23,3.7477283477783203
2017-03-24,3.58459210395813
2017-03-27,3.5581374168395996
2017-03-28,3.5360922813415527
2017-03-29,3.5360922813415527
2017-03-30,3.500819683074951
2017-03-31,3.7036375999450684
2017-04-03,3.7477283477783203
2017-04-04,3.880002021789551
2017-04-05,3.8579556941986084
2017-04-06,3.8579556941986084
2017-04-07,3.8579556941986084
2017-04-10,3.8579556941986084
2017-04-11,3.8579556941986084
2017-04-12,3.8579556941986084
2017-04-13,3.8579556941986084
2017-04-17,3.8579556941986084
2017-04-18,3.8579556941986084
2017-04-19,3.8579556941986084
2017-04-20,3.8579556941986084
2017-04-21,3.8579556941986084
2017-04-24,3.8579556941986084
2017-04-25,3.6375014781951904
2017-04-26,3.6375014781951904
2017-04-27,3.6375014781951904
2017-04-28,3.6375014781951904
2017-05-01,3.6375014781951904
2017-05-02,3.6375014781951904
2017-05-03,3.6375014781951904
2017-05-04,3.6375014781951904
2017-05-05,3.6375014781951904
2017-05-08,3.6375014781951904
2017-05-09,3.6375014781951904
2017-05-10,3.6375014781951904
2017-05-11,3.6375014781951904
2017-05-12,3.6375014781951904
2017-05-15,3.589001417160034
2017-05-16,3.589001417160034
2017-05-17,3.5757739543914795
2017-05-18,3.606637954711914
2017-05-19,3.606637954711914
2017-05-22,4.065183162689209
2017-05-23,4.065183162689209
2017-05-24,3.866774320602417
2017-05-25,3.866774320602417
2017-05-26,4.1004557609558105
2017-05-30,4.1445465087890625
2017-05-31,4.166592597961426
2017-06-01,4.21950101852417
2017-06-02,4.193047523498535
2017-06-05,4.157773971557617
2017-06-06,4.171000957489014
2017-06-07,4.171000957489014
2017-06-08,4.113683223724365
2017-06-09,3.938201904296875
2017-06-12,3.938201904296875
2017-06-13,3.938201904296875
2017-06-14,3.938201904296875
2017-06-15,4.04313850402832
2017-06-16,4.0519561767578125
2017-06-19,4.0519561767578125
2017-06-20,3.913510799407959
2017-06-21,3.913510799407959
2017-06-22,3.913510799407959
2017-06-23,3.913510799407959
2017-06-26,3.913510799407959
2017-06-27,3.913510799407959
2017-06-28,3.7177469730377197
2017-06-29,3.7177469730377197
2017-06-30,3.7697737216949463
2017-07-03,3.7697737216949463
2017-07-05,3.7697737216949463
2017-07-06,3.712456226348877
2017-07-07,3.62868332862854
2017-07-10,3.62868332862854
2017-07-11,3.62868332862854
2017-07-12,3.62868332862854
2017-07-13,3.62868332862854
2017-07-14,3.62868332862854
2017-07-17,3.778592109680176
2017-07-18,3.9461376667022705
2017-07-19,3.9461376667022705
2017-07-20,4.0343194007873535
2017-07-21,4.0343194007873535
2017-07-24,4.0343194007873535
2017-07-25,3.87559175491333
2017-07-26,3.932910203933716
2017-07-27,3.932910203933716
2017-07-28,3.932910203933716
2017-07-31,3.932910203933716
2017-08-01,3.932910203933716
2017-08-02,3.932910203933716
2017-08-03,3.932910203933716
2017-08-04,4.34295654296875
2017-08-07,4.3826375007629395
2017-08-08,4.3826375007629395
2017-08-09,4.3826375007629395
2017-08-10,4.365001201629639
2017-08-11,4.365001201629639
2017-08-14,4.541366100311279
2017-08-15,4.541366100311279
2017-08-16,4.541366100311279
2017-08-17,4.541366100311279
2017-08-18,4.541366100311279
2017-08-21,4.982274055480957
2017-08-22,4.894093036651611
2017-08-23,4.894093036651611
2017-08-24,4.894093036651611
2017-08-25,4.95141077041626
2017-08-28,4.947001934051514
2017-08-29,4.947001934051514
2017-08-30,4.850001811981201
2017-08-31,4.832365036010742
2017-09-01,4.90731954574585
2017-09-05,4.90731954574585
2017-09-06,4.90731954574585
2017-09-07,4.929366111755371
2017-09-08,5.135711193084717
2017-09-11,4.783865451812744
2017-09-12,5.136592388153076
2017-09-13,5.20272970199585
2017-09-14,5.20272970199585
2017-09-15,5.20272970199585
2017-09-18,5.20272970199585
2017-09-19,5.348228931427002
2017-09-20,5.255638122558594
2017-09-21,5.255638122558594
2017-09-22,5.180683612823486
2017-09-25,5.1410017013549805
2017-09-26,5.1410017013549805
2017-09-27,5.1410017013549805
2017-09-28,5.171864986419678
2017-09-29,5.171864986419678
2017-10-02,5.171864986419678
2017-10-03,5.171864986419678
2017-10-04,5.317366123199463
2017-10-05,5.47609281539917
2017-10-06,5.546638011932373
2017-10-09,5.546638011932373
2017-10-10,5.595138072967529
2017-10-11,5.727410793304443
2017-10-12,5.762684345245361
2017-10-13,5.762684345245361
2017-10-16,5.86409330368042
2017-10-17,5.86409330368042
2017-10-18,5.4672746658325195
2017-10-19,5.2732744216918945
2017-10-20,5.2732744216918945
2017-10-23,5.2732744216918945
2017-10-24,5.2732744216918945
2017-10-25,5.2732744216918945
2017-10-26,5.2732744216918945
2017-10-27,5.2732744216918945
2017-10-30,5.379092216491699
2017-10-31,5.379092216491699
2017-11-01,5.379092216491699
2017-11-02,5.379092216491699
2017-11-03,5.361456394195557
2017-11-06,5.51136589050293
2017-11-07,5.51136589050293
2017-11-08,5.51136589050293
2017-11-09,5.524592399597168
2017-11-10,5.493729114532471
2017-11-13,5.493729114532471
2017-11-14,5.158638000488281
2017-11-15,5.158638000488281
2017-11-16,5.158638000488281
2017-11-17,5.158638000488281
2017-11-20,5.158638000488281
2017-11-21,5.352638244628906
2017-11-22,5.352638244628906
2017-11-24,5.074865341186523
2017-11-27,5.074865341186523
2017-11-28,5.1145477294921875
2017-11-29,5.1145477294921875
2017-11-30,4.431138038635254
2017-12-01,4.431138038635254
2017-12-04,4.431138038635254
2017-12-05,4.431138038635254
2017-12-06,4.431138038635254
2017-12-07,4.431138038635254
2017-12-08,4.431138038635254
2017-12-11,4.431138038635254
2017-12-12,4.431138038635254
2017-12-13,4.431138038635254
2017-12-14,4.501683712005615
2017-12-15,4.501683712005615
2017-12-18,4.501683712005615
2017-12-19,5.070456027984619
2017-12-20,5.745047569274902
2017-12-21,5.842047214508057
2017-12-22,5.753865718841553
2017-12-26,5.793547630310059
2017-12-27,5.881729602813721
2017-12-28,5.811184406280518
2017-12-29,5.290910720825195
2018-01-02,5.767092704772949
2018-01-03,5.718593120574951
2018-01-04,5.727410793304443
2018-01-05,5.555456161499023
2018-01-08,5.224774360656738
2018-01-09,5.740638732910156
2018-01-10,5.379092216491699
2018-01-11,5.546638011932373
2018-01-12,5.806775093078613
2018-01-16,5.731820106506348
2018-01-17,5.886138916015625
2018-01-18,5.877319812774658
2018-01-19,5.886138916015625
2018-01-22,6.0580925941467285
2018-01-23,5.9478654861450195
2018-01-24,5.96550178527832
2018-01-25,6.014002323150635
2018-01-26,6.027229309082031
2018-01-29,6.027229309082031
2018-01-30,5.952274799346924
2018-01-31,5.925819396972656
2018-02-01,5.9478654861450195
2018-02-02,5.842047214508057
2018-02-05,5.753865718841553
2018-02-06,5.709774494171143
2018-02-07,5.731820106506348
2018-02-08,5.3350019454956055
2018-02-09,5.379092216491699
2018-02-12,5.445229530334473
2018-02-13,5.454047203063965
2018-02-14,5.608366012573242
2018-02-15,5.630411148071289
2018-02-16,6.106593608856201
2018-02-20,6.221229553222656
2018-02-21,6.4196391105651855
2018-02-22,6.48136568069458
2018-02-23,6.212410926818848
2018-02-26,5.99195671081543
2018-02-27,5.837638854980469
2018-02-28,5.808538436889648
2018-03-01,5.767092704772949
2018-03-02,5.767092704772949
2018-03-05,5.767092704772949
2018-03-06,5.886138916015625
2018-03-07,5.868502140045166
2018-03-08,6.21682071685791
2018-03-09,6.21682071685791
2018-03-12,6.005183696746826
2018-03-13,6.005183696746826
2018-03-14,6.441684246063232
2018-03-15,6.291775226593018
2018-03-16,7.760004043579102
2018-03-19,8.231775283813477
2018-03-20,7.901092529296875
2018-03-21,8.487503051757812
2018-03-22,8.500730514526367
2018-03-23,9.060685157775879
2018-03-26,9.091547966003418
2018-03-27,8.804956436157227
2018-03-28,8.804956436157227
2018-03-29,8.778502464294434
2018-04-02,9.175320625305176
2018-04-03,9.206184387207031
2018-04-04,9.32964038848877
2018-04-05,9.77936840057373
2018-04-06,9.894003868103027
2018-04-09,9.175320625305176
2018-04-10,9.391366004943848
2018-04-11,9.27673053741455
2018-04-12,9.28113842010498
2018-04-13,9.28113842010498
2018-04-16,9.28113842010498
2018-04-17,9.766139030456543
2018-04-18,9.77936840057373
2018-04-19,9.929277420043945
2018-04-20,9.929277420043945
2018-04-23,9.929277420043945
2018-04-24,9.55891227722168
2018-04-25,9.929277420043945
2018-04-26,10.277593612670898
2018-04-27,10.277593612670898
2018-04-30,10.2952299118042
2018-05-01,10.207048416137695
2018-05-02,10.670003890991211
2018-05-03,10.361367225646973
2018-05-04,10.356958389282227
2018-05-07,9.726457595825195
2018-05-08,9.876367568969727
2018-05-09,10.498047828674316
2018-05-10,10.467185974121094
2018-05-11,10.718503952026367
2018-05-14,10.894865989685059
2018-05-15,11.04036808013916
2018-05-16,10.656776428222656
2018-05-17,10.608275413513184
2018-05-18,10.771411895751953
2018-05-21,11.199094772338867
2018-05-22,10.440731048583984
2018-05-23,10.370186805725098
2018-05-24,10.99627685546875
2018-05-25,10.597254753112793
2018-05-29,10.24673080444336
2018-05-30,10.013050079345703
2018-05-31,10.004231452941895
2018-06-01,10.513040542602539
2018-06-04,10.758184432983398
2018-06-05,10.99627685546875
2018-06-06,11.750231742858887
2018-06-07,11.186748504638672
2018-06-08,10.586231231689453
2018-06-11,10.361367225646973
2018-06-12,10.872823715209961
2018-06-13,10.978639602661133
2018-06-14,11.02273178100586
2018-06-15,11.2837495803833
2018-06-18,10.850777626037598
2018-06-19,10.361367225646973
2018-06-20,10.140912055969238
2018-06-21,10.229095458984375
2018-06-22,10.162959098815918
2018-06-25,10.149730682373047
2018-06-26,10.140912055969238
2018-06-27,10.185003280639648
2018-06-28,10.061548233032227
2018-06-29,10.140912055969238
2018-07-02,10.162959098815918
2018-07-03,10.277593612670898
2018-07-05,10.280240058898926
2018-07-06,10.484822273254395
2018-07-09,9.955730438232422
2018-07-10,10.052729606628418
2018-07-11,10.052729606628418
2018-07-12,10.189412117004395
2018-07-13,10.185003280639648
2018-07-16,10.185003280639648
2018-07-17,10.052729606628418
2018-07-18,9.72204875946045
2018-07-19,9.854321479797363
2018-07-20,9.382550239562988
2018-07-23,9.580957412719727
2018-07-24,9.713232040405273
2018-07-25,10.224684715270996
2018-07-26,10.043911933898926
2018-07-27,10.136504173278809
2018-07-30,10.449548721313477
2018-07-31,10.458366394042969
2018-08-01,10.229095458984375
2018-08-02,10.38341236114502
2018-08-03,10.185003280639648
2018-08-06,10.215867042541504
2018-08-07,9.964548110961914
2018-08-08,10.242321968078613
2018-08-09,10.2952299118042
2018-08-10,10.427502632141113
2018-08-13,10.709686279296875
2018-08-14,10.603867530822754
2018-08-15,9.986594200134277
2018-08-16,9.803175926208496
2018-08-17,10.07918643951416
2018-08-20,10.118865966796875
2018-08-21,10.24673080444336
2018-08-22,10.51568603515625
2018-08-23,10.815505027770996
2018-08-24,11.000686645507812
2018-08-27,10.696457862854004
2018-08-28,10.714095115661621
2018-08-29,10.498047828674316
2018-08-30,10.2952299118042
2018-08-31,10.326095581054688
2018-09-04,10.652366638183594
2018-09-05,11.644412994384766
2018-09-06,11.675277709960938
2018-09-07,12.067686080932617
2018-09-10,11.393095016479492
2018-09-11,11.009504318237305
2018-09-12,10.90809440612793
2018-09-13,10.872823715209961
2018-09-14,10.864004135131836
2018-09-17,10.947776794433594
2018-09-18,10.462776184082031
2018-09-19,10.2952299118042
2018-09-20,10.38341236114502
2018-09-21,10.30405044555664
2018-09-24,10.140912055969238
2018-09-25,10.43191146850586
2018-09-26,10.317276000976562
2018-09-27,10.453958511352539
2018-09-28,10.4054594039917
2018-10-01,10.489232063293457
2018-10-02,10.489232063293457
2018-10-03,9.92045783996582
2018-10-04,9.4795503616333
2018-10-05,9.580957412719727
2018-10-08,9.391366004943848
2018-10-09,9.766139030456543
2018-10-10,9.92045783996582
2018-10-11,9.885185241699219
2018-10-12,10.026277542114258
2018-10-15,9.827866554260254
2018-10-16,9.640921592712402
2018-10-17,9.603002548217773
2018-10-18,9.395776748657227
2018-10-19,9.580957412719727
2018-10-22,9.832275390625
2018-10-23,9.867548942565918
2018-10-24,9.867548942565918
2018-10-25,10.088003158569336
2018-10-26,9.55891227722168
2018-10-29,9.012185096740723
2018-10-30,8.716776847839355
2018-10-31,8.89754867553711
2018-11-01,8.862276077270508
2018-11-02,9.523639678955078
2018-11-05,9.07038402557373
2018-11-06,8.730002403259277
2018-11-07,8.659456253051758
2018-11-08,8.421366691589355
2018-11-09,8.13918399810791
2018-11-12,8.042183876037598
2018-11-13,8.450026512145996
2018-11-14,8.79613971710205
2018-11-15,9.52804946899414
2018-11-16,9.043048858642578
2018-11-19,8.752049446105957
2018-11-20,8.835822105407715
2018-11-21,8.884320259094238
2018-11-23,8.55363941192627
2018-11-26,8.55363941192627
2018-11-27,8.55363941192627
2018-11-28,8.297910690307617
2018-11-29,8.668275833129883
2018-11-30,9.346393585205078
2018-12-03,9.603002548217773
2018-12-04,9.03423023223877
2018-12-06,9.567730903625488
2018-12-07,8.699139595031738
2018-12-10,8.443411827087402
2018-12-11,8.192092895507812
2018-12-12,8.319958686828613
2018-12-13,8.469865798950195
2018-12-14,8.394912719726562
2018-12-17,8.258231163024902
2018-12-18,8.544820785522461
2018-12-19,8.346412658691406
2018-12-20,8.399319648742676
2018-12-21,9.700003623962402
2018-12-24,10.140912055969238
2018-12-26,9.391366004943848
2018-12-27,8.531593322753906
2018-12-28,8.55363941192627
2018-12-31,8.730002403259277
2019-01-02,9.082732200622559
2019-01-03,9.1488676071167
2019-01-04,8.879911422729492
2019-01-07,8.399319648742676
2019-01-08,8.57568359375
2019-01-09,9.241456031799316
2019-01-10,9.259093284606934
2019-01-11,9.1841402053833
2019-01-14,9.30318546295166
2019-01-15,10.105640411376953
2019-01-16,10.387823104858398
2019-01-17,10.132094383239746
2019-01-18,10.4054594039917
2019-01-22,10.334914207458496
2019-01-23,10.947776794433594
2019-01-24,11.697322845458984
2019-01-25,11.256413459777832
2019-01-28,11.5518217086792
2019-01-29,11.397504806518555
2019-01-30,11.225549697875977
2019-01-31,10.99627685546875
2019-02-01,11.137367248535156
2019-02-04,11.216732025146484
2019-02-05,11.419548988342285
2019-02-06,11.371049880981445
2019-02-07,11.516550064086914
2019-02-08,11.313732147216797
2019-02-11,10.775822639465332
2019-02-12,10.74055004119873
2019-02-13,10.916913032531738
2019-02-14,10.58182144165039
2019-02-15,10.661185264587402
2019-02-19,10.938959121704102
2019-02-20,10.947776794433594
2019-02-21,11.06241512298584
2019-02-22,11.088868141174316
2019-02-25,11.291685104370117
2019-02-26,11.785504341125488
2019-02-27,11.600321769714355
2019-02-28,11.225549697875977
2019-03-01,11.287277221679688
2019-03-04,11.229958534240723
2019-03-05,11.265231132507324
2019-03-06,11.027140617370605
2019-03-07,10.978639602661133
2019-03-08,10.771411895751953
2019-03-11,10.899275779724121
2019-03-12,10.700868606567383
2019-03-13,10.731731414794922
2019-03-14,10.573003768920898
2019-03-15,10.890459060668945
2019-03-18,10.969820976257324
2019-03-19,10.51568603515625
2019-03-20,10.401049613952637
2019-03-21,10.489232063293457
2019-03-22,10.229095458984375
2019-03-25,10.608275413513184
2019-03-26,10.639141082763672
2019-03-27,10.612686157226562
2019-03-28,10.251139640808105
2019-03-29,10.445138931274414
2019-04-01,10.819913864135742
2019-04-02,10.943366050720215
2019-04-03,10.714095115661621
2019-04-04,10.370186805725098
2019-04-05,10.370186805725098
2019-04-08,10.414277076721191
2019-04-09,10.171775817871094
2019-04-10,9.986594200134277
2019-04-11,9.876367568969727
2019-04-12,9.567730903625488
2019-04-15,9.616230964660645
2019-04-16,9.364912033081055
2019-04-17,9.25468635559082
2019-04-18,9.1841402053833
2019-04-22,9.201972007751465
2019-04-23,9.282222747802734
2019-04-24,9.242097854614258
2019-04-25,9.652262687683105
2019-04-26,9.745888710021973
2019-04-29,9.621054649353027
2019-04-30,9.201972007751465
2019-05-01,9.152932167053223
2019-05-02,9.411514282226562
2019-05-03,9.300055503845215
2019-05-06,9.33126449584961
2019-05-07,9.193056106567383
2019-05-08,9.308972358703613
2019-05-09,9.808303833007812
2019-05-10,9.13063907623291
2019-05-13,8.435141563415527
2019-05-14,8.341516494750977
2019-05-15,8.221142768859863
2019-05-16,8.056183815002441
2019-05-17,8.15872573852539
2019-05-20,7.949184894561768
2019-05-21,8.167643547058105
2019-05-22,8.14535140991211
2019-05-23,8.06510066986084
2019-05-24,7.552394866943359
2019-05-28,7.753017902374268
2019-05-29,7.516728401184082
2019-05-30,7.44093656539917
2019-05-31,7.253686904907227
2019-06-03,7.124395847320557
2019-06-04,7.070895671844482
2019-06-05,6.972813129425049
2019-06-06,6.8346052169799805
2019-06-07,6.986187934875488
2019-06-10,7.07535457611084
2019-06-11,7.133312225341797
2019-06-12,6.865813255310059
2019-06-13,7.3829779624938965
2019-06-14,7.347311019897461
2019-06-17,7.472143650054932
2019-06-18,7.637102127075195
2019-06-19,7.641561031341553
2019-06-20,7.570228099822998
2019-06-21,7.721810817718506
2019-06-24,8.038352966308594
2019-06-25,7.730727195739746
2019-06-26,7.730727195739746
2019-06-27,7.770852565765381
2019-06-28,7.592519760131836
2019-07-01,7.347311019897461
2019-07-02,7.155602931976318
2019-07-03,7.102104187011719
2019-07-05,7.668312072753906
2019-07-08,7.57914400100708
2019-07-09,7.498893737792969
2019-07-10,7.489977836608887
2019-07-11,7.400811672210693
2019-07-12,7.610352039337158
2019-07-15,7.819893836975098
2019-07-16,7.935809135437012
2019-07-17,8.181017875671387
2019-07-18,8.167643547058105
2019-07-19,7.8421854972839355
2019-07-22,7.766393661499023
2019-07-23,7.547935962677002
2019-07-24,7.547935962677002
2019-07-25,7.423103332519531
2019-07-26,7.3250203132629395
2019-07-29,7.235853672027588
2019-07-30,7.307186603546143
2019-07-31,7.106561660766602
2019-08-01,7.017395973205566
2019-08-02,6.919313430786133
2019-08-05,6.72760534286499
2019-08-06,6.816771507263184
2019-08-07,6.861354827880859
2019-08-08,7.057520866394043
2019-08-09,6.825687885284424
2019-08-12,6.856896877288818
2019-08-13,7.302728176116943
2019-08-14,7.021854877471924
2019-08-15,7.09318733215332
2019-08-16,7.115478992462158
2019-08-19,6.972813129425049
2019-08-20,6.816771507263184
2019-08-21,6.776646137237549
2019-08-22,6.419981002807617
2019-08-23,6.032106876373291
2019-08-26,6.02764892578125
2019-08-27,6.058857440948486
2019-08-28,6.0900654792785645
2019-08-29,6.214898109436035
2019-08-30,6.268397808074951
2019-09-03,6.049940586090088
2019-09-04,6.210439682006836
2019-09-05,6.419981002807617
2019-09-06,6.48239803314209
2019-09-09,6.8346052169799805
2019-09-10,6.825687885284424
2019-09-11,6.803396701812744
2019-09-12,7.1466875076293945
2019-09-13,7.2492289543151855
2019-09-16,7.427560806274414
2019-09-17,7.4364776611328125
2019-09-18,7.307186603546143
2019-09-19,7.07535457611084
2019-09-20,6.776646137237549
2019-09-23,7.0441460609436035
2019-09-24,6.937146186828613
2019-09-25,7.142228603363037
2019-09-26,7.097646236419678
2019-09-27,7.186812877655029
2019-09-30,7.195728778839111
2019-10-01,7.115478992462158
2019-10-02,6.9995622634887695
2019-10-03,6.9995622634887695
2019-10-04,7.168978691101074
2019-10-07,6.946063041687012
2019-10-08,6.847980499267578
2019-10-09,6.928229331970215
2019-10-10,7.320561408996582
2019-10-11,7.668312072753906
2019-10-14,7.498893737792969
2019-10-15,7.454310894012451
2019-10-16,7.374061107635498
2019-10-17,7.231395244598389
2019-10-18,7.284895420074463
2019-10-21,7.463228702545166
2019-10-22,7.614811897277832
2019-10-23,7.605894088745117
2019-10-24,7.311645030975342
2019-10-25,7.2492289543151855
2019-10-28,7.284895420074463
2019-10-29,7.2492289543151855
2019-10-30,7.1778950691223145
2019-10-31,7.204645156860352
2019-11-01,7.846643924713135
2019-11-04,8.087392807006836
2019-11-05,8.247892379760742
2019-11-06,8.007142066955566
2019-11-07,8.310307502746582
2019-11-08,8.096309661865234
2019-11-11,8.176560401916504
2019-11-12,8.14089298248291
2019-11-13,8.016059875488281
2019-11-14,7.766393661499023
2019-11-15,7.953643798828125
2019-11-18,7.9714765548706055
2019-11-19,8.016059875488281
2019-11-20,7.891226768493652
2019-11-21,8.051725387573242
2019-11-22,8.078476905822754
2019-11-25,7.989309310913086
2019-11-26,7.909060955047607
2019-11-27,8.176560401916504
2019-11-29,8.024977684020996
2019-12-02,8.20330810546875
2019-12-03,8.167643547058105
2019-12-04,7.9714765548706055
2019-12-05,8.078476905822754
2019-12-06,8.20330810546875
2019-12-09,8.114143371582031
2019-12-10,8.247892379760742
2019-12-11,8.470808982849121
2019-12-12,8.559975624084473
2019-12-13,8.461892127990723
2019-12-16,8.59564208984375
2019-12-17,8.738306999206543
2019-12-18,8.684806823730469
2019-12-19,8.640223503112793
2019-12-20,8.720474243164062
2019-12-23,8.738306999206543
2019-12-24,8.693723678588867
2019-12-26,8.89880657196045
2019-12-27,8.809639930725098
2019-12-30,8.827474594116211
2019-12-31,8.773974418640137
2020-01-02,9.050389289855957
2020-01-03,8.89880657196045
2020-01-06,8.747223854064941
2020-01-07,8.934473991394043
2020-01-08,9.433806419372559
2020-01-09,9.344637870788574
2020-01-10,9.362472534179688
2020-01-13,9.540804862976074
2020-01-14,9.52297306060791
2020-01-15,9.460555076599121
2020-01-16,9.398138999938965
2020-01-17,9.344637870788574
2020-01-21,8.970141410827637
2020-01-22,9.487306594848633
2020-01-23,9.46947193145752
2020-01-24,9.255473136901855
2020-01-27,8.649141311645508
2020-01-28,8.782890319824219
2020-01-29,8.640223503112793
2020-01-30,8.426225662231445
2020-01-31,8.212225914001465
2020-02-03,8.292475700378418
2020-02-04,8.096309661865234
2020-02-05,8.033891677856445
2020-02-06,8.105226516723633
2020-02-07,7.757476329803467
2020-02-10,7.543478012084961
2020-02-11,7.900143623352051
2020-02-12,8.20330810546875
2020-02-13,8.452975273132324
2020-02-14,8.256808280944824
2020-02-18,8.149810791015625
2020-02-19,8.15872573852539
2020-02-20,8.123061180114746
2020-02-21,8.363808631896973
2020-02-24,7.998227596282959
2020-02-25,7.802060127258301
2020-02-26,7.766393661499023
2020-02-27,7.5613112449646
2020-02-28,7.5613112449646
2020-03-02,7.864475727081299
2020-03-03,7.873394012451172
2020-03-04,8.39947509765625
2020-03-05,8.176560401916504
2020-03-06,7.659395217895508
2020-03-09,6.910396099090576
2020-03-10,7.507811546325684
2020-03-11,6.598313808441162
2020-03-12,5.394567966461182
2020-03-13,6.02764892578125
2020-03-16,5.046817779541016
2020-03-17,5.1181511878967285
2020-03-18,4.217570781707764
2020-03-19,4.877401351928711
2020-03-20,4.654486179351807
2020-03-23,4.966569423675537
2020-03-24,5.21623420715332
2020-03-25,5.21623420715332
2020-03-26,5.1181511878967285
2020-03-27,5.7601494789123535
2020-03-30,5.92064905166626
2020-03-31,6.125731945037842
2020-04-01,6.27731466293335
2020-04-02,6.7409796714782715
2020-04-03,6.580481052398682
2020-04-06,6.732063293457031
2020-04-07,6.312981605529785
2020-04-08,6.6072306632995605
2020-04-09,6.0900654792785645
2020-04-13,6.250565052032471
2020-04-14,6.4556474685668945
2020-04-15,6.268397808074951
2020-04-16,6.161398410797119
2020-04-17,6.054398536682129
2020-04-20,5.813649654388428
2020-04-21,5.884982585906982
2020-04-22,5.777982711791992
2020-04-23,5.938482284545898
2020-04-24,6.134649276733398
2020-04-27,6.330814361572266
2020-04-28,6.223814487457275
2020-04-29,6.580481052398682
2020-04-30,6.428897857666016
2020-05-01,6.312981605529785
2020-05-04,6.526980876922607
2020-05-05,6.6072306632995605
2020-05-06,6.48239803314209
2020-05-07,6.847980499267578
2020-05-08,7.418643951416016
2020-05-11,7.267061233520508
2020-05-12,7.365145683288574
2020-05-13,7.623727321624756
2020-05-14,7.302728176116943
2020-05-15,6.758813381195068
2020-05-18,6.428897857666016
2020-05-19,6.3753981590271
2020-05-20,6.304065227508545
2020-05-21,6.125731945037842
2020-05-22,6.170315265655518
2020-05-26,6.286231517791748
2020-05-27,6.509147644042969
2020-05-28,6.321897983551025
2020-05-29,6.312981605529785
2020-06-01,6.339731693267822
2020-06-02,6.651813983917236
2020-06-03,6.714230537414551
2020-06-04,6.9995622634887695
2020-06-05,6.883646488189697
2020-06-08,7.079812049865723
2020-06-09,6.928229331970215
2020-06-10,6.847980499267578
2020-06-11,6.598313808441162
2020-06-12,6.535897254943848
2020-06-15,6.669646739959717
2020-06-16,6.473481178283691
2020-06-17,6.562647342681885
2020-06-18,6.571563243865967
2020-06-19,6.553730487823486
2020-06-22,6.625063419342041
2020-06-23,6.625063419342041
2020-06-24,6.419981002807617
2020-06-25,6.40214729309082
2020-06-26,6.125731945037842
2020-06-29,6.214898109436035
2020-06-30,6.02764892578125
2020-07-01,6.223814487457275
2020-07-02,6.170315265655518
2020-07-06,6.134649276733398
2020-07-07,5.947399139404297
2020-07-08,6.0633158683776855
2020-07-09,6.125731945037842
2020-07-10,6.179232120513916
2020-07-13,5.9652323722839355
2020-07-14,6.152482509613037
2020-07-15,6.437814712524414
2020-07-16,6.4556474685668945
2020-07-17,6.580481052398682
2020-07-20,6.660729885101318
2020-07-21,6.847980499267578
2020-07-22,6.874729633331299
2020-07-23,6.937146186828613
2020-07-24,7.21356201171875
2020-07-27,7.204645156860352
2020-07-28,7.160062313079834
2020-07-29,7.088728904724121
2020-07-30,7.275979042053223
2020-07-31,7.142228603363037
2020-08-03,7.222479343414307
2020-08-04,7.0530619621276855
2020-08-05,7.525643348693848
2020-08-06,7.703978061676025
2020-08-07,7.552394866943359
2020-08-10,7.659395217895508
2020-08-11,7.659395217895508
2020-08-12,7.623727321624756
2020-08-13,7.855560302734375
2020-08-14,8.283557891845703
2020-08-17,8.247892379760742
2020-08-18,8.444058418273926
2020-08-19,8.14089298248291
2020-08-20,8.372725486755371
2020-08-21,8.221142768859863
2020-08-24,8.283557891845703
2020-08-25,8.238974571228027
2020-08-26,8.15872573852539
2020-08-27,8.15872573852539
2020-08-28,8.381640434265137
2020-08-31,8.14089298248291
2020-09-01,8.51539134979248
2020-09-02,8.14089298248291
2020-09-03,8.033891677856445
2020-09-04,7.909060955047607
2020-09-08,7.721810817718506
2020-09-09,7.944726467132568
2020-09-10,7.721810817718506
2020-09-11,7.614811897277832
2020-09-14,7.819893836975098
2020-09-15,8.185476303100586
2020-09-16,8.016059875488281
2020-09-17,8.319226264953613
2020-09-18,8.247892379760742
2020-09-21,7.935809135437012
2020-09-22,7.677227020263672
2020-09-23,7.3829779624938965
2020-09-24,7.3829779624938965
2020-09-25,7.68614387512207
2020-09-28,7.552394866943359
2020-09-29,7.3829779624938965
2020-09-30,7.284895420074463
2020-10-01,7.302728176116943
2020-10-02,7.258145809173584
2020-10-05,7.543478012084961
2020-10-06,7.596979141235352
2020-10-07,7.632645130157471
2020-10-08,7.8288092613220215
2020-10-09,7.846643924713135
2020-10-12,7.891226768493652
2020-10-13,7.802060127258301
2020-10-14,7.659395217895508
2020-10-15,7.632645130157471
2020-10-16,7.9714765548706055
2020-10-19,7.891226768493652
2020-10-20,8.042810440063477
2020-10-21,7.9268927574157715
2020-10-22,8.167643547058105
2020-10-23,8.051725387573242
2020-10-26,8.042810440063477
2020-10-27,7.793142795562744
2020-10-28,7.463228702545166
2020-10-29,7.712893962860107
2020-10-30,7.721810817718506
2020-11-02,7.8288092613220215
2020-11-03,8.114143371582031
2020-11-04,8.114143371582031
2020-11-05,8.256808280944824
2020-11-06,8.20330810546875
2020-11-09,8.033891677856445
2020-11-10,7.855560302734375
2020-11-11,7.962560176849365
2020-11-12,7.900143623352051
2020-11-13,8.435141563415527
2020-11-16,8.702641487121582
2020-11-17,8.533224105834961
2020-11-18,8.408391952514648
2020-11-19,8.408391952514648
2020-11-20,8.39947509765625
2020-11-23,8.283557891845703
2020-11-24,8.310307502746582
2020-11-25,8.461892127990723
2020-11-27,9.193056106567383
2020-11-30,9.300055503845215
2020-12-01,9.817220687866211
2020-12-02,9.255473136901855
2020-12-03,8.970141410827637
2020-12-04,9.121723175048828
2020-12-07,9.210888862609863
2020-12-08,9.13063907623291
2020-12-09,8.970141410827637
2020-12-10,8.943389892578125
2020-12-11,9.103890419006348
2020-12-14,8.996891021728516
2020-12-15,9.433806419372559
2020-12-16,9.56755542755127
2020-12-17,9.621054649353027
2020-12-18,9.906387329101562
2020-12-21,9.558638572692871
2020-12-22,10.004470825195312
2020-12-23,9.683470726013184
2020-12-24,9.754802703857422
2020-12-28,9.692388534545898
2020-12-29,9.817220687866211
2020-12-30,10.066885948181152
2020-12-31,9.968804359436035
2021-01-04,9.950970649719238
2021-01-05,9.852887153625488
2021-01-06,9.665637016296387
2021-01-07,10.254136085510254
2021-01-08,10.245219230651855
2021-01-11,9.888555526733398
2021-01-12,10.27196979522705
2021-01-13,10.075803756713867
2021-01-14,10.182804107666016
2021-01-15,10.28088665008545
2021-01-19,10.824801445007324
2021-01-20,11.083383560180664
2021-01-21,11.003134727478027
2021-01-22,10.51271915435791
2021-01-25,10.343303680419922
2021-01-26,11.029884338378906
2021-01-27,10.20063591003418
2021-01-28,10.263052940368652
2021-01-29,10.10255241394043
2021-02-01,10.494887351989746
2021-02-02,10.539467811584473
2021-02-03,10.619718551635742
2021-02-04,10.619718551635742
2021-02-05,11.074467658996582
2021-02-08,10.976384162902832
2021-02-09,11.056633949279785
2021-02-10,11.3597993850708
2021-02-11,11.7521333694458
2021-02-12,11.7521333694458
2021-02-16,12.073131561279297
2021-02-17,11.983962059020996
2021-02-18,12.206880569458008
2021-02-19,12.51004695892334
2021-02-22,12.64379596710205
2021-02-23,12.599212646484375
2021-02-24,12.44762897491455
2021-02-25,12.144464492797852
2021-02-26,11.680798530578613
2021-03-01,11.81454849243164
2021-03-02,11.591632843017578
2021-03-03,11.654048919677734
2021-03-04,11.547048568725586
2021-03-05,11.975049018859863
2021-03-08,11.573798179626465
2021-03-09,12.153380393981934
2021-03-10,11.77888298034668
2021-03-11,11.95721435546875
2021-03-12,11.894798278808594
2021-03-15,11.555965423583984
2021-03-16,12.001797676086426
2021-03-17,12.215797424316406
2021-03-18,12.028547286987305
2021-03-19,12.001797676086426
2021-03-22,11.707548141479492
2021-03-23,11.547048568725586
2021-03-24,11.654048919677734
2021-03-25,11.5648832321167
2021-03-26,11.252799987792969
2021-03-29,11.34196662902832
2021-03-30,10.96746826171875
2021-03-31,10.896135330200195
2021-04-01,10.815884590148926
2021-04-05,10.887218475341797
2021-04-06,11.136883735656738
2021-04-07,11.003134727478027
2021-04-08,11.252799987792969
2021-04-09,11.226051330566406
2021-04-12,11.145800590515137
2021-04-13,11.243884086608887
2021-04-14,11.243884086608887
2021-04-15,11.422216415405273
2021-04-16,11.395466804504395
2021-04-19,11.573798179626465
2021-04-20,11.555965423583984
2021-04-21,11.547048568725586
2021-04-22,11.386549949645996
2021-04-23,11.377633094787598
2021-04-26,11.324132919311523
2021-04-27,11.520298957824707
2021-04-28,11.261716842651367
2021-04-29,11.350883483886719
2021-04-30,11.306300163269043
2021-05-03,11.199301719665527
2021-05-04,11.127965927124023
2021-05-05,11.261716842651367
2021-05-06,11.422216415405273
2021-05-07,11.538131713867188
2021-05-10,11.680798530578613
2021-05-11,11.707548141479492
2021-05-12,11.457883834838867
2021-05-13,11.261716842651367
2021-05-14,11.083383560180664
2021-05-17,11.395466804504395
2021-05-18,11.243884086608887
2021-05-19,11.065549850463867
2021-05-20,10.780218124389648
2021-05-21,10.806968688964844
2021-05-24,10.842635154724121
2021-05-25,10.824801445007324
2021-05-26,10.503802299499512
2021-05-27,10.699968338012695
2021-05-28,10.57513427734375
2021-06-01,10.370052337646484
2021-06-02,10.3789701461792
2021-06-03,10.263052940368652
2021-06-04,10.405719757080078
2021-06-07,10.57513427734375
2021-06-08,10.28088665008545
2021-06-09,10.51271915435791
2021-06-10,10.334386825561523
2021-06-11,10.218469619750977
2021-06-14,10.254136085510254
2021-06-15,10.254136085510254
2021-06-16,10.164969444274902
2021-06-17,9.986638069152832
2021-06-18,10.022303581237793
2021-06-21,10.387886047363281
2021-06-22,10.548385620117188
2021-06-23,10.39680290222168
2021-06-24,10.833717346191406
2021-06-25,10.57513427734375
2021-06-28,10.753469467163086
2021-06-29,10.851551055908203
2021-06-30,10.735635757446289
2021-07-01,10.664301872253418
2021-07-02,10.477052688598633
2021-07-06,10.20063591003418
2021-07-07,10.423552513122559
2021-07-08,10.343303680419922
2021-07-09,10.423552513122559
2021-07-12,10.459218978881836
2021-07-13,10.191720008850098
2021-07-14,10.334386825561523
2021-07-15,9.986638069152832
2021-07-16,9.79938793182373
2021-07-19,9.451639175415039
2021-07-20,9.665637016296387
2021-07-21,9.772637367248535
2021-07-22,9.710221290588379
2021-07-23,9.612137794494629
2021-07-26,9.754802703857422
2021-07-27,9.656721115112305
2021-07-28,9.736971855163574
2021-07-29,9.78155517578125
2021-07-30,9.300055503845215
2021-08-02,9.451639175415039
2021-08-03,9.451639175415039
2021-08-04,9.496220588684082
2021-08-05,9.308972358703613
2021-08-06,9.273305892944336
2021-08-09,9.585389137268066
2021-08-10,9.72805404663086
2021-08-11,9.656721115112305
2021-08-12,9.407055854797363
2021-08-13,9.674555778503418
2021-08-16,9.621054649353027
2021-08-17,9.683470726013184
2021-08-18,9.291139602661133
2021-08-19,9.166306495666504
2021-08-20,9.3803071975708
2021-08-23,9.540804862976074
2021-08-24,9.986638069152832
2021-08-25,10.6732177734375
2021-08-26,10.51271915435791
2021-08-27,10.6732177734375
2021-08-30,10.601884841918945
2021-08-31,10.3789701461792
2021-09-01,10.55730152130127
2021-09-02,10.423552513122559
2021-09-03,10.628634452819824
2021-09-07,10.762384414672852
2021-09-08,10.494887351989746
2021-09-09,10.619718551635742
2021-09-10,10.28088665008545
2021-09-13,10.20063591003418
2021-09-14,10.209552764892578
2021-09-15,9.906387329101562
2021-09-16,9.291139602661133
2021-09-17,8.979057312011719
2021-09-20,8.568891525268555
2021-09-21,8.809639930725098
2021-09-22,9.103890419006348
2021-09-23,9.3803071975708
2021-09-24,9.264389038085938
2021-09-27,9.14847183227539
2021-09-28,8.773974418640137
2021-09-29,8.872057914733887
2021-09-30,8.916640281677246
2021-10-01,8.720474243164062
2021-10-04,8.39947509765625
2021-10-05,8.194393157958984
2021-10-06,8.123061180114746
2021-10-07,8.051725387573242
2021-10-08,7.980392932891846
2021-10-11,8.123061180114746
2021-10-12,8.069560050964355
2021-10-13,8.247892379760742
2021-10-14,8.051725387573242
2021-10-15,8.328142166137695
2021-10-18,8.087392807006836
2021-10-19,7.802060127258301
2021-10-20,7.819893836975098
2021-10-21,7.784226417541504
2021-10-22,8.292475700378418
2021-10-25,8.283557891845703
2021-10-26,8.078476905822754
2021-10-27,7.793142795562744
2021-10-28,7.802060127258301
2021-10-29,7.819893836975098
2021-11-01,7.757476329803467
2021-11-02,7.703978061676025
2021-11-03,7.9714765548706055
2021-11-04,7.8288092613220215
2021-11-05,7.980392932891846
2021-11-08,8.016059875488281
2021-11-09,7.989309310913086
2021-11-10,7.917977333068848
2021-11-11,8.39947509765625
2021-11-12,8.435141563415527
2021-11-15,8.408391952514648
2021-11-16,8.649141311645508
2021-11-17,8.461892127990723
2021-11-18,8.390558242797852
2021-11-19,8.551058769226074
2021-11-22,8.39947509765625
2021-11-23,8.488642692565918
2021-11-24,8.720474243164062
2021-11-26,8.782890319824219
2021-11-29,8.872057914733887
2021-11-30,8.880973815917969
2021-12-01,9.121723175048828
2021-12-02,9.210888862609863
2021-12-03,8.979057312011719
2021-12-06,9.14847183227539
2021-12-07,9.344637870788574
2021-12-08,9.496220588684082
2021-12-09,9.291139602661133
2021-12-10,9.32680606842041
2021-12-13,9.103890419006348
2021-12-14,9.06822395324707
2021-12-15,9.228723526000977
2021-12-16,9.460555076599121
2021-12-17,9.656721115112305
2021-12-20,9.300055503845215
2021-12-21,9.32680606842041
2021-12-22,9.398138999938965
2021-12-23,9.46947193145752
2021-12-27,9.576472282409668
2021-12-28,9.44272232055664
2021-12-29,9.291139602661133
2021-12-30,9.638888359069824
2021-12-31,9.629971504211426
2022-01-03,9.3803071975708
2022-01-04,9.540804862976074
2022-01-05,9.38922119140625
2022-01-06,9.37138843536377
2022-01-07,9.398138999938965
2022-01-10,9.32680606842041
2022-01-11,9.56755542755127
2022-01-12,10.004470825195312
2022-01-13,10.129302978515625
2022-01-14,10.156052589416504
2022-01-18,10.040138244628906
2022-01-19,10.245038986206055
2022-01-20,10.028403282165527
2022-01-21,9.838847160339355
2022-01-24,9.550000190734863
2022-01-25,9.423628807067871
2022-01-26,9.252126693725586
2022-01-27,9.784687995910645
2022-01-28,9.947164535522461
2022-01-31,10.100615501403809
2022-02-01,10.199905395507812
2022-02-02,10.199905395507812
2022-02-03,10.055481910705566
2022-02-04,10.245038986206055
2022-02-07,10.3804349899292
2022-02-08,10.362380981445312
2022-02-09,10.407512664794922
2022-02-10,10.055481910705566
2022-02-11,9.883978843688965
2022-02-14,10.100615501403809
2022-02-15,10.028403282165527
2022-02-16,10.091588020324707
2022-02-17,10.07353401184082
2022-02-18,9.99229621887207
2022-02-22,10.109641075134277
2022-02-23,9.658317565917969
2022-02-24,9.477788925170898
2022-02-25,9.604158401489258
2022-02-28,9.649290084838867
2022-03-01,9.640264511108398
2022-03-02,9.721503257751465
2022-03-03,9.622212409973145
2022-03-04,10.172826766967773
2022-03-07,10.190878868103027
2022-03-08,10.31725025177002
2022-03-09,10.651228904724121
2022-03-10,10.931049346923828
2022-03-11,10.876890182495117
2022-03-14,10.506804466247559
2022-03-15,10.236011505126953
2022-03-16,10.741494178771973
2022-03-17,10.994234085083008
2022-03-18,11.571928977966309
2022-03-21,11.26502799987793
2022-03-22,11.174763679504395
2022-03-23,11.129631042480469
2022-03-24,11.2830810546875
2022-03-25,10.858838081359863
2022-03-28,10.894943237304688
2022-03-29,10.813705444335938
2022-03-30,10.822731018066406
2022-03-31,10.488753318786621
2022-04-01,10.560964584350586
2022-04-04,10.61512279510498
2022-04-05,10.49777889251709
2022-04-06,10.569991111755371
2022-04-07,10.43459415435791
2022-04-08,10.470699310302734
2022-04-11,10.43459415435791
2022-04-12,10.362380981445312
2022-04-13,10.407512664794922
2022-04-14,10.290169715881348
2022-04-18,10.136720657348633
2022-04-19,10.154772758483887
2022-04-20,10.217957496643066
2022-04-21,9.902032852172852
2022-04-22,9.685397148132324
2022-04-25,9.58610725402832
2022-04-26,9.197968482971191
2022-04-27,9.188941955566406
2022-04-28,9.387523651123047
2022-04-29,9.116729736328125
2022-05-02,9.080623626708984
2022-05-03,9.315311431884766
2022-05-04,9.568052291870117
2022-05-05,9.600908279418945
2022-05-06,9.327118873596191
2022-05-09,8.925559043884277
2022-05-10,8.72477912902832
2022-05-11,8.743032455444336
2022-05-12,8.651768684387207
2022-05-13,9.336243629455566
2022-05-16,9.263233184814453
2022-05-17,9.710424423217773
2022-05-18,9.317991256713867
2022-05-19,9.418380737304688
2022-05-20,9.619160652160645
2022-05-23,9.892951011657715
2022-05-24,9.902077674865723
2022-05-25,9.692171096801758
2022-05-26,10.203246116638184
2022-05-27,10.349268913269043
2022-05-31,10.194119453430176
2022-06-01,10.267131805419922
2022-06-02,10.321889877319336
2022-06-03,10.102855682373047
2022-06-06,10.148488998413086
2022-06-07,10.130236625671387
2022-06-08,9.810813903808594
2022-06-09,9.610033988952637
2022-06-10,9.418380737304688
2022-06-13,9.217601776123047
2022-06-14,8.962064743041992
2022-06-15,9.144591331481934
2022-06-16,8.81604290008545
2022-06-17,8.72477912902832
2022-06-21,8.660895347595215
2022-06-22,8.30496883392334
2022-06-23,7.994673728942871
2022-06-24,8.35059928894043
2022-06-27,8.533126831054688
2022-06-28,8.587883949279785
2022-06-29,8.587883949279785
2022-06-30,8.651768684387207
2022-07-01,8.706527709960938
2022-07-05,8.30496883392334
2022-07-06,8.33234691619873
2022-07-07,8.387104988098145
2022-07-08,8.277588844299316
2022-07-11,8.05855655670166
2022-07-12,7.994673728942871
2022-07-13,7.8577775955200195
2022-07-14,7.574861526489258
2022-07-15,7.437965393066406
2022-07-18,7.383207321166992
2022-07-19,7.784765720367432
2022-07-20,7.593112945556641
2022-07-21,7.574861526489258
2022-07-22,7.8577775955200195
2022-07-25,7.866902828216553
2022-07-26,7.784765720367432
2022-07-27,8.140693664550781
2022-07-28,8.314093589782715
2022-07-29,8.533126831054688
2022-08-01,8.33234691619873
2022-08-02,8.286715507507324
2022-08-03,8.168072700500488
2022-08-04,8.241083145141602
2022-08-05,8.43273639678955
2022-08-08,8.6426420211792
2022-08-09,8.733905792236328
2022-08-10,8.770410537719727
2022-08-11,8.761285781860352
2022-08-12,9.025948524475098
2022-08-15,8.752158164978027
2022-08-16,8.843422889709473
2022-08-17,8.952938079833984
2022-08-18,8.898180961608887
2022-08-19,8.761285781860352
2022-08-22,8.569632530212402
2022-08-23,8.861674308776855
2022-08-24,8.533126831054688
2022-08-25,8.43273639678955
2022-08-26,8.168072700500488
2022-08-29,8.213704109191895
2022-08-30,8.049429893493652
2022-08-31,7.839524745941162
2022-09-01,7.666123867034912
2022-09-02,7.6296186447143555
2022-09-06,7.821271896362305
2022-09-07,7.666123867034912
2022-09-08,7.711756229400635
2022-09-09,7.976419925689697
2022-09-12,8.049429893493652
2022-09-13,7.748260974884033
2022-09-14,7.821271896362305
2022-09-15,7.620492935180664
2022-09-16,7.510976314544678
2022-09-19,7.775640964508057
2022-09-20,7.775640964508057
2022-09-21,7.620492935180664
2022-09-22,7.8577775955200195
2022-09-23,7.383207321166992
2022-09-26,7.173301696777344
2022-09-27,7.346703052520752
2022-09-28,7.428839683532715
2022-09-29,7.301070690155029
2022-09-30,7.529229164123535
2022-10-03,7.967292785644531
2022-10-04,8.067683219909668
2022-10-05,8.204578399658203
2022-10-06,8.15894603729248
2022-10-07,8.095062255859375
2022-10-10,8.46924114227295
2022-10-11,8.177199363708496
2022-10-12,8.131567001342773
2022-10-13,8.277588844299316
2022-10-14,8.131567001342773
2022-10-17,8.487495422363281
2022-10-18,8.587883949279785
2022-10-19,8.460116386413574
2022-10-20,8.6061372756958
2022-10-21,8.81604290008545
2022-10-24,8.806915283203125
2022-10-25,8.907306671142578
2022-10-26,8.943811416625977
2022-10-27,9.08983325958252
2022-10-28,9.427508354187012
2022-10-31,9.39100170135498
2022-11-01,9.372750282287598
2022-11-02,9.08983325958252
2022-11-03,9.56440258026123
2022-11-04,9.883824348449707
2022-11-07,9.70129680633545
2022-11-08,9.810813903808594
2022-11-09,9.619160652160645
2022-11-10,9.537023544311523
2022-11-11,9.938582420349121
2022-11-14,9.865572929382324
2022-11-15,9.938582420349121
2022-11-16,9.892951011657715
2022-11-17,9.73780345916748
2022-11-18,9.73780345916748
2022-11-21,9.573528289794922
2022-11-22,9.527896881103516
2022-11-23,9.46401309967041
2022-11-25,9.418380737304688
2022-11-28,9.290613174438477
2022-11-29,9.181097030639648
2022-11-30,9.281486511230469
2022-12-01,9.317991256713867
2022-12-02,8.943811416625977
2022-12-05,8.980318069458008
2022-12-06,9.208475112915039
2022-12-07,9.226727485656738
2022-12-08,9.24498176574707
2022-12-09,9.500517845153809
2022-12-12,9.427508354187012
2022-12-13,8.779537200927734
2022-12-14,9.025948524475098
2022-12-15,8.81604290008545
2022-12-16,8.788664817810059
2022-12-19,8.675139427185059
2022-12-20,8.788664817810059
2022-12-21,8.826504707336426
2022-12-22,8.798125267028809
2022-12-23,8.589996337890625
2022-12-27,8.514313697814941
2022-12-28,8.646759033203125
2022-12-29,8.675139427185059
2022-12-30,8.741361618041992
2023-01-03,8.637298583984375
2023-01-04,8.731901168823242
2023-01-05,8.89272689819336
2023-01-06,9.072474479675293
2023-01-09,9.13869571685791
2023-01-10,9.11977767944336
2023-01-11,9.04409408569336
2023-01-12,9.375205993652344
2023-01-13,9.356285095214844
2023-01-17,9.498189926147461
2023-01-18,9.110316276550293
2023-01-19,8.99679183959961
2023-01-20,8.618376731872559
2023-01-23,8.599457740783691
2023-01-24,8.760282516479492
2023-01-25,8.741361618041992
2023-01-26,8.485932350158691
2023-01-27,8.400789260864258
2023-01-30,8.561615943908691
2023-01-31,8.684600830078125
2023-02-01,8.779203414916992
2023-02-02,8.476471900939941
2023-02-03,8.552155494689941
2023-02-06,8.467012405395508
2023-02-07,8.410249710083008
2023-02-08,8.362948417663574
2023-02-09,8.30618667602539
2023-02-10,8.410249710083008
2023-02-13,8.580535888671875
2023-02-14,8.561615943908691
2023-02-15,8.722440719604492
2023-02-16,8.656218528747559
2023-02-17,8.627838134765625
2023-02-21,8.381868362426758
2023-02-22,8.419710159301758
2023-02-23,8.504853248596191
2023-02-24,8.400789260864258
2023-02-27,8.448091506958008
2023-02-28,8.637298583984375
2023-03-01,8.552155494689941
2023-03-02,8.485932350158691
2023-03-03,8.769743919372559
2023-03-06,8.779203414916992
2023-03-07,8.722440719604492
2023-03-08,8.750823020935059
2023-03-09,8.504853248596191
2023-03-10,8.164280891418457
2023-03-13,7.965612888336182
2023-03-14,8.098058700561523
2023-03-15,7.918311595916748
2023-03-16,7.956153869628906
2023-03-17,7.8047871589660645
2023-03-20,7.8047871589660645
2023-03-21,7.719644546508789
2023-03-22,7.681803226470947
2023-03-23,7.50205659866333
2023-03-24,7.643960952758789
2023-03-27,7.6061201095581055
2023-03-28,7.738565444946289
2023-03-29,7.8993916511535645
2023-03-30,7.965612888336182
2023-03-31,7.766946792602539
2023-04-03,7.937232971191406
2023-04-04,7.861550331115723
2023-04-05,7.672342777252197
2023-04-06,7.5588178634643555
2023-04-10,7.691263198852539
2023-04-11,8.012914657592773
2023-04-12,8.088598251342773
2023-04-13,7.94669246673584
2023-04-14,7.776407241821289
2023-04-17,7.738565444946289
2023-04-18,7.814248561859131
2023-04-19,7.653421878814697
2023-04-20,7.539897441864014
2023-04-21,7.360151290893555
2023-04-24,7.454754829406738
2023-04-25,7.227706432342529
2023-04-26,7.142563343048096
2023-04-27,7.208785533905029
2023-04-28,7.539897441864014
2023-05-01,7.44529390335083
2023-05-02,7.6061201095581055
2023-05-03,7.58720064163208
2023-05-04,7.48313570022583
2023-05-05,7.956153869628906
2023-05-08,7.918311595916748
2023-05-09,7.842628479003906
2023-05-10,7.975074291229248
2023-05-11,7.918311595916748
2023-05-12,8.15481948852539
2023-05-15,8.27780532836914
2023-05-16,8.325106620788574
2023-05-17,8.362948417663574
2023-05-18,8.618376731872559
2023-05-19,8.580535888671875
2023-05-22,8.599457740783691
2023-05-23,8.694060325622559
2023-05-24,8.485932350158691
2023-05-25,8.26834487915039
2023-05-26,8.589996337890625
2023-05-30,8.448091506958008
2023-05-31,8.391329765319824
2023-06-01,8.467012405395508
2023-06-02,8.826504707336426
2023-06-05,8.921109199523926
2023-06-06,9.01571273803711
2023-06-07,8.779203414916992
2023-06-08,8.807584762573242
2023-06-09,8.769743919372559
2023-06-12,9.063014030456543
2023-06-13,9.110316276550293
2023-06-14,9.110316276550293
2023-06-15,9.460348129272461
2023-06-16,9.469808578491211
2023-06-20,9.299522399902344
2023-06-21,9.17653751373291
2023-06-22,9.072474479675293
2023-06-23,9.034632682800293
2023-06-26,9.04409408569336
2023-06-27,8.835966110229492
2023-06-28,8.571075439453125
2023-06-29,8.561615943908691
2023-06-30,8.722440719604492
2023-07-03,8.826504707336426
2023-07-05,8.675139427185059
2023-07-06,8.457551956176758
2023-07-07,8.665678977966309
2023-07-10,8.542695045471191
2023-07-11,8.561615943908691
2023-07-12,8.675139427185059
2023-07-13,8.760282516479492
2023-07-14,8.769743919372559
2023-07-17,8.703521728515625
2023-07-18,8.750823020935059
2023-07-19,8.599457740783691
2023-07-20,8.580535888671875
2023-07-21,8.731901168823242
2023-07-24,8.958950996398926
2023-07-25,8.96841049194336
2023-07-26,9.299522399902344
2023-07-27,9.394126892089844
2023-07-28,9.450887680053711
2023-07-31,9.611714363098145
2023-08-01,9.564412117004395
2023-08-02,9.394126892089844
2023-08-03,9.564412117004395
2023-08-04,9.725238800048828
2023-08-07,9.706317901611328
2023-08-08,9.602253913879395
2023-08-09,9.498189926147461
2023-08-10,9.526571273803711
2023-08-11,9.677936553955078
2023-08-14,9.677936553955078
2023-08-15,9.450887680053711
2023-08-16,9.460348129272461
2023-08-17,9.545491218566895
2023-08-18,9.640094757080078
2023-08-21,9.469808578491211
2023-08-22,9.545491218566895
2023-08-23,9.611714363098145
2023-08-24,9.517111778259277
2023-08-25,9.630635261535645
2023-08-28,9.734698295593262
2023-08-29,9.952286720275879
2023-08-30,9.886063575744629
2023-08-31,9.573872566223145
2023-09-01,9.734698295593262
2023-09-05,9.583333969116211
2023-09-06,9.384665489196777
2023-09-07,9.28060245513916
2023-09-08,9.204919815063477
2023-09-11,9.583333969116211
2023-09-12,9.526571273803711
2023-09-13,9.649555206298828
2023-09-14,9.923905372619629
2023-09-15,10.094192504882812
2023-09-18,10.075270652770996
2023-09-19,10.20771598815918
2023-09-20,10.595590591430664
2023-09-21,10.690194129943848
2023-09-22,10.576669692993164
2023-09-25,10.51044750213623
2023-09-26,10.292859077453613
2023-09-27,10.084732055664062
2023-09-28,10.103652954101562
2023-09-29,10.169875144958496
2023-10-02,10.094192504882812
2023-10-03,10.084732055664062
2023-10-04,10.094192504882812
2023-10-05,10.113112449645996
2023-10-06,10.321240425109863
2023-10-09,10.434764862060547
2023-10-10,10.567209243774414
2023-10-11,10.595590591430664
2023-10-12,10.51044750213623
2023-10-13,10.832099914550781
2023-10-16,10.775337219238281
2023-10-17,10.822638511657715
2023-10-18,10.463146209716797
2023-10-19,10.500988006591797
2023-10-20,10.292859077453613
2023-10-23,10.188796997070312
2023-10-24,9.904985427856445
2023-10-25,9.886063575744629
2023-10-26,9.942827224731445
2023-10-27,9.819842338562012
2023-10-30,9.659015655517578
2023-10-31,9.668477058410645
2023-11-01,9.791460990905762
2023-11-02,9.952286720275879
2023-11-03,9.867143630981445
2023-11-06,9.990128517150879
2023-11-07,10.056349754333496
2023-11-08,10.283398628234863
2023-11-09,10.25501823425293
2023-11-10,10.49152660369873
2023-11-13,10.359082221984863
2023-11-14,10.24555778503418
2023-11-15,10.292859077453613
2023-11-16,10.33070182800293
2023-11-17,10.188796997070312
2023-11-20,10.292859077453613
2023-11-21,10.226637840270996
2023-11-22,10.27393913269043
2023-11-24,10.27393913269043
2023-11-27,10.33070182800293
2023-11-28,10.283398628234863
2023-11-29,10.434764862060547
2023-11-30,10.27393913269043
2023-12-01,10.018509864807129
2023-12-04,9.904985427856445
2023-12-05,9.800920486450195
2023-12-06,9.800920486450195
2023-12-07,9.772541046142578
2023-12-08,9.972968101501465
2023-12-11,10.021380424499512
2023-12-12,9.924555778503418
2023-12-13,10.205348014831543
2023-12-14,10.321537971496582
2023-12-15,10.340902328491211
2023-12-18,10.389314651489258
2023-12-19,10.553916931152344
2023-12-20,10.592646598815918
2023-12-21,10.776615142822266
2023-12-22,10.941217422485352
2023-12-26,11.067090034484863
2023-12-27,11.144549369812012
2023-12-28,11.067090034484863
2023-12-29,10.999312400817871
2024-01-02,10.795979499816895
2024-01-03,10.892805099487305
2024-01-04,10.75724983215332
2024-01-05,10.679789543151855
2024-01-08,10.863757133483887
2024-01-09,10.650742530822754
2024-01-10,10.621694564819336
2024-01-11,10.737885475158691
2024-01-12,10.6701078414917
2024-01-16,10.350584983825684
2024-01-17,10.302172660827637
2024-01-18,10.108522415161133
2024-01-19,10.176301002502441
2024-01-22,10.011697769165039
2024-01-23,10.15693473815918
2024-01-24,10.108522415161133
2024-01-25,10.215030670166016
2024-01-26,10.408679962158203
2024-01-29,9.982650756835938
2024-01-30,10.166617393493652
2024-01-31,10.069792747497559
2024-02-01,10.021380424499512
2024-02-02,9.992332458496094
2024-02-05,10.031063079833984
2024-02-06,10.447409629821777
2024-02-07,10.466775894165039
2024-02-08,10.340902328491211
2024-02-09,10.321537971496582
2024-02-12,10.563600540161133
2024-02-13,10.292490005493164
2024-02-14,10.15693473815918
2024-02-15,10.205348014831543
2024-02-16,10.360267639160156
2024-02-20,10.573283195495605
2024-02-21,10.825027465820312
2024-02-22,10.902487754821777
2024-02-23,10.766931533813477
2024-02-26,10.863757133483887
2024-02-27,11.163914680480957
2024-02-28,11.183279991149902
2024-02-29,10.989630699157715
2024-03-01,11.241374015808105
2024-03-04,11.454389572143555
2024-03-05,11.454389572143555
2024-03-06,11.425342559814453
2024-03-07,11.589944839477539
2024-03-08,11.512484550476074
2024-03-11,11.396294593811035
2024-03-12,11.531848907470703
2024-03-13,11.58026123046875
2024-03-14,11.541531562805176
2024-03-15,11.812641143798828
2024-03-18,11.754547119140625
2024-03-19,12.09343433380127
2024-03-20,12.141845703125
2024-03-21,12.083751678466797
2024-03-22,12.074069023132324
2024-03-25,12.015974044799805
2024-03-26,12.258036613464355
2024-03-27,12.422638893127441
2024-03-28,12.374226570129395
2024-04-01,12.412956237792969
2024-04-02,12.471052169799805
2024-04-03,12.35486125946045
2024-04-04,12.190258979797363
2024-04-05,11.986927032470703
2024-04-08,11.986927032470703
2024-04-09,11.957879066467285
2024-04-10,11.754547119140625
2024-04-11,11.628674507141113
2024-04-12,11.522167205810547
2024-04-15,11.386611938476562
2024-04-16,11.23169231414795
2024-04-17,11.212327003479004
2024-04-18,11.222009658813477
2024-04-19,11.41565990447998
2024-04-22,11.357563972473145
2024-04-23,11.367246627807617
2024-04-24,11.367246627807617
2024-04-25,11.241374015808105
2024-04-26,11.299468994140625
2024-04-29,11.125184059143066
2024-04-30,10.883122444152832
2024-05-01,10.912169456481934
2024-05-02,11.154232025146484
2024-05-03,11.289786338806152
2024-05-06,11.376930236816406
2024-05-07,10.060110092163086
2024-05-08,10.031063079833984
2024-05-09,10.031063079833984
2024-05-10,9.740588188171387
2024-05-13,9.537256240844727
2024-05-14,9.450113296508789
2024-05-15,9.527573585510254
2024-05-16,9.769635200500488
2024-05-17,9.83741283416748
2024-05-20,9.885825157165527
2024-05-21,9.295193672180176
2024-05-22,9.082179069519043
2024-05-23,9.527573585510254
2024-05-24,9.208050727844238
2024-05-28,9.266145706176758
2024-05-29,9.198368072509766
2024-05-30,9.256464004516602
2024-05-31,9.053131103515625
2024-06-03,8.694878578186035
2024-06-04,8.588371276855469
2024-06-05,8.56900691986084
2024-06-06,8.888528823852539
2024-06-07,8.878846168518066
2024-06-10,9.03376579284668
2024-06-11,8.878846168518066
2024-06-12,8.83043384552002
2024-06-13,8.849799156188965
2024-06-14,8.7723388671875
2024-06-17,8.704561233520508
2024-06-18,8.646466255187988
2024-06-20,8.588371276855469
2024-06-21,8.723926544189453
2024-06-24,8.946623802185059
2024-06-25,8.859480857849121
2024-06-26,8.91757583618164
2024-06-27,10.079475402832031
2024-06-28,9.943921089172363
2024-07-01,9.905190467834473
2024-07-02,9.827730178833008
2024-07-03,10.021380424499512
2024-07-05,9.701858520507812
2024-07-08,9.469478607177734
2024-07-09,9.401700973510742
2024-07-10,9.39201831817627
2024-07-11,9.43074893951416
2024-07-12,9.333924293518066
2024-07-15,9.59535026550293
2024-07-16,9.672809600830078
2024-07-17,9.585667610168457
2024-07-18,9.333924293518066
2024-07-19,9.295193672180176
2024-07-22,9.27582836151123
2024-07-23,9.208050727844238
2024-07-24,9.072495460510254
2024-07-25,9.03376579284668
2024-07-26,8.888528823852539
2024-07-29,9.101542472839355
2024-07-30,9.217734336853027
2024-07-31,9.237098693847656
2024-08-01,9.111226081848145
2024-08-02,8.985353469848633
2024-08-05,8.927258491516113
2024-08-06,8.898211479187012
2024-08-07,8.975671768188477
2024-08-08,9.324241638183594
2024-08-09,9.643763542175293
2024-08-12,9.605033874511719
2024-08-13,9.682493209838867
2024-08-14,9.711541175842285
2024-08-15,9.537256240844727
2024-08-16,9.663127899169922
2024-08-19,9.866459846496582
2024-08-20,9.914872169494629
2024-08-21,10.021380424499512
2024-08-22,9.808365821838379
2024-08-23,9.93423843383789
2024-08-26,9.779317855834961
2024-08-27,9.789000511169434
2024-08-28,9.789000511169434
2024-08-29,9.59535026550293
2024-08-30,9.43074893951416
2024-09-03,9.37265396118164
2024-09-04,9.508208274841309
2024-09-05,9.5759859085083
2024-09-06,9.421065330505371
2024-09-09,9.39201831817627
2024-09-10,9.440430641174316
2024-09-11,9.479161262512207
2024-09-12,9.362971305847168
2024-09-13,9.459795951843262
2024-09-16,9.314558029174805
2024-09-17,9.39201831817627
2024-09-18,9.343605041503906
2024-09-19,9.37265396118164
2024-09-20,9.140273094177246
2024-09-23,9.053131103515625
2024-09-24,9.411383628845215
2024-09-25,9.17900276184082
2024-09-26,9.643763542175293
2024-09-27,9.701858520507812
2024-09-30,9.682493209838867
2024-10-01,9.769635200500488
2024-10-02,9.789000511169434
2024-10-03,9.701858520507812
2024-10-04,9.924555778503418
2024-10-07,9.876142501831055
2024-10-08,9.730905532836914
2024-10-09,9.440430641174316
2024-10-10,9.411383628845215
2024-10-11,9.362971305847168
2024-10-14,9.556620597839355
2024-10-15,9.362971305847168
2024-10-16,9.333924293518066
2024-10-17,9.411383628845215
2024-10-18,9.508208274841309
2024-10-21,9.585667610168457
2024-10-22,9.827730178833008
2024-10-23,9.818048477172852
2024-10-24,9.876142501831055
2024-10-25,10.079475402832031
2024-10-28,10.079475402832031
2024-10-29,10.011697769165039
2024-10-30,10.09883975982666
2024-10-31,9.943921089172363
2024-11-01,9.895508766174316
2024-11-04,10.011697769165039
2024-11-05,10.176301002502441
2024-11-06,10.09883975982666
2024-11-07,10.031063079833984
2024-11-08,9.847095489501953
2024-11-11,9.779317855834961
2024-11-12,9.943921089172363
2024-11-13,9.963285446166992
2024-11-14,10.15693473815918
2024-11-15,10.302172660827637
2024-11-18,10.302172660827637
2024-11-19,10.15693473815918
2024-11-20,10.224713325500488
2024-11-21,10.224713325500488
2024-11-22,10.15693473815918
2024-11-25,9.992332458496094
2024-11-26,9.866459846496582
2024-11-27,9.721222877502441
2024-11-29,10.021380424499512
2024-12-02,9.914872169494629
2024-12-03,10.185983657836914
2024-12-04,10.457093238830566
2024-12-05,10.466775894165039
2024-12-06,10.379632949829102
2024-12-09,10.582964897155762
2024-12-10,10.360267639160156
2024-12-11,10.350584983825684
2024-12-12,10.127887725830078
2024-12-13,9.982650756835938
2024-12-16,10.002016067504883
2024-12-17,10.09883975982666
2024-12-18,9.878866195678711
2024-12-19,9.858867645263672
2024-12-20,9.758879661560059
2024-12-23,9.918861389160156
2024-12-24,10.10883903503418
2024-12-26,10.068843841552734
2024-12-27,10.038846969604492
2024-12-30,10.068843841552734
2024-12-31,10.1188383102417
2025-01-02,10.148834228515625
2025-01-03,10.168832778930664
2025-01-06,10.228825569152832
2025-01-07,10.178832054138184
2025-01-08,10.138835906982422
2025-01-10,10.068843841552734
2025-01-13,10.168832778930664
2025-01-14,10.1188383102417
2025-01-15,10.18882942199707
2025-01-16,10.048846244812012
2025-01-17,10.308816909790039
2025-01-21,10.398805618286133
2025-01-22,10.448800086975098
2025-01-23,10.588784217834473
2025-01-24,10.678773880004883
2025-01-27,10.83875560760498
2025-01-28,10.73876667022705
2025-01-29,10.75876522064209
2025-01-30,10.698771476745605
2025-01-31,10.798760414123535
2025-02-03,10.8487548828125
2025-02-04,10.488795280456543
2025-02-05,10.348812103271484
2025-02-06,10.528790473937988
2025-02-07,10.288818359375
2025-02-10,10.19882869720459
2025-02-11,10.148834228515625
2025-02-12,10.098840713500977
2025-02-13,10.288818359375
2025-02-14,10.368809700012207
2025-02-18,10.168832778930664
2025-02-19,10.158833503723145
2025-02-20,10.138835906982422
2025-02-21,10.058845520019531
2025-02-24,9.918861389160156
2025-02-25,9.908862113952637
2025-02-26,9.838871002197266
2025-02-27,9.778877258300781
2025-02-28,9.608896255493164
2025-03-03,9.398920059204102
2025-03-04,9.358924865722656
2025-03-05,9.638894081115723
2025-03-06,9.578900337219238
2025-03-07,9.588899612426758
2025-03-10,9.498908996582031
2025-03-11,9.458913803100586
2025-03-12,9.398920059204102
2025-03-13,9.378923416137695
2025-03-14,9.468913078308105
2025-03-17,9.598897933959961
2025-03-18,9.668889999389648
2025-03-19,9.698885917663574
2025-03-20,9.828871726989746
2025-03-21,9.528905868530273
2025-03-24,9.42891788482666
2025-03-25,9.41891860961914
2025-03-26,9.348926544189453
2025-03-27,9.378923416137695
2025-03-28,9.258936882019043
2025-03-31,9.288933753967285
2025-04-01,9.348926544189453
2025-04-02,9.32892894744873
2025-04-03,9.098956108093262
2025-04-04,8.728997230529785
2025-04-07,8.509023666381836
2025-04-08,8.479025840759277
2025-04-09,8.938973426818848
2025-04-10,8.848984718322754
2025-04-11,8.838985443115234
2025-04-14,8.988967895507812
2025-04-15,8.808988571166992
2025-04-16,8.87898063659668
2025-04-17,8.948972702026367
2025-04-21,8.948972702026367
2025-04-22,9.048961639404297
2025-04-23,9.158947944641113
2025-04-24,9.188944816589355
2025-04-25,9.048961639404297
2025-04-28,8.978968620300293
2025-04-29,8.948972702026367
2025-04-30,8.85898208618164
2025-05-01,8.78899097442627
2025-05-02,8.96897029876709
2025-05-05,8.848984718322754
2025-05-06,8.828986167907715
2025-05-07,8.898978233337402
2025-05-08,8.978968620300293
2025-05-09,8.898978233337402
2025-05-12,9.2289400100708
2025-05-13,9.488910675048828
2025-05-14,9.478911399841309
2025-05-15,9.498908996582031
2025-05-16,9.468913078308105
2025-05-19,9.488910675048828
2025-05-20,9.348926544189453
2025-05-21,9.41891860961914
2025-05-22,9.398920059204102
2025-05-23,9.358924865722656
2025-05-27,9.118952751159668
2025-05-28,8.978968620300293
2025-05-29,8.938973426818848
2025-05-30,8.679003715515137
2025-06-02,8.77899169921875
2025-06-03,8.928975105285645
2025-06-04,8.808988571166992
2025-06-05,9.458913803100586
2025-06-06,9.558902740478516
2025-06-09,9.618895530700684
2025-06-10,9.558902740478516
2025-06-11,9.558902740478516
2025-06-12,9.568901062011719
2025-06-13,9.758879661560059
2025-06-16,9.858867645263672
2025-06-17,9.588899612426758
2025-06-18,9.568901062011719
2025-06-20,9.408919334411621
2025-06-23,9.368924140930176
2025-06-24,9.408919334411621
2025-06-25,9.268936157226562
2025-06-26,9.378923416137695
2025-06-27,9.298933029174805
2025-06-30,9.408919334411621
2025-07-01,9.308931350708008
2025-07-02,9.528905868530273
2025-07-03,9.568901062011719
2025-07-07,9.308931350708008
2025-07-08,9.308931350708008
2025-07-09,9.078957557678223
2025-07-10,8.988967895507812
2025-07-11,8.978968620300293
2025-07-14,8.928975105285645
2025-07-15,9.0589599609375
2025-07-16,9.088956832885742
2025-07-17,9.078957557678223
2025-07-18,9.0589599609375
2025-07-21,9.14894962310791
2025-07-22,9.198944091796875
2025-07-23,9.388922691345215
2025-07-24,9.358924865722656
2025-07-25,9.468913078308105
2025-07-28,9.348926544189453
2025-07-29,9.33892822265625
2025-07-30,9.398920059204102
2025-07-31,9.268936157226562
2025-08-01,9.308931350708008
2025-08-04,9.168947219848633
2025-08-05,9.2289400100708
2025-08-06,9.368924140930176
2025-08-07,10.018850326538086
2025-08-08,10.10883903503418
2025-08-11,9.928860664367676
2025-08-12,10.028848648071289
2025-08-13,9.998851776123047
2025-08-14,9.988852500915527
2025-08-15,9.938858032226562
2025-08-18,9.728882789611816
2025-08-19,9.608896255493164
2025-08-20,9.588899612426758
2025-08-21,9.578900337219238
2025-08-22,9.918861389160156
2025-08-25,9.878866195678711
2025-08-26,9.728882789611816
2025-08-27,9.798874855041504
2025-08-28,9.818872451782227
2025-08-29,9.728882789611816
2025-09-02,9.608896255493164
2025-09-03,9.548903465270996
2025-09-04,9.528905868530273
2025-09-05,9.628894805908203
2025-09-08,9.548903465270996
2025-09-09,9.558902740478516
2025-09-10,9.42891788482666
2025-09-11,9.568901062011719
2025-09-12,9.458913803100586
2025-09-15,9.478911399841309
2025-09-16,9.568901062011719
2025-09-17,9.578900337219238
2025-09-18,9.568901062011719
2025-09-19,9.528905868530273
2025-09-22,9.42891788482666
2025-09-23,9.51890754699707
2025-09-24,9.358924865722656
2025-09-25,9.368924140930176
2025-09-26,9.23893928527832
2025-09-29,9.24893856048584
2025-09-30,9.398920059204102
2025-10-01,9.388922691345215
2025-10-02,9.41891860961914
2025-10-03,9.51890754699707
2025-10-06,9.358924865722656
2025-10-07,9.14894962310791
2025-10-08,8.998967170715332
2025-10-09,8.928975105285645
2025-10-10,8.808988571166992
2025-10-13,8.848984718322754
2025-10-14,8.798990249633789
2025-10-15,8.718998908996582
2025-10-16,8.78899097442627
2025-10-17,8.87898063659668
2025-10-20,8.8889799118042
2025-10-21,8.818986892700195
2025-10-22,8.95897102355957
2025-10-23,9.0589599609375
2025-10-24,9.118952751159668
2025-10-27,9.118952751159668
2025-10-28,9.23893928527832
2025-10-29,9.158947944641113
2025-10-30,9.068958282470703
2025-10-31,9.028963088989258
2025-11-03,9.048961639404297
2025-11-04,9.108953475952148
2025-11-05,9.138951301574707
2025-11-06,9.0589599609375
2025-11-07,8.908976554870605
2025-11-10,8.748995780944824
2025-11-11,8.848984718322754
2025-11-12,9.078957557678223
2025-11-13,8.978968620300293
2025-11-14,8.908976554870605
2025-11-17,9.068958282470703
2025-11-18,9.14894962310791
2025-11-19,9.088956832885742
2025-11-20,8.988967895507812
2025-11-21,8.948972702026367
2025-11-24,8.898978233337402
2025-11-25,8.86898136138916
2025-11-26,8.95897102355957
2025-11-28,8.948972702026367
2025-12-01,8.87898063659668
2025-12-02,9.048961639404297
2025-12-03,9.218941688537598
2025-12-04,9.288933753967285
2025-12-05,9.23893928527832
2025-12-08,9.23893928527832
2025-12-09,9.268936157226562
2025-12-10,9.438916206359863
2025-12-11,9.128952026367188
2025-12-12,9.018964767456055
2025-12-15,9.008965492248535
2025-12-16,8.918975830078125
2025-12-17,8.988967895507812
2025-12-18,9.538905143737793
2025-12-19,9.468913078308105
2025-12-22,9.188944816589355
2025-12-23,9.298933029174805
2025-12-24,9.268936157226562
2025-12-26,9.318929672241211
2025-12-29,9.258936882019043
2025-12-30,9.348926544189453
2025-12-31,9.33892822265625
2026-01-02,9.51890754699707
2026-01-05,9.348926544189453
2026-01-06,9.308931350708008
2026-01-07,9.308931350708008
2026-01-08,9.268936157226562
2026-01-09,9.548903465270996
2026-01-12,9.658890724182129
2026-01-13,9.608896255493164
2026-01-14,9.658890724182129
2026-01-15,9.738882064819336
2026-01-16,9.638894081115723
2026-01-20,9.558902740478516
2026-01-21,9.748880386352539
2026-01-22,9.858867645263672
2026-01-23,9.848869323730469
2026-01-26,9.7888765335083
2026-01-27,9.828871726989746
2026-01-28,9.888864517211914
2026-01-29,9.528905868530273
2026-01-30,9.368924140930176
2026-02-02,9.318929672241211
2026-02-03,9.408919334411621
2026-02-04,9.448914527893066
2026-02-05,9.578900337219238
2026-02-06,9.678889274597168
2026-02-09,9.848869323730469
2026-02-10,9.848869323730469
2026-02-11,11.178716659545898
2026-02-12,11.228710174560547
2026-02-13,11.178716659545898
2026-02-17,10.968740463256836
2026-02-18,10.878750801086426
2026-02-19,10.938743591308594
2026-02-20,10.988738059997559
2026-02-23,10.998737335205078
2026-02-24,11.328699111938477
2026-02-25,11.43868637084961
2026-02-26,11.458684921264648
2026-02-27,11.328699111938477
2026-03-02,11.178716659545898
2026-03-03,10.8487548828125
2026-03-04,10.74876594543457
2026-03-05,10.528790473937988
2026-03-06,10.398805618286133
2026-03-09,10.66877555847168
2026-03-10,10.698771476745605
2026-03-11,10.598783493041992
2026-03-12,10.148834228515625
2026-03-13,10.008851051330566
2026-03-16,10.138835906982422
2026-03-17,10.1188383102417
2026-03-18,10.018850326538086
2026-03-19,9.728882789611816
2026-03-20,9.408919334411621
2026-03-23,9.7888765335083
2026-03-24,9.678889274597168
2026-03-25,9.818872451782227
2026-03-26,9.618895530700684
2026-03-27,9.608896255493164
2026-03-30,9.608896255493164
2026-03-31,10.008851051330566
2026-04-01,10.088841438293457
2026-04-02,9.848869323730469
2026-04-06,9.64889144897461
2026-04-07,9.018964767456055
2026-04-08,9.23893928527832
2026-04-09,9.41891860961914
2026-04-10,9.398920059204102
2026-04-13,9.50890827178955
2026-04-14,9.688887596130371
2026-04-15,9.528905868530273
2026-04-16,9.51890754699707
2026-04-17,9.64889144897461
2026-04-20,9.588899612426758
2026-04-21,9.478911399841309
2026-04-22,9.538905143737793
2026-04-23,9.348926544189453
2026-04-24,9.098956108093262
2026-04-27,9.098956108093262
2026-04-28,9.068958282470703
2026-04-29,8.928975105285645
2026-04-30,8.86898136138916
2026-05-01,8.709000587463379
2026-05-04,8.550000190734863
2026-05-05,8.600000381469727
2026-05-06,8.739999771118164
2026-05-07,8.770000457763672
2026-05-08,8.869999885559082
2026-05-11,8.739999771118164
2026-05-12,8.75
2026-05-13,8.569999694824219
2026-05-14,8.539999961853027
2026-05-15,8.210000038146973
2026-05-18,8.369999885559082
2026-05-19,8.140000343322754
2026-05-20,8.449999809265137
2026-05-21,8.449999809265137
2026-05-22,8.3100004196167
2026-05-26,8.329999923706055
2026-05-27,8.359999656677246
2026-05-28,8.260000228881836
2026-05-29,8.180000305175781
2026-06-01,8.119999885559082
2026-06-02,8.0600004196167
2026-06-03,8.039999961853027
2026-06-04,8.029999732971191
2026-06-05,8.180000305175781
2026-06-08,8.119999885559082
2026-06-09,8.149999618530273
2026-06-10,8.020000457763672
2026-06-11,8.149999618530273
2026-06-12,8.229999542236328
2026-06-15,8.449999809265137
2026-06-16,8.420000076293945
2026-06-17,8.279999732971191
2026-06-18,8.390000343322754
2026-06-22,8.210000038146973
2026-06-23,8.039999961853027
2026-06-24,8.109999656677246
2026-06-25,8.100000381469727
2026-06-26,7.71999979019165
2026-06-29,7.670000076293945
2026-06-30,7.760000228881836
2026-07-01,7.809999942779541
2026-07-02,7.880000114440918
2026-07-06,7.980000019073486
2026-07-07,8.010000228881836
2026-07-08,7.929999828338623
2026-07-09,7.989999771118164
2026-07-10,8.069999694824219
2026-07-13,8.109999656677246
2026-07-14,8.149999618530273
2026-07-15,8.1899995803833
2026-07-16,8.199999809265137
2026-07-17,8.210000038146973
2026-07-20,8.239999771118164
2026-07-21,8.239999771118164
2026-07-22,8.449999809265137
2026-07-23,8.34000015258789
2026-07-24,8.289999961853027
2026-07-27,8.220000267028809
2026-07-28,8.40999984741211
2026-07-29,8.300000190734863
2026-07-30,8.4399995803833
2026-07-31,8.520000457763672
2026-08-03,8.529999732971191
2026-08-04,8.350000381469727
2026-08-05,8.350000381469727
2026-08-06,8.25
2026-08-07,8.220000267028809
2026-08-10,8.119999885559082
2026-08-11,7.840000152587891
2026-08-12,8.020000457763672
2026-08-13,7.989999771118164
2026-08-14,8.109999656677246
2026-08-17,7.860000133514404
2026-08-18,7.929999828338623
2026-08-19,8.34000015258789
2026-08-20,8.5
2026-08-21,8.779999732971191
2026-08-24,9.069999694824219
2026-08-25,9.029999732971191
2026-08-26,8.9399995803833
2026-08-27,8.960000038146973
2026-08-28,8.899999618530273
2026-08-31,8.720000267028809
2026-09-01,8.859999656677246
2026-09-02,9.140000343322754
2026-09-03,9.149999618530273
2026-09-04,9.170000076293945
2026-09-08,9.229999542236328
2026-09-09,9.270000457763672
2026-09-10,9.430000305175781
2026-09-11,9.359999656677246
2026-09-14,9.199999809265137
2026-09-15,9.229999542236328
2026-09-16,9.100000381469727
2026-09-17,9.260000228881836
2026-09-18,9.289999961853027
2026-09-21,9.25
2026-09-22,9.550000190734863
2026-09-23,9.210000038146973
2026-09-24,8.779999732971191
2026-09-25,8.6899995803833
