Data,SUZ,NYA,USDBRL,WOOD,US10Y
2008-11-05,-0.032192,-0.052469,0.009322,-0.029591,-0.018858
2008-11-06,-0.071146,-0.057345,0.011604,-0.064131,0.003519
2008-11-07,0.000000,0.036098,0.004542,0.036614,0.019692
2008-11-10,0.000000,-0.011909,-0.010720,-0.024952,-0.005291
2008-11-11,0.000000,-0.028900,0.024264,-0.036557,-0.001330
2008-11-12,0.000000,-0.055671,0.025989,-0.022076,-0.023968
2008-11-13,0.000000,0.074255,0.023313,0.024339,0.041746
2008-11-14,0.000000,-0.046041,-0.024534,-0.011020,-0.017810
2008-11-17,0.000000,-0.023708,0.011678,-0.018106,-0.017600
2008-11-18,0.000000,0.007946,-0.001776,-0.016312,-0.040445
2008-11-19,0.000000,-0.065914,0.040249,-0.056597,-0.040736
2008-11-20,-0.033679,-0.071983,0.003634,-0.079098,-0.072840
2008-11-21,0.000000,0.066344,0.024494,0.045643,0.007316
2008-11-24,0.000000,0.071368,-0.054220,0.085318,0.054626
2008-11-25,0.000000,0.011593,-0.009276,0.010603,-0.074251
2008-11-26,0.000000,0.032002,0.001997,0.024602,-0.029431
2008-12-01,0.000000,-0.090483,0.039128,-0.098731,-0.080487
2008-12-02,-0.100000,0.042471,-0.007249,0.049296,-0.009562
2008-12-03,-0.071895,0.018196,0.007517,-0.006338,-0.006313
2008-12-04,0.000000,-0.032058,0.036367,0.000751,-0.039611
2008-12-05,0.000000,0.032298,0.055620,-0.012749,0.033852
2008-12-08,0.000000,0.044144,-0.021434,0.085454,0.028980
2008-12-09,0.000000,-0.020785,-0.030466,-0.009097,-0.023775
2008-12-10,0.000000,0.019667,-0.021565,0.042726,0.005620
2008-12-11,-0.647887,-0.022436,-0.059824,-0.058585,-0.013413
2008-12-12,0.000000,0.007127,0.049118,0.008993,-0.022281
2008-12-15,0.000000,-0.008308,-0.016174,-0.001069,-0.021630
2008-12-16,0.000000,0.055852,0.002379,0.060671,-0.067114
2008-12-17,0.000000,-0.006059,0.001295,-0.001009,-0.073212
2008-12-18,0.000000,-0.026351,0.011207,-0.018188,-0.052968
2008-12-19,0.000000,-0.000292,0.010443,-0.013036,0.027483
2008-12-22,1.986000,-0.016969,-0.005147,-0.036497,0.004693
2008-12-23,0.000000,-0.009517,-0.013654,0.006133,0.010276
2008-12-24,0.000000,0.003484,0.000000,0.000000,0.007397
2008-12-29,0.000000,-0.000641,0.009974,-0.005025,-0.019186
2008-12-30,0.000000,0.024457,-0.010769,0.019120,-0.004294
2008-12-31,0.000000,0.015353,0.000000,0.040354,0.075228
2009-01-05,0.000000,-0.001234,-0.041721,0.005515,0.029801
2009-01-06,0.000000,0.010224,-0.034965,0.030511,0.006833
2009-01-07,0.000000,-0.028446,0.015662,-0.039255,-0.004391
2009-01-08,0.000000,0.006568,0.019379,-0.026662,-0.019647
2009-01-09,0.000000,-0.023088,0.012869,-0.007470,-0.015542
2009-01-12,0.000000,-0.026540,0.012884,-0.043728,-0.040715
2009-01-13,0.000000,-0.002196,-0.010431,-0.002249,-0.005197
2009-01-14,0.000000,-0.037943,0.025263,-0.042825,-0.036569
2009-01-15,0.000000,0.003579,0.007592,0.005102,-0.005423
2009-01-16,0.000000,0.007433,-0.014036,0.035143,0.046797
2009-01-21,0.042867,0.042690,-0.003762,-0.020775,0.077185
2009-01-22,0.000000,-0.019399,-0.001519,0.036720,0.026920
2009-01-23,0.000000,0.004615,-0.000043,0.011413,0.010794
2009-01-26,0.000000,0.009443,-0.015825,0.005058,0.008009
2009-01-27,0.000000,0.013505,0.001414,0.012389,-0.046916
2009-01-28,0.000000,0.034996,-0.013233,0.028681,0.054387
2009-01-29,0.000000,-0.036456,0.001341,-0.027509,0.059865
2009-01-30,0.000000,-0.019829,0.010268,-0.032493,0.010302
2009-02-02,0.000000,-0.005643,0.034026,-0.023706,-0.043952
2009-02-03,0.000000,0.019656,-0.014103,0.020234,0.045237
2009-02-04,0.000000,-0.004797,-0.008713,-0.013883,0.025334
2009-02-05,0.000000,0.015881,0.001356,0.011263,-0.004804
2009-02-06,0.000000,0.028027,-0.013406,0.022275,0.027241
2009-02-09,0.000000,0.000840,-0.009206,0.027627,0.016113
2009-02-10,0.000000,-0.048390,0.011168,-0.050360,-0.059465
2009-02-11,0.000000,0.007281,-0.001635,0.000797,-0.029856
2009-02-12,0.000000,0.000718,0.011594,-0.029083,-0.012672
2009-02-13,0.000000,-0.009453,-0.013123,0.021338,0.056839
2009-02-18,0.000000,-0.002950,0.014687,-0.024111,0.024793
2009-02-19,0.000000,-0.008809,0.001831,-0.007803,0.047287
2009-02-20,0.000000,-0.015703,0.015808,-0.012669,-0.029751
2009-02-23,0.000000,-0.035535,-0.004811,-0.044690,0.001804
2009-02-24,0.000000,0.040563,0.001681,0.026401,0.007922
2009-02-25,0.000000,-0.014221,0.004616,-0.018953,0.052161
2009-02-26,0.000000,-0.008447,-0.020886,-0.028979,0.011205
2009-02-27,-0.075144,-0.020367,0.010665,-0.007579,0.021155
2009-03-02,0.000000,-0.055458,0.028704,-0.085442,-0.040118
2009-03-03,0.000000,-0.006026,0.000821,-0.013570,0.006509
2009-03-04,0.000000,0.030034,-0.027880,0.037567,0.024847
2009-03-05,0.000000,-0.044187,0.002952,-0.049465,-0.063766
2009-03-06,0.000000,0.003958,-0.002355,-0.024142,0.003193
2009-03-09,0.000000,-0.013579,-0.003035,-0.007696,0.020509
2009-03-10,0.000000,0.064612,-0.009217,0.076454,0.033264
2009-03-11,0.000000,0.001334,-0.002816,0.034997,-0.022133
2009-03-12,0.000000,0.039866,-0.007960,0.019393,-0.008230
2009-03-13,0.000000,0.007686,-0.005047,0.020000,-0.002420
2009-03-16,0.000000,0.001676,-0.042055,-0.024868,0.022877
2009-03-17,0.000000,0.029442,0.030052,0.030407,0.017621
2009-03-18,0.000000,0.022012,0.010457,0.034269,-0.156510
2009-03-19,0.000000,-0.007654,-0.021177,0.009664,0.025266
2009-03-20,0.000000,-0.021285,0.005775,-0.042844,0.010782
2009-03-23,0.000000,0.073204,0.002650,0.100476,0.013333
2009-03-24,0.000000,-0.023435,-0.011498,-0.025097,-0.002256
2009-03-25,0.000000,0.012375,-0.002317,-0.021749,0.044461
2009-03-26,0.000000,0.020193,-0.001474,0.050817,-0.014069
2009-03-27,0.000000,-0.025598,0.017894,-0.025475,0.010245
2009-03-30,0.000000,-0.038769,0.020919,-0.040319,-0.017023
2009-03-31,0.000000,0.016315,-0.006888,0.036011,-0.010685
2009-04-01,0.000000,0.021446,-0.012354,0.009803,-0.010056
2009-04-02,0.000000,0.035656,-0.022603,0.049427,0.035365
2009-04-03,0.000000,0.009806,-0.012438,0.007149,0.056323
2009-04-06,0.000000,-0.013024,0.010094,0.012944,0.011008
2009-04-07,0.000000,-0.024538,0.001981,-0.036274,-0.010208
2009-04-08,0.000000,0.010885,-0.012849,-0.029085,-0.021313
2009-04-09,0.000000,0.038643,-0.010149,0.098678,0.027749
2009-04-15,0.000000,0.015745,0.007763,0.010404,-0.009691
2009-04-16,0.000000,0.012869,-0.007748,-0.005148,0.025734
2009-04-17,0.000000,0.004827,0.002572,0.056528,0.035336
2009-04-20,0.000000,-0.047528,0.021855,-0.056519,-0.029693
2009-04-21,0.000000,0.022886,0.003901,0.028754,0.020753
2009-04-22,0.000000,-0.009173,-0.016972,0.012034,0.021365
2009-04-23,0.000000,0.015403,0.002953,0.023782,-0.012483
2009-04-24,0.000000,0.017928,-0.006342,0.049457,0.023574
2009-04-27,0.000000,-0.014370,0.001231,-0.014280,-0.025033
2009-04-28,0.000000,-0.003707,-0.019078,-0.000724,0.027730
2009-04-29,0.000000,0.027243,0.002228,0.033708,0.031312
2009-04-30,0.000000,-0.000504,0.004539,0.010869,0.009044
2009-05-01,0.000000,0.010048,0.005118,0.004856,0.016005
2009-05-04,0.000000,0.041564,-0.021743,0.069382,-0.005356
2009-05-05,0.000000,-0.005079,0.006705,-0.004519,0.000000
2009-05-06,0.000000,0.020758,-0.016489,0.024644,-0.001584
2009-05-07,0.000000,-0.015357,-0.003883,-0.057595,0.045368
2009-05-08,0.000000,0.034534,-0.014406,0.062794,-0.000607
2009-05-11,0.597222,-0.025180,-0.011192,-0.018641,-0.034315
2009-05-12,0.000000,0.001682,0.004732,-0.013200,-0.001572
2009-05-13,0.000000,-0.032884,0.020102,-0.070147,-0.022047
2009-05-14,0.000000,0.011820,-0.001142,0.014737,0.000644
2009-05-15,0.000000,-0.012307,-0.009578,-0.001383,0.005150
2009-05-18,0.000000,0.035844,-0.000577,0.038781,0.028178
2009-05-19,0.000000,0.001083,-0.015598,0.007000,0.009966
2009-05-20,0.000000,-0.000312,-0.013400,0.012578,-0.012643
2009-05-21,0.000000,-0.015306,0.009963,-0.019287,0.047158
2009-05-22,0.000000,0.001571,-0.006724,-0.013667,0.028333
2009-05-27,0.000000,-0.019038,-0.010670,-0.019338,0.057830
2009-05-28,0.000000,0.016055,-0.003877,0.009358,-0.006225
2009-05-29,0.000000,0.014705,-0.019409,0.017550,-0.056373
2009-06-03,0.000000,-0.024094,0.002164,-0.027112,-0.025521
2009-06-04,-0.041667,0.012738,-0.001594,0.018794,0.046466
2009-06-05,0.000000,-0.004602,0.007157,-0.010178,0.039290
2009-06-08,0.000000,-0.002315,0.009765,-0.005463,0.006991
2009-06-09,0.000000,0.005439,-0.016455,0.003554,-0.007971
2009-06-10,0.000000,-0.000575,0.002625,-0.007405,0.020218
2009-06-11,0.000000,0.010671,-0.000359,0.011677,-0.018801
2009-06-12,0.000000,-0.002356,-0.013611,-0.012504,-0.019161
2009-06-15,0.000000,-0.029494,0.019266,-0.038636,-0.019799
2009-06-16,0.000000,-0.013490,0.005109,-0.010469,-0.010504
2009-06-17,0.000000,-0.003773,0.005845,-0.012287,-0.007349
2009-06-18,0.000000,0.007102,-0.034361,-0.003801,0.051275
2009-06-19,0.000000,0.004748,0.020984,0.003469,-0.011737
2009-06-22,0.000000,-0.035248,0.031213,-0.049141,-0.025336
2009-06-23,0.000000,0.006012,-0.006014,0.000000,-0.014351
2009-06-24,0.000000,0.006290,-0.018951,0.023010,0.012363
2009-06-25,0.000000,0.019896,-0.000714,0.013566,-0.037720
2009-06-26,0.000000,-0.000689,-0.015608,0.009863,-0.011280
2009-06-29,0.000000,0.009402,0.012539,0.011859,-0.003993
2009-06-30,0.000000,-0.009618,0.004401,-0.013789,0.008877
2009-07-01,0.000000,0.008274,-0.017730,0.013632,0.005961
2009-07-02,0.000000,-0.030025,0.013122,-0.031034,-0.013826
2009-07-07,0.000000,-0.019993,0.021154,-0.025797,-0.013120
2009-07-08,0.000000,-0.005318,0.018171,-0.022803,-0.049422
2009-07-09,0.000000,0.007610,-0.028944,0.013549,0.037701
2009-07-10,0.000000,-0.007031,0.036293,0.001485,-0.034574
2009-07-13,0.000000,0.023785,-0.012717,0.019652,0.015478
2009-07-14,0.000000,0.007674,-0.010567,0.016727,0.030185
2009-07-15,0.000000,0.032310,-0.015714,0.045422,0.043226
2009-07-16,0.000000,0.008324,-0.023973,0.013684,-0.010845
2009-07-17,0.000000,-0.000817,0.019216,0.000000,0.026427
2009-07-20,0.000000,0.017090,-0.011115,0.033075,-0.018077
2009-07-21,0.000000,0.002132,0.001155,0.008821,-0.030126
2009-07-22,0.000000,-0.000486,-0.002098,0.006153,0.022145
2009-07-23,0.043478,0.024567,-0.009147,0.029289,0.043613
2009-07-24,0.000000,0.005544,0.004722,0.000313,-0.010515
2009-07-27,0.000000,0.004292,-0.006971,0.015942,0.011717
2009-07-28,0.000000,-0.005655,0.000266,-0.002770,-0.006733
2009-07-29,0.000000,-0.007600,0.009569,-0.006171,-0.006508
2009-07-30,0.000000,0.016518,-0.011796,0.031667,-0.006277
2009-07-31,0.000000,0.006261,-0.007034,0.004514,-0.038451
2009-08-03,0.000000,0.022006,-0.016314,0.026363,0.039417
2009-08-04,0.000000,0.000532,-0.001309,0.014594,0.010992
2009-08-05,0.000000,-0.001667,0.000765,0.009494,0.023104
2009-08-06,0.000000,-0.006179,-0.001965,-0.023939,-0.004782
2009-08-07,0.000000,0.010593,-0.002844,0.030657,0.028831
2009-08-10,0.000000,-0.005566,0.011957,-0.025212,-0.021536
2009-08-11,0.000000,-0.013195,0.003252,-0.007265,-0.020684
2009-08-12,0.091667,0.011642,-0.009724,0.015515,0.002166
2009-08-13,0.000000,0.009976,-0.001473,0.004612,-0.029722
2009-08-14,0.000000,-0.010036,0.006119,-0.020947,-0.009190
2009-08-17,0.000000,-0.028405,-0.022536,-0.034290,-0.018831
2009-08-18,0.000000,0.013375,0.000000,0.015478,0.010026
2009-08-19,0.000000,0.006557,0.033556,0.009265,-0.017867
2009-08-20,0.000000,0.011440,-0.010965,0.015695,-0.008086
2009-08-21,0.000000,0.018747,-0.005978,0.017493,0.035226
2009-08-24,0.000000,-0.000767,-0.017332,-0.002005,-0.017435
2009-08-25,0.000000,0.003909,0.022200,0.000287,-0.012593
2009-08-26,0.000000,-0.001386,0.018942,-0.003732,-0.003478
2009-08-27,0.000000,0.005139,0.003846,0.024201,0.006981
2009-08-28,0.000000,-0.001974,-0.029747,-0.003376,-0.003177
2009-08-31,0.000000,-0.009808,0.027807,-0.017782,-0.014489
2009-09-01,0.009716,-0.023397,0.020811,-0.031897,-0.007645
2009-09-02,-0.046048,-0.002007,-0.013121,-0.010389,-0.023704
2009-09-03,0.000000,0.011091,-0.011335,0.001800,0.010015
2009-09-04,0.032060,0.013829,-0.012483,0.021258,0.034255
2009-09-09,0.047120,0.006888,0.006965,0.006898,0.002883
2009-09-10,0.020000,0.011578,-0.010893,0.017414,-0.039379
2009-09-11,-0.032353,-0.001020,-0.004130,-0.005331,0.000299
2009-09-14,0.036812,0.005285,0.003041,0.020874,0.018845
2009-09-15,0.000000,0.005389,-0.005733,0.004974,0.013506
2009-09-16,0.000000,0.017503,-0.003992,0.013472,0.005504
2009-09-17,0.000000,-0.005111,0.006123,-0.005426,-0.021031
2009-09-18,0.000000,0.002106,-0.000830,0.003273,0.022366
2009-09-21,0.000000,-0.006888,-0.019104,-0.007885,0.003742
2009-09-22,0.000000,0.011271,0.017839,0.023020,-0.008890
2009-09-23,0.000000,-0.011698,-0.008486,-0.008572,-0.010995
2009-09-24,0.000000,-0.014700,-0.019131,-0.035126,-0.010825
2009-09-25,0.000000,-0.005654,0.025948,0.000560,-0.015380
2009-09-28,0.000000,0.017037,-0.032073,0.012594,-0.008111
2009-09-29,0.000000,-0.001865,0.024866,0.000276,-0.003028
2009-09-30,0.000000,-0.002301,-0.007004,-0.001105,0.004556
2009-10-01,0.000000,-0.027902,0.004232,-0.029322,-0.034170
2009-10-02,0.000000,-0.006472,-0.019162,-0.007409,0.008453
2009-10-05,0.000000,0.018063,0.013062,0.012345,0.000931
2009-10-06,0.000000,0.015386,-0.012046,0.014464,0.007444
2009-10-07,0.000000,0.001880,0.006525,0.001398,-0.022475
2009-10-08,0.000000,0.011287,-0.011601,0.022334,0.025197
2009-10-09,0.000000,0.003558,-0.000173,0.002458,0.039631
2009-10-12,0.000000,0.005077,0.001151,0.007083,-0.001182
2009-10-13,0.000000,-0.002736,-0.006150,-0.002164,-0.020118
2009-10-14,0.000000,0.021404,-0.014806,0.027650,0.033515
2009-10-15,0.000000,0.003017,-0.001115,-0.000527,0.013731
2009-10-16,0.000000,-0.009729,0.002645,-0.006070,-0.015274
2009-10-19,0.000000,0.012370,0.000410,0.008497,-0.006438
2009-10-20,0.000000,-0.008853,0.026894,-0.010268,-0.017084
2009-10-21,0.000000,-0.007133,-0.012496,0.000266,0.022176
2009-10-22,0.000000,0.010651,-0.003698,0.003192,0.002932
2009-10-23,0.000000,-0.016165,-0.034855,-0.011665,0.015785
2009-10-26,0.000000,-0.015100,0.031006,-0.015826,0.022734
2009-10-27,-0.055375,-0.004030,0.009442,-0.000545,-0.025886
2009-10-28,-0.093793,-0.023997,0.012818,-0.050450,-0.014731
2009-10-29,0.000000,0.028027,-0.012085,0.026134,0.026385
2009-10-30,0.000000,-0.031035,-0.017657,-0.039183,-0.031134
2009-11-02,0.000000,0.006750,0.034305,0.015439,0.008844
2009-11-03,0.000000,0.004091,-0.011529,0.010614,0.014904
2009-11-04,0.000000,0.002602,-0.013502,0.007664,0.021019
2009-11-05,0.000000,0.017526,0.002038,0.010986,-0.003666
2009-11-06,0.097793,0.001173,-0.003139,-0.001672,-0.008491
2009-11-09,0.000000,0.025443,-0.010029,0.033771,-0.004853
2009-11-10,-0.004852,-0.001249,0.006125,0.003239,-0.001147
2009-11-11,0.000000,0.004061,0.005210,0.005113,-0.002298
2009-11-12,-0.008011,-0.012901,0.009609,-0.023025,-0.008060
2009-11-13,0.000000,0.008048,-0.005941,0.007948,-0.004933
2009-11-16,0.000000,0.016462,-0.008936,0.020936,-0.028580
2009-11-17,0.000000,-0.000420,0.001171,0.002663,-0.003603
2009-11-18,0.000000,-0.001016,0.003509,0.003719,0.014161
2009-11-19,0.000000,-0.015093,0.008159,-0.019847,-0.005050
2009-11-20,0.000000,-0.004660,0.001561,-0.002970,0.002090
2009-11-23,0.000000,0.014378,-0.003578,0.023288,0.002384
2009-11-24,0.000000,-0.002236,0.001100,-0.013761,-0.013972
2009-11-25,0.000000,0.008627,0.001504,0.011001,-0.011456
2009-11-30,0.000000,0.003150,0.002984,0.014387,-0.009285
2009-12-01,0.000000,0.016880,-0.013217,0.028365,0.023118
2009-12-02,0.000000,0.001434,-0.004407,0.007546,0.014656
2009-12-03,0.000000,-0.009051,-0.007571,-0.008523,0.017153
2009-12-04,0.000000,0.003585,0.010094,0.012243,0.030473
2009-12-07,0.000000,-0.003756,0.001627,0.005919,-0.010049
2009-12-08,0.000000,-0.013901,0.013863,-0.012279,-0.016241
2009-12-09,0.000000,0.001610,0.007094,0.009583,0.009139
2009-12-10,0.000000,0.005218,0.005340,-0.010005,0.017236
2009-12-11,0.000000,0.002902,-0.005990,0.008551,0.016657
2009-12-14,0.000000,0.008613,-0.008300,0.016701,0.001695
2009-12-15,0.000000,-0.006269,0.003497,-0.009856,0.016074
2009-12-16,0.000000,0.005507,-0.003599,0.006126,-0.001943
2009-12-17,0.000000,-0.016296,0.026372,-0.017758,-0.030311
2009-12-18,0.000000,0.003177,-0.002123,-0.002841,0.016920
2009-12-21,0.000000,0.008603,-0.003918,0.015189,0.038353
2009-12-22,0.000000,0.005181,0.000056,0.010797,0.016839
2009-12-23,0.000000,0.004596,-0.010171,0.008138,0.001068
2009-12-24,0.000000,0.005237,-0.019472,0.008829,0.015742
2009-12-28,0.000000,0.000860,0.005095,0.005002,0.009194
2009-12-29,0.292486,-0.001246,0.000000,0.008708,-0.008589
2009-12-30,0.000000,-0.001510,0.001728,-0.012580,-0.006563
2009-12-31,0.000000,-0.007772,0.002300,-0.008743,0.015592
2010-01-04,0.000000,0.019733,-0.013769,0.020666,-0.000520
2010-01-05,0.050258,0.003839,0.010471,0.021728,-0.022390
2010-01-06,0.000000,0.003104,-0.003166,0.014983,0.014115
2010-01-07,0.001034,0.002200,0.004274,-0.005714,0.003676
2010-01-08,-0.037726,0.004249,-0.003968,0.005029,-0.003663
2010-01-11,0.033566,0.003192,-0.000577,-0.000715,0.002626
2010-01-12,0.000000,-0.010552,0.003640,-0.013114,-0.025930
2010-01-13,0.000000,0.008099,0.004950,0.011114,0.017209
2010-01-14,-0.012211,0.002474,0.010424,-0.009080,-0.012953
2010-01-15,0.000000,-0.012315,0.000170,-0.017845,-0.015533
2010-01-20,0.000000,-0.015295,0.008624,-0.018640,-0.012949
2010-01-21,-0.043136,-0.021197,0.006315,-0.042180,-0.013118
2010-01-22,0.000000,-0.020050,0.009996,-0.015967,-0.003600
2010-01-25,0.000000,0.006048,-0.019408,0.009944,0.008894
2010-01-26,-0.035725,-0.006335,0.028091,-0.010624,0.000000
2010-01-27,0.000000,0.001037,0.008726,-0.009429,0.003857
2010-01-28,0.000000,-0.011175,0.009948,-0.013485,0.003842
2010-01-29,-0.017715,-0.010523,0.002623,-0.008309,-0.013395
2010-02-01,0.007259,0.018079,-0.005606,0.018649,0.012469
2010-02-02,-0.014859,0.013300,-0.017182,0.021756,-0.005200
2010-02-03,0.000000,-0.008283,0.010708,-0.013243,0.018707
2010-02-04,-0.031674,-0.036174,0.016432,-0.036842,-0.025115
2010-02-05,0.000000,-0.000753,0.001223,-0.006557,-0.017729
2010-02-08,0.000000,-0.010155,-0.005949,-0.006326,0.012972
2010-02-09,0.028660,0.018066,-0.015228,0.028232,0.011414
2010-02-10,0.000000,-0.002347,0.004124,0.008614,0.016791
2010-02-11,0.000000,0.011673,0.000486,0.007206,0.010558
2010-02-12,0.000000,-0.003502,0.003781,-0.007684,-0.010715
2010-02-17,0.000000,0.003116,-0.005156,0.004677,0.021288
2010-02-18,0.000000,0.006422,-0.007638,0.011640,0.016301
2010-02-19,0.000000,0.000405,-0.008521,-0.002557,-0.005522
2010-02-22,0.000000,-0.000666,0.002495,-0.009485,0.004495
2010-02-23,0.009994,-0.014682,0.006416,-0.018116,-0.028429
2010-02-24,0.000000,0.008039,-0.000550,0.003163,0.001084
2010-02-25,-0.031484,-0.002449,0.009568,-0.001314,-0.014344
2010-02-26,0.000000,0.003078,-0.016340,0.000526,-0.012905
2010-03-01,-0.029412,0.009340,-0.004430,0.025243,0.003060
2010-03-02,0.104626,0.004960,-0.036429,0.003591,0.002219
2010-03-03,0.048224,0.004020,0.032035,0.010733,0.003044
2010-03-04,0.000000,0.001174,0.000280,-0.001264,-0.005241
2010-03-05,0.028374,0.016484,-0.005871,0.019494,0.021076
2010-03-08,0.000000,0.000167,0.003768,0.003228,0.007061
2010-03-09,-0.031610,0.000204,-0.002073,-0.007921,-0.001888
2010-03-10,0.000000,0.004613,-0.007299,0.001996,0.005134
2010-03-11,0.000000,0.003490,0.000566,0.005229,0.000000
2010-03-12,0.000000,0.001307,-0.004522,0.012881,-0.002688
2010-03-15,0.000000,-0.001615,0.000227,-0.002690,-0.001617
2010-03-16,0.000000,0.010303,0.002725,0.011770,-0.013769
2010-03-17,0.091286,0.006386,-0.002378,0.014784,-0.003011
2010-03-18,0.011407,-0.004089,0.005108,-0.005254,0.008237
2010-03-19,0.032581,-0.007620,0.013552,-0.014646,0.004085
2010-03-22,-0.032767,0.004355,0.002228,0.011209,-0.006509
2010-03-23,0.001255,0.008066,-0.010228,0.010843,0.004641
2010-03-24,0.000000,-0.009453,0.007132,-0.010966,0.040489
2010-03-25,-0.051880,-0.003045,0.003178,-0.012533,0.018804
2010-03-26,0.000000,0.002434,0.013341,0.003661,-0.011792
2010-03-29,0.000000,0.008282,-0.007954,0.003648,0.002335
2010-03-30,0.063442,-0.000560,-0.008128,0.005816,0.001035
2010-03-31,-0.006214,-0.001732,-0.007414,-0.003854,-0.009049
2010-04-01,0.000000,0.012252,-0.008481,0.017896,0.006783
2010-04-06,0.000000,0.000462,-0.004260,0.008726,-0.006510
2010-04-07,0.000000,-0.007661,0.013691,-0.007949,-0.026462
2010-04-08,0.000000,0.002538,-0.002251,0.008013,0.008543
2010-04-09,0.000000,0.008423,-0.001128,0.007716,-0.002053
2010-04-12,0.000000,0.001665,-0.008357,0.001160,-0.010802
2010-04-13,-0.050888,-0.000445,-0.024314,0.006489,-0.009100
2010-04-14,0.022444,0.011862,0.018967,0.007598,0.011546
2010-04-15,0.046341,-0.001203,0.002291,-0.006169,-0.001816
2010-04-16,-0.017249,-0.017493,0.003543,-0.007359,-0.020270
2010-04-19,0.000000,0.001574,0.002335,-0.001158,0.009814
2010-04-20,0.000000,0.009550,-0.004431,0.015306,-0.000525
2010-04-21,0.000000,-0.003187,-0.002568,0.010279,-0.017608
2010-04-22,0.000000,-0.000241,0.008867,0.006556,0.009096
2010-04-23,0.000000,0.007691,-0.000397,0.015049,0.011930
2010-04-26,0.000000,-0.003111,-0.010665,-0.002877,-0.000524
2010-04-27,-0.074478,-0.027946,0.012041,-0.045717,-0.032765
2010-04-28,-0.016658,0.004908,-0.003909,-0.003489,0.022493
2010-04-29,0.000000,0.011943,-0.015414,0.017270,-0.011927
2010-04-30,-0.011728,-0.015138,-0.001329,-0.013994,-0.017436
2010-05-03,0.000000,0.009194,0.001330,0.019544,0.011466
2010-05-04,0.000000,-0.027292,0.010572,-0.044500,-0.024831
2010-05-05,-0.015032,-0.010798,0.017436,-0.021017,-0.017437
2010-05-06,-0.148595,-0.033907,0.030509,-0.017809,-0.042817
2010-05-07,0.000000,-0.013654,0.008396,-0.040984,0.009123
2010-05-10,0.155660,0.049368,-0.040335,0.066563,0.032079
2010-05-11,0.000000,-0.004955,0.000338,-0.011899,-0.001130
2010-05-12,0.000000,0.013113,-0.001126,0.025313,0.009052
2010-05-13,0.000000,-0.011206,-0.001973,-0.018456,-0.000841
2010-05-14,-0.107483,-0.021665,0.018362,-0.025641,-0.034231
2010-05-17,0.050305,-0.001951,0.000444,0.005513,0.008716
2010-05-18,0.000000,-0.014811,0.007043,-0.013459,-0.027650
2010-05-19,0.000000,-0.004598,0.007544,-0.015412,-0.005036
2010-05-20,-0.201742,-0.039584,0.030114,-0.040801,-0.028282
2010-05-21,0.000000,0.018405,-0.020161,0.020599,-0.019608
2010-05-24,0.000000,-0.016045,0.008339,-0.005767,0.008437
2010-05-25,0.000000,-0.000137,0.003383,-0.012655,-0.021382
2010-05-26,0.202273,-0.005171,-0.002944,0.001602,0.018999
2010-05-27,0.000000,0.039499,-0.025228,0.036524,0.037290
2010-05-28,0.000000,-0.014756,-0.000936,0.000514,-0.011084
2010-06-02,0.000000,0.026799,-0.001636,0.023579,0.011529
2010-06-03,0.048771,0.003038,-0.006335,-0.001024,0.013497
2010-06-04,0.000000,-0.037916,0.010718,-0.042788,-0.054454
2010-06-07,-0.066330,-0.013310,0.019087,-0.011777,-0.003443
2010-06-08,-0.034749,0.012852,-0.007471,0.014085,-0.005025
2010-06-09,0.038000,-0.005520,-0.009677,0.000267,0.005997
2010-06-10,0.000000,0.034117,-0.016124,0.038451,0.041418
2010-06-11,0.000000,0.004607,-0.000386,0.015171,-0.031033
2010-06-14,0.065511,0.000471,-0.005465,0.016717,0.018346
2010-06-15,0.000000,0.025214,-0.009491,0.017688,0.010687
2010-06-16,0.000000,-0.001974,0.001233,-0.006364,-0.008459
2010-06-17,0.000000,0.000854,-0.000784,0.000246,-0.028032
2010-06-18,0.000000,0.000889,-0.007337,0.004433,0.010345
2010-06-21,0.000000,-0.001344,-0.004909,0.001899,0.006205
2010-06-22,0.026763,-0.017182,0.001871,-0.021167,-0.023743
2010-06-23,0.000000,-0.001298,0.019356,0.004023,-0.016109
2010-06-24,0.016203,-0.017490,-0.012548,-0.023541,0.002568
2010-06-25,0.000000,0.005006,0.000843,0.008977,-0.003202
2010-06-28,0.000000,-0.004041,0.001124,-0.008134,-0.026020
2010-06-29,-0.076257,-0.032139,0.014478,-0.043823,-0.021438
2010-06-30,-0.020638,-0.007736,-0.009348,-0.002948,-0.005393
2010-07-01,0.000000,-0.001178,0.004467,0.001344,-0.008133
2010-07-02,0.000000,-0.004212,-0.013564,-0.011275,0.017766
2010-07-07,0.000000,0.030787,-0.001132,0.026968,0.016371
2010-07-08,0.000000,0.010475,0.001870,0.011936,0.013423
2010-07-09,0.000000,0.007830,-0.006730,0.012582,0.011921
2010-07-12,0.000000,-0.002090,0.002050,-0.001035,-0.003272
2010-07-13,0.000000,0.016675,-0.002273,0.027469,0.022324
2010-07-14,0.000000,-0.000640,0.005695,-0.005044,-0.020552
2010-07-15,0.000000,0.001948,0.002265,0.002535,-0.023607
2010-07-16,0.000000,-0.029971,0.007119,-0.028824,-0.013096
2010-07-19,0.000000,0.004491,0.002076,0.005728,0.008506
2010-07-20,0.000000,0.011929,-0.007054,0.033394,-0.010796
2010-07-21,0.038314,-0.013032,-0.001297,-0.015280,-0.013643
2010-07-22,0.026716,0.025367,-0.006323,0.027474,0.013831
2010-07-23,0.009919,0.009157,0.000170,0.011389,0.021146
2010-07-26,0.030249,0.011614,0.002897,0.015422,0.000000
2010-07-27,-0.001727,-0.000143,-0.002775,-0.008438,0.017702
2010-07-28,-0.009342,-0.006503,0.000909,-0.011427,-0.015097
2010-07-29,0.000000,-0.000659,0.001419,-0.004427,-0.000666
2010-07-30,-0.001048,0.000632,-0.003570,-0.002223,-0.030677
2010-08-02,0.043706,0.025134,-0.008871,0.025501,0.019264
2010-08-03,0.000000,-0.003890,0.006197,-0.003622,-0.016537
2010-08-04,-0.011725,0.004918,0.000000,0.002181,0.013040
2010-08-05,0.010170,-0.001096,-0.000627,0.002176,-0.012534
2010-08-06,0.000000,-0.002864,0.000514,-0.000483,-0.031218
2010-08-09,0.000000,0.004834,-0.026233,0.003138,-0.000708
2010-08-10,0.001678,-0.006754,0.025476,-0.013956,-0.014529
2010-08-11,-0.035176,-0.033200,0.005140,-0.037824,-0.034520
2010-08-12,0.000000,-0.003009,0.004830,0.003551,0.018622
2010-08-13,0.000000,-0.003037,-0.001187,0.003791,-0.017185
2010-08-16,0.000000,0.001536,-0.025136,-0.003525,-0.042039
2010-08-17,0.000000,0.012837,0.019396,0.024760,0.027184
2010-08-18,0.000000,0.001191,-0.004329,0.002466,-0.001512
2010-08-19,0.000000,-0.016881,0.000572,-0.022381,-0.023476
2010-08-20,0.000000,-0.005445,0.006747,-0.006793,0.012796
2010-08-23,0.000000,-0.004136,-0.027150,-0.010638,-0.001914
2010-08-24,0.000000,-0.015319,0.028316,-0.014593,-0.041427
2010-08-25,0.000000,0.002259,-0.000227,-0.004157,0.015606
2010-08-26,0.000000,-0.004609,0.002272,0.000783,-0.015366
2010-08-27,0.000000,0.019452,-0.004873,0.020855,0.061224
2010-08-30,0.000000,-0.014663,-0.032511,-0.013790,-0.040347
2010-08-31,-0.005208,0.001325,0.032839,0.002071,-0.026719
2010-09-01,-0.000698,0.030851,-0.002792,0.036693,0.042390
2010-09-02,0.040866,0.007997,-0.005771,0.014706,0.017816
2010-09-03,-0.030201,0.012744,-0.000287,0.005650,0.029680
2010-09-08,0.000000,0.005747,0.002957,0.005947,0.017248
2010-09-09,0.000000,0.004919,-0.006243,-0.001232,0.040316
2010-09-10,0.000000,0.004711,0.002327,0.004686,0.012314
2010-09-13,0.000000,0.012546,-0.032033,0.017919,-0.019320
2010-09-14,0.038062,0.000824,0.029077,0.001446,-0.027362
2010-09-15,-0.020667,0.002473,-0.008739,-0.005538,0.021380
2010-09-16,-0.001021,-0.001436,0.011578,-0.002179,0.013221
2010-09-17,0.000000,-0.002069,-0.002150,0.000485,-0.004712
2010-09-20,0.000000,0.015566,-0.030277,0.002911,-0.014567
2010-09-21,-0.017377,-0.002762,0.036626,-0.006288,-0.041389
2010-09-22,-0.012483,-0.004844,-0.001158,-0.007788,-0.017733
2010-09-23,0.000000,-0.009616,-0.029110,-0.016434,0.002747
2010-09-24,-0.002809,0.022338,0.025921,0.028429,0.022309
2010-09-27,0.000000,-0.005160,-0.031030,-0.006062,-0.036371
2010-09-28,0.021127,0.006464,0.026796,0.010978,-0.024235
2010-09-29,0.000000,-0.001506,0.000000,0.003378,0.020358
2010-09-30,0.020690,-0.002499,-0.003218,-0.000721,0.004389
2010-10-01,0.000000,0.007532,-0.004344,0.008664,0.003576
2010-10-04,0.000000,-0.008640,-0.036908,-0.014793,-0.018606
2010-10-05,0.000000,0.022228,0.039180,0.026883,-0.002017
2010-10-06,-0.033108,0.001903,-0.016789,-0.000708,-0.030315
2010-10-07,0.010482,-0.003131,0.008987,-0.008496,-0.001251
2010-10-08,0.000000,0.007193,-0.003682,0.007141,-0.006260
2010-10-13,0.000000,0.009597,0.005237,0.018096,0.003716
2010-10-14,-0.007607,-0.001972,-0.010479,-0.004386,0.026327
2010-10-15,-0.033798,-0.003444,0.004902,-0.000464,0.032465
2010-10-18,0.002524,0.006715,-0.032639,0.004639,-0.032997
2010-10-19,-0.038849,-0.019475,0.040837,-0.025398,-0.006423
2010-10-20,0.049775,0.013492,0.010766,0.024402,-0.002020
2010-10-21,0.000000,-0.001082,-0.008876,0.004394,0.024696
2010-10-22,0.000000,0.000963,0.011343,0.007368,0.012643
2010-10-25,-0.054902,0.003120,-0.029575,0.011429,-0.003512
2010-10-26,0.056205,-0.002065,0.034004,-0.009039,0.032107
2010-10-27,0.006786,-0.006630,0.001471,-0.008210,0.028832
2010-10-28,0.000000,0.003206,0.009810,-0.005059,-0.018805
2010-10-29,0.026605,0.001133,-0.003200,0.010631,-0.018414
2010-11-01,0.000000,-0.000551,-0.039276,0.002515,0.006126
2010-11-02,0.000000,0.009712,0.035293,0.003650,-0.012938
2010-11-03,0.000000,0.003465,-0.001936,0.007727,0.009638
2010-11-04,0.014513,0.022872,-0.007055,0.022553,-0.051546
2010-11-05,0.000000,0.002342,-0.008467,0.000000,0.020934
2010-11-08,0.000000,-0.002366,0.002568,0.003750,0.010647
2010-11-09,-0.003747,-0.010266,0.010125,-0.014942,0.037456
2010-11-10,0.009573,0.005862,0.000000,0.009592,-0.004137
2010-11-11,0.000000,-0.003126,0.008255,0.000663,0.000000
2010-11-12,-0.038266,-0.012948,0.006725,-0.019430,0.040786
2010-11-15,0.005282,-0.000752,-0.029683,-0.003828,0.056241
2010-11-16,-0.052539,-0.019019,0.029693,-0.025995,-0.021986
2010-11-17,0.000000,0.002159,0.009302,0.003713,0.005971
2010-11-18,0.000000,0.017517,-0.005645,0.017572,0.013268
2010-11-19,0.008503,0.002774,-0.008805,0.001591,-0.009304
2010-11-22,0.000000,-0.004028,-0.022209,0.002722,-0.021565
2010-11-23,0.000000,-0.018334,0.028571,-0.021946,-0.018130
2010-11-24,0.016129,0.014522,0.007380,0.016886,0.055033
2010-11-29,0.000000,-0.002293,0.008219,-0.004828,-0.014665
2010-11-30,-0.009380,-0.007002,-0.007285,-0.012013,-0.008859
2010-12-01,0.000000,0.023253,-0.001456,0.022212,0.059707
2010-12-02,0.009833,0.014272,-0.005016,0.031107,0.012146
2010-12-03,0.000000,0.005100,-0.002579,0.004658,0.005667
2010-12-06,0.000000,-0.001405,-0.038437,-0.004416,-0.025191
2010-12-07,0.004688,-0.000136,0.027627,-0.001996,0.076165
2010-12-08,0.000000,0.001380,-0.002558,-0.006889,0.022433
2010-12-09,0.005025,0.004106,0.008945,-0.000448,-0.004017
2010-12-10,0.000000,0.005289,0.006856,0.005821,0.022650
2010-12-13,0.018929,0.003415,0.000822,0.008235,-0.003944
2010-12-14,0.000000,0.000662,-0.007038,0.000663,0.052391
2010-12-15,0.000000,-0.007185,0.000000,-0.016546,0.018813
2010-12-16,-0.050473,0.005316,0.003485,-0.002916,-0.012216
2010-12-17,0.000000,-0.000629,0.003179,-0.003599,-0.042278
2010-12-20,0.000000,0.001487,-0.022355,0.000138,0.005706
2010-12-21,0.000000,0.007537,0.024247,0.015434,-0.006868
2010-12-22,0.000000,0.003246,-0.003867,0.004991,0.006013
2010-12-23,0.000000,-0.000807,-0.000588,0.002031,0.014047
2010-12-28,0.000000,0.001355,-0.003371,0.002465,0.038794
2010-12-29,0.000000,0.003758,0.003086,0.007377,-0.040218
2010-12-30,0.023636,-0.001202,-0.007218,-0.002219,0.008381
2010-12-31,0.000000,0.001523,-0.009535,-0.000222,-0.018997
2011-01-03,0.000000,0.010039,-0.027978,0.023137,0.011195
2011-01-04,0.000000,-0.002709,0.019189,-0.004566,0.001197
2011-01-05,0.000000,0.002226,0.012754,0.008737,0.040944
2011-01-06,-0.033392,-0.004868,0.004498,-0.004548,-0.018375
2011-01-07,-0.013230,-0.002572,0.006507,0.005656,-0.026616
2011-01-10,-0.007449,-0.001783,-0.029895,-0.002163,-0.007212
2011-01-11,0.000000,0.006602,0.032712,0.008454,0.011199
2011-01-12,0.000000,0.013007,-0.028064,0.012898,0.004190
2011-01-13,0.000000,-0.000437,-0.010295,-0.000425,-0.016095
2011-01-14,0.009006,0.006736,0.027267,0.005308,0.009694
2011-01-19,0.009593,-0.010498,-0.006302,-0.010986,-0.008026
2011-01-20,0.015964,-0.003479,-0.000897,-0.005127,0.036560
2011-01-21,-0.025440,0.003594,-0.020838,0.010951,-0.012431
2011-01-24,0.028791,0.006374,-0.009724,0.020178,-0.002342
2011-01-25,0.042164,-0.001997,0.031619,0.001666,-0.026115
2011-01-26,-0.033298,0.006450,-0.001676,0.010185,0.032841
2011-01-27,0.000000,0.001638,-0.029622,0.003910,-0.012544
2011-01-28,-0.003704,-0.017597,0.033368,-0.019676,-0.016544
2011-01-31,0.000000,0.009491,-0.022723,0.008154,0.014719
2011-02-01,0.022305,0.018544,0.020009,0.019909,0.019242
2011-02-02,0.000000,-0.002113,-0.001080,-0.007523,0.013360
2011-02-03,0.000000,0.001992,-0.001501,-0.001844,0.014904
2011-02-04,-0.061091,-0.000066,0.003428,0.004516,0.031347
2011-02-07,0.009295,0.005808,-0.026492,0.004700,-0.002191
2011-02-08,0.000000,0.005183,0.002278,0.002847,0.022228
2011-02-09,0.000000,-0.004279,0.022483,-0.007706,-0.022282
2011-02-10,0.000000,-0.000822,-0.001502,-0.005722,0.018122
2011-02-11,0.000000,0.004529,0.001264,0.012950,-0.016721
2011-02-14,-0.013431,0.003613,-0.029205,-0.000812,-0.008777
2011-02-15,0.001167,-0.002556,0.031569,-0.001422,0.000553
2011-02-16,0.000000,0.008360,0.001260,0.007321,0.001383
2011-02-17,0.000000,0.005163,0.000240,0.002221,-0.012980
2011-02-18,0.017482,0.001235,-0.004194,-0.006245,0.004197
2011-02-23,-0.047346,-0.003956,0.001919,-0.013133,0.007512
2011-02-24,0.008818,-0.002005,0.000180,-0.001479,-0.014052
2011-02-25,0.000000,0.012294,-0.004967,0.013328,-0.003781
2011-02-28,0.000000,0.007222,-0.001624,0.008350,-0.003212
2011-03-01,0.076281,-0.014540,-0.000723,-0.017184,0.000000
2011-03-02,-0.066076,0.002755,-0.000844,0.004003,0.014646
2011-03-03,0.023715,0.015193,-0.001931,0.019933,0.031178
2011-03-04,-0.008880,-0.006190,-0.002841,-0.011726,-0.022396
2011-03-07,0.000000,-0.009037,-0.005820,-0.011865,0.001432
2011-03-08,0.000000,0.006839,0.007439,0.007162,0.013440
2011-03-09,0.000000,-0.001739,0.001150,-0.001046,-0.021162
2011-03-10,-0.020257,-0.021406,0.000423,-0.023660,-0.021908
2011-03-11,0.011928,0.005910,0.002599,0.017800,0.000000
2011-03-14,0.001965,-0.006616,-0.001748,0.000843,-0.013557
2011-03-15,-0.000392,-0.012430,0.005314,-0.010105,-0.007171
2011-03-16,0.000000,-0.020049,-0.001021,-0.023820,-0.033404
2011-03-17,0.000000,0.017023,0.007696,0.026797,0.011208
2011-03-18,0.000000,0.006391,0.002088,0.010609,0.008929
2011-03-21,0.016085,0.017244,-0.009408,0.015326,0.014037
2011-03-22,0.058301,-0.003385,-0.000060,-0.007444,0.002708
2011-03-23,0.003174,0.002482,-0.002585,0.006459,0.004802
2011-03-24,0.000000,0.007611,0.000422,0.009107,0.016726
2011-03-25,0.000000,0.001224,-0.001506,-0.000410,0.011751
2011-03-28,0.000000,-0.003035,-0.004585,0.005951,0.001161
2011-03-29,0.000000,0.005889,0.006122,0.013056,0.012471
2011-03-30,0.000000,0.008545,-0.002470,0.011478,-0.010312
2011-03-31,0.047387,-0.001391,-0.016547,0.011746,-0.000289
2011-04-01,0.000000,0.007657,-0.000798,0.009838,-0.000869
2011-04-04,0.031250,0.001543,-0.009341,0.000585,-0.005795
2011-04-05,0.000000,0.000705,-0.004218,-0.003895,0.016322
2011-04-06,-0.001010,0.002337,0.001121,-0.001564,0.016633
2011-04-07,0.011122,-0.002221,0.004792,-0.011357,0.002821
2011-04-08,0.000000,-0.000635,-0.013501,-0.004555,0.004219
2011-04-11,-0.005000,-0.004499,-0.014188,-0.009550,0.000000
2011-04-12,0.000000,-0.010101,0.004330,-0.014664,-0.019608
2011-04-13,0.000000,0.000819,0.008814,-0.004893,-0.009714
2011-04-14,-0.061977,0.000819,0.000629,0.005531,0.005482
2011-04-19,0.000000,0.006635,0.013005,0.012405,-0.004450
2011-04-20,0.008929,0.015077,-0.006608,0.008781,0.013111
2011-04-21,-0.014159,0.005523,-0.006018,0.007490,0.000000
2011-04-26,0.077199,0.008219,0.008775,0.018662,-0.012786
2011-04-27,-0.016667,0.006346,-0.006667,-0.002589,0.014458
2011-04-28,-0.008475,0.003537,0.001278,0.005590,-0.016627
2011-04-29,0.000000,0.003667,0.012640,-0.007742,-0.004831
2011-05-02,0.000000,-0.002514,-0.014499,-0.003402,-0.003034
2011-05-03,0.000000,-0.007507,0.008444,-0.012648,-0.009434
2011-05-04,0.000000,-0.009094,0.006977,-0.016063,-0.009831
2011-05-05,0.000000,-0.012838,0.011024,-0.010333,-0.017065
2011-05-06,-0.052991,0.003394,0.012461,0.006473,-0.003472
2011-05-09,0.032491,0.006206,-0.015754,0.007676,-0.004751
2011-05-10,0.000000,0.008528,0.010066,0.009059,0.016868
2011-05-11,0.022727,-0.014315,-0.005262,-0.013671,-0.011894
2011-05-12,0.000000,0.003333,0.008027,0.002069,0.023123
2011-05-13,0.000000,-0.009994,-0.002099,-0.019818,-0.013313
2011-05-16,0.020855,-0.004190,0.011816,-0.000211,-0.011923
2011-05-17,-0.046550,-0.000422,-0.002935,-0.000842,-0.008892
2011-05-18,-0.049877,0.008930,-0.007849,0.010752,0.016020
2011-05-19,-0.037486,0.002435,-0.004141,-0.000417,0.000000
2011-05-20,0.000115,-0.008356,0.002855,-0.012312,-0.005992
2011-05-23,0.000000,-0.014476,-0.002847,-0.020706,-0.005711
2011-05-24,0.000000,0.001932,0.016136,-0.001941,-0.003510
2011-05-25,0.000000,0.005200,-0.005375,-0.004107,0.001921
2011-05-26,0.000000,0.005580,-0.001228,0.004124,-0.021732
2011-05-27,0.000000,0.005356,-0.002582,0.000648,0.000980
2011-06-01,0.000000,-0.023084,-0.008977,-0.028294,-0.027541
2011-06-02,0.000000,-0.000462,0.008425,-0.039983,0.021578
2011-06-03,0.000000,-0.006718,-0.009108,-0.018108,-0.010891
2011-06-06,0.004647,-0.012926,-0.005515,-0.016136,0.001668
2011-06-07,0.000000,0.001949,0.007267,0.025070,0.002998
2011-06-08,-0.062309,-0.006191,-0.002025,-0.008229,-0.016274
2011-06-09,-0.001223,0.008452,0.002854,0.006223,0.012154
2011-06-10,0.007755,-0.016352,0.003414,-0.025424,-0.009006
2011-06-13,0.000000,0.000084,0.004978,-0.006581,0.006732
2011-06-14,0.000000,0.014433,-0.003637,0.006861,0.036108
2011-06-15,-0.056298,-0.020283,-0.006230,-0.026551,-0.040658
2011-06-16,-0.019313,-0.000528,0.011336,-0.003138,-0.021527
2011-06-17,0.000000,0.004585,0.005698,0.002179,0.012032
2011-06-20,0.000000,0.004014,-0.010149,0.000966,0.006454
2011-06-21,0.000000,0.015444,0.002642,0.027029,0.007425
2011-06-22,0.000000,-0.006673,-0.004078,0.007866,0.002680
2011-06-23,-0.013129,-0.005895,-0.000315,-0.007096,-0.028066
2011-06-24,-0.027495,-0.009853,0.002205,-0.009290,-0.013063
2011-06-27,-0.007296,0.007067,-0.000314,0.004088,0.019505
2011-06-28,0.000000,0.013062,0.003145,0.008381,0.040314
2011-06-29,-0.007809,0.011372,-0.010658,0.016148,0.020690
2011-06-30,0.000000,0.011010,-0.005260,0.017294,0.016088
2011-07-01,0.000000,0.012788,-0.005288,0.015391,0.012350
2011-07-06,0.000000,-0.000970,0.007863,-0.001795,-0.013074
2011-07-07,0.000000,0.009486,0.003517,0.010342,0.017447
2011-07-08,0.000000,-0.007779,-0.009368,-0.013797,-0.042236
2011-07-11,-0.056482,-0.021576,0.004696,-0.025948,-0.032825
2011-07-12,0.000000,-0.004373,0.011653,-0.008802,-0.003085
2011-07-13,0.000000,0.006597,-0.003354,0.012386,-0.005846
2011-07-14,0.000000,-0.006750,-0.004445,-0.014773,0.018333
2011-07-15,0.000000,0.004384,0.005613,-0.000235,-0.012228
2011-07-18,-0.018155,-0.011123,-0.005392,-0.013124,0.000344
2011-07-19,-0.025487,0.014609,0.004464,0.024697,-0.006188
2011-07-20,0.003590,0.003326,-0.006349,0.000695,0.014528
2011-07-21,0.000000,0.015651,-0.002236,0.007179,0.026253
2011-07-22,0.100664,-0.000386,-0.005892,-0.008048,-0.015282
2011-07-25,0.006964,-0.006021,0.001031,-0.003246,0.013495
2011-07-26,-0.017058,-0.003099,-0.006307,-0.005582,-0.017643
2011-07-27,-0.030957,-0.021419,-0.006735,-0.021749,0.009827
2011-07-28,-0.039206,-0.003579,0.019169,-0.002151,-0.009732
2011-07-29,-0.005038,-0.005489,-0.000192,0.000958,-0.049475
2011-08-01,0.018734,-0.004766,-0.010430,-0.009814,-0.023173
2011-08-02,-0.022863,-0.025986,0.007307,-0.034324,-0.042336
2011-08-03,-0.059003,0.002709,0.003531,-0.004756,-0.009527
2011-08-04,-0.082703,-0.054093,-0.000192,-0.059859,-0.054252
2011-08-05,0.066588,-0.001256,0.008829,0.003478,0.040684
2011-08-08,-0.082873,-0.070507,0.010274,-0.080779,-0.085614
2011-08-09,0.002410,0.052505,0.002448,0.072216,-0.067123
2011-08-10,0.000000,-0.021604,0.019601,-0.037328,-0.020623
2011-08-11,-0.043870,0.022016,-0.003869,0.050857,0.093121
2011-08-12,0.005657,0.006380,0.000863,0.001337,-0.042380
2011-08-15,0.081250,0.024484,-0.007331,0.020294,0.021457
2011-08-16,-0.017919,-0.011790,-0.014087,-0.013086,-0.031072
2011-08-17,0.000000,0.003306,-0.002895,0.002917,-0.022132
2011-08-18,0.000000,-0.045765,-0.003535,-0.050238,-0.037875
2011-08-19,0.000000,-0.015441,0.018055,-0.016147,-0.005761
2011-08-22,-0.033549,0.001509,-0.007281,0.002547,0.008209
2011-08-23,-0.032278,0.032801,0.004513,0.029071,0.023467
2011-08-24,0.020768,0.008813,-0.003245,0.014811,0.057557
2011-08-25,0.000000,-0.016975,0.006261,-0.020540,-0.016814
2011-08-26,0.000000,0.013448,0.001058,0.012417,-0.015301
2011-08-29,0.059186,0.028220,-0.005594,0.024802,0.037934
2011-08-30,0.006985,0.001839,-0.003562,0.002925,-0.041832
2011-08-31,0.000000,0.008627,-0.004892,0.008486,0.019301
2011-09-01,0.000000,-0.011281,-0.002521,-0.024191,-0.032462
2011-09-02,-0.035838,-0.025893,0.010427,-0.022635,-0.069897
2011-09-07,-0.004796,0.028964,0.006488,0.023001,0.028802
2011-09-08,0.026506,-0.013298,-0.003916,-0.011510,-0.024558
2011-09-09,0.000000,-0.029260,-0.001149,-0.017872,-0.035750
2011-09-12,0.000000,0.000300,0.014108,-0.009650,0.007833
2011-09-13,0.004108,0.008916,0.017076,0.017817,0.033161
2011-09-14,-0.032729,0.012542,0.004696,0.008753,0.008526
2011-09-15,0.065257,0.018055,0.007303,0.018710,0.036798
2011-09-16,0.000000,0.002603,-0.008643,0.003460,-0.004317
2011-09-19,0.000000,-0.015453,0.000819,-0.011671,-0.065511
2011-09-20,-0.020420,-0.002422,0.043321,-0.008052,0.003608
2011-09-21,0.000000,-0.032670,0.003922,-0.032738,-0.036980
2011-09-22,-0.142444,-0.036484,0.023610,-0.029650,-0.085333
2011-09-23,-0.037812,0.006558,0.023393,0.004901,0.054227
2011-09-26,0.028772,0.025120,-0.011189,0.008032,0.053097
2011-09-27,0.000000,0.014740,-0.005281,0.023620,0.058824
2011-09-28,-0.064802,-0.023595,-0.023835,-0.024187,-0.006944
2011-09-29,0.000000,0.014246,0.008713,0.011681,-0.022478
2011-09-30,-0.022611,-0.026274,0.005501,-0.034075,-0.016863
2011-10-03,-0.038806,-0.032422,0.010560,-0.030321,-0.072245
2011-10-04,-0.087733,0.023059,0.022036,0.024354,-0.002241
2011-10-05,0.074894,0.018025,-0.019918,0.011741,0.069624
2011-10-06,0.037213,0.022425,-0.008864,0.020307,0.042520
2011-10-07,0.007634,-0.010266,-0.014724,-0.015070,0.041289
2011-10-10,0.000000,0.035758,-0.024575,0.036952,0.003868
2011-10-11,0.000000,-0.001699,-0.008739,0.000557,0.040462
2011-10-12,0.010606,0.014303,-0.004637,0.021147,0.030556
2011-10-13,0.000000,-0.004765,0.020244,-0.009537,-0.025607
2011-10-14,0.046476,0.016791,-0.017418,0.012930,0.029046
2011-10-17,0.000000,-0.022012,-0.007114,-0.028789,-0.034498
2011-10-18,0.000000,0.021293,0.020974,0.024049,-0.001856
2011-10-19,0.000000,-0.013821,-0.005376,-0.013654,0.003719
2011-10-20,-0.042980,0.004646,0.002162,-0.006367,0.009727
2011-10-21,0.026198,0.021612,0.014591,0.025912,0.010550
2011-10-24,0.000000,0.015681,-0.010856,0.021456,0.014072
2011-10-25,0.000000,-0.019451,-0.010353,-0.022335,-0.047448
2011-10-26,-0.010212,0.014232,0.006974,0.015774,0.035244
2011-10-27,0.044952,0.041012,-0.001987,0.051941,0.087154
2011-10-28,0.050776,-0.001286,-0.027873,-0.006872,-0.037161
2011-10-31,0.000000,-0.030825,-0.012814,-0.035110,-0.056808
2011-11-01,0.000000,-0.029911,0.003141,-0.027888,-0.080000
2011-11-02,0.000000,0.016894,0.029307,0.011475,0.002499
2011-11-03,0.000000,0.019305,-0.004994,0.024581,0.029910
2011-11-04,-0.067114,-0.006957,-0.001038,-0.010809,-0.007744
2011-11-07,0.000000,0.005058,0.010107,0.003998,-0.027317
2011-11-08,0.000000,0.010735,0.000515,0.011946,0.035607
2011-11-09,-0.035252,-0.041510,-0.005943,-0.051154,-0.053269
2011-11-10,0.000000,0.009545,0.009830,0.010783,0.051662
2011-11-11,0.000000,0.020548,0.001936,0.016138,0.000000
2011-11-14,-0.053691,-0.010941,-0.011420,-0.015612,-0.006323
2011-11-15,0.055162,0.002103,0.011265,0.001641,0.006853
2011-11-16,-0.045556,-0.015585,0.005570,-0.010374,-0.016043
2011-11-17,0.021909,-0.015944,0.000565,-0.007448,-0.032609
2011-11-18,0.000000,0.001142,-0.003276,0.003335,0.027579
2011-11-21,-0.062021,-0.020323,0.007538,-0.019944,-0.024851
2011-11-22,-0.028571,-0.005548,0.014850,-0.004522,-0.011723
2011-11-23,-0.016807,-0.024661,0.004157,-0.023850,-0.030944
2011-11-28,0.042632,0.032236,0.002559,0.023297,-0.004576
2011-11-29,0.000000,0.004095,-0.013615,0.010244,0.019408
2011-11-30,0.055111,0.046826,-0.007117,0.051831,0.036072
2011-12-01,0.000000,-0.004552,-0.018192,-0.012051,0.023694
2011-12-02,0.000000,0.000419,-0.004978,0.004066,-0.035428
2011-12-05,0.000000,0.010392,-0.002112,0.007289,0.005877
2011-12-06,0.040438,0.001103,-0.008690,-0.001340,0.018987
2011-12-07,0.000000,0.002705,0.006406,-0.000268,-0.036312
2011-12-08,0.000000,-0.025158,0.004299,-0.035973,-0.022310
2011-12-09,0.000000,0.018096,0.010174,0.026733,0.040568
2011-12-12,-0.031579,-0.018578,-0.010842,-0.023054,-0.020955
2011-12-13,0.000000,-0.011662,0.006621,-0.014714,-0.023395
2011-12-14,0.000000,-0.012761,0.026807,-0.007326,-0.031091
2011-12-15,-0.019231,0.004505,0.010012,0.007380,0.006312
2011-12-16,0.000000,0.002846,-0.009327,0.000563,-0.030842
2011-12-19,-0.120205,-0.013155,-0.003120,-0.012360,-0.022114
2011-12-20,0.015504,0.030595,0.007285,0.034810,0.061776
2011-12-21,0.000000,0.003743,-0.013233,0.008618,0.021818
2011-12-22,0.000000,0.009776,0.007330,0.011026,-0.008134
2011-12-23,0.089695,0.007762,-0.002318,0.008724,0.040492
2011-12-28,0.001822,-0.014834,0.001346,-0.011590,-0.050274
2011-12-29,0.007273,0.011983,0.008979,0.014453,-0.005765
2011-12-30,0.000000,-0.001149,-0.006128,-0.000269,-0.013706
2012-01-04,0.000000,-0.001596,-0.019036,-0.003164,0.017857
2012-01-05,0.000000,-0.001600,-0.008776,-0.003439,-0.001002
2012-01-06,0.000000,-0.005565,0.013528,0.001858,-0.016056
2012-01-09,0.000000,0.003570,0.002496,-0.002650,-0.000510
2012-01-10,-0.021645,0.011107,-0.003572,0.016206,0.006122
2012-01-11,-0.030974,-0.000902,-0.022814,0.003921,-0.034483
2012-01-12,0.000000,0.002516,0.002501,0.010156,0.015231
2012-01-13,0.045662,-0.006409,-0.012531,-0.006960,-0.041386
2012-01-18,0.000000,0.012578,0.000112,0.013465,0.025405
2012-01-19,0.000000,0.006748,-0.006294,0.015793,0.039536
2012-01-20,0.000000,0.001276,-0.007239,-0.001974,0.028398
2012-01-23,0.000000,0.003344,0.002620,-0.000247,0.019231
2012-01-24,0.049732,-0.001893,-0.004602,-0.004947,-0.001451
2012-01-25,0.000000,0.009458,0.003653,0.000497,-0.027616
2012-01-26,0.000000,-0.003905,0.000910,0.008695,-0.037867
2012-01-27,0.000000,-0.000925,0.052557,-0.004433,-0.017090
2012-01-30,0.000000,-0.005359,-0.061808,-0.010886,-0.032139
2012-01-31,-0.038783,0.000521,0.004776,-0.007504,-0.020686
2012-02-01,0.000000,0.011858,-0.000859,0.012853,0.026126
2012-02-02,0.107595,0.001765,-0.007508,0.003981,-0.011376
2012-02-03,0.000000,0.014474,-0.007854,0.018340,0.067945
2012-02-06,0.000000,-0.001537,-0.001630,-0.010465,-0.024628
2012-02-07,0.000000,0.002691,0.004897,0.000000,0.034192
2012-02-08,0.000000,0.001646,0.000580,0.001230,0.004578
2012-02-09,0.000000,-0.000214,-0.003653,0.003685,0.036456
2012-02-10,0.000000,-0.011038,-0.001688,-0.021047,-0.038105
2012-02-13,0.000000,0.008031,0.001924,0.017000,0.010665
2012-02-14,0.000000,-0.003304,-0.002094,-0.009833,-0.033166
2012-02-15,0.000000,-0.003856,0.000525,-0.001986,0.003638
2012-02-16,0.000000,0.011694,0.006760,0.015174,0.032108
2012-02-17,0.000000,0.002758,-0.007061,0.005636,0.008530
2012-02-22,0.087143,-0.002591,-0.001572,-0.008545,-0.019560
2012-02-23,-0.027595,0.005159,-0.005483,0.004679,-0.010474
2012-02-24,0.000000,0.001944,0.004516,0.000490,-0.003528
2012-02-27,0.000000,-0.001032,-0.003620,0.003920,-0.027820
2012-02-28,0.000000,0.003436,-0.000410,0.009273,0.003642
2012-02-29,0.000000,-0.007134,-0.004807,-0.005803,0.024883
2012-03-01,-0.033784,0.007626,0.011133,0.008998,0.030349
2012-03-02,0.000000,-0.006109,-0.001806,0.004338,-0.025037
2012-03-05,0.045454,-0.004171,0.009221,-0.006479,0.009567
2012-03-06,-0.076923,-0.021125,0.004915,-0.026570,-0.030424
2012-03-07,0.000000,0.007503,0.012372,0.012407,0.014403
2012-03-08,0.000000,0.012870,0.003695,0.016912,0.021298
2012-03-09,0.000000,0.002427,-0.002548,0.004338,0.011917
2012-03-12,-0.021739,-0.001953,0.015784,-0.003840,-0.003435
2012-03-13,0.000000,0.018327,0.005422,0.017586,0.037420
2012-03-14,0.018518,-0.005976,-0.004169,-0.013257,0.079260
2012-03-15,0.000000,0.007507,0.006755,0.004319,0.003078
2012-03-16,0.000000,0.002872,-0.002218,0.001911,0.007453
2012-03-19,0.000000,0.003273,-0.001056,0.000477,0.035248
2012-03-20,0.000000,-0.006773,0.012907,-0.011678,-0.002942
2012-03-21,0.000000,-0.002661,-0.003625,-0.005064,-0.032884
2012-03-22,0.000000,-0.009492,0.002811,-0.011876,-0.008282
2012-03-23,0.009455,0.004757,-0.000605,0.004906,-0.016703
2012-03-26,0.000000,0.013292,-0.004840,0.014645,0.003129
2012-03-27,0.000000,-0.005966,0.004311,-0.000962,-0.025401
2012-03-28,-0.038185,-0.006187,0.002256,-0.011799,0.004115
2012-03-29,-0.032959,-0.002684,0.001208,-0.002193,-0.016849
2012-03-30,-0.014717,0.004967,-0.001426,0.010012,0.026401
2012-04-02,0.000000,0.009040,0.002691,0.006286,-0.010379
2012-04-03,0.053459,-0.007798,0.003889,-0.011052,0.041496
2012-04-04,0.000000,-0.013352,-0.001964,-0.017250,-0.017951
2012-04-05,0.000000,-0.003143,-0.000929,-0.003955,-0.030317
2012-04-10,0.000000,-0.018818,-0.001592,-0.028486,-0.024055
2012-04-11,0.000000,0.009046,0.007422,0.010802,0.020121
2012-04-12,0.000000,0.016062,0.001146,0.016285,0.010355
2012-04-13,-0.033038,-0.013540,-0.004579,-0.011768,-0.024890
2012-04-16,0.006667,0.002329,0.006133,0.005574,-0.012012
2012-04-17,0.000000,0.014401,0.004517,0.015118,0.017731
2012-04-18,0.000000,-0.004175,0.006881,-0.011666,-0.013440
2012-04-19,0.010761,-0.004291,0.010385,-0.002763,-0.015136
2012-04-20,0.000000,0.003693,0.000959,0.006296,0.009221
2012-04-23,-0.017199,-0.010554,-0.004097,-0.019770,-0.018782
2012-04-24,0.027500,0.005953,0.004274,0.009701,0.014485
2012-04-25,-0.038929,0.010363,-0.000266,0.010367,0.011729
2012-04-26,0.000000,0.006478,-0.000266,0.005255,-0.012601
2012-04-27,0.000000,0.003550,0.002661,0.005228,-0.013272
2012-04-30,0.000000,-0.004030,0.001168,-0.008173,-0.009312
2012-05-01,0.000000,0.005540,0.010498,-0.005742,0.021410
2012-05-02,-0.033755,-0.004865,0.000315,-0.003767,-0.017382
2012-05-03,-0.004367,-0.009161,0.008288,-0.004286,0.001041
2012-05-04,0.000000,-0.014485,-0.006451,-0.013164,-0.022869
2012-05-07,0.000000,0.001951,0.008954,0.000257,-0.001596
2012-05-08,-0.014035,-0.007738,-0.004204,-0.006925,-0.021311
2012-05-09,-0.021352,-0.008496,0.009954,-0.011105,-0.001089
2012-05-10,-0.030000,0.004156,0.016306,-0.001306,0.026703
2012-05-11,-0.007498,-0.004695,-0.008885,-0.007584,-0.022824
2012-05-14,0.000000,-0.014130,0.006762,-0.020817,-0.028789
2012-05-15,-0.055713,-0.009036,0.013943,-0.011302,-0.006152
2012-05-16,-0.066000,-0.005630,0.003664,-0.006533,-0.006753
2012-05-17,0.018737,-0.014803,-0.000250,-0.022740,-0.035694
2012-05-18,0.000000,-0.007042,0.004151,-0.007289,0.000000
2012-05-21,0.000000,0.015515,0.007123,0.019204,0.019389
2012-05-22,0.000000,-0.000053,0.005094,-0.001663,0.033429
2012-05-23,-0.094062,-0.000223,0.027063,0.002776,-0.040156
2012-05-24,0.000000,0.001517,-0.028841,-0.008857,0.022080
2012-05-25,0.000000,-0.002385,0.000148,-0.001396,-0.007959
2012-05-30,0.000000,-0.018861,0.005096,-0.021452,-0.061236
2012-05-31,-0.135731,-0.000996,0.011496,0.004778,-0.027077
2012-06-01,0.032215,-0.023008,0.005162,-0.030769,-0.072106
2012-06-04,0.000000,-0.000919,0.006666,-0.006349,0.040900
2012-06-05,0.000000,0.007287,0.006916,0.008132,0.018992
2012-06-06,-0.065019,0.024370,-0.015295,0.023048,0.061054
2012-06-07,0.000000,0.000315,0.004996,0.005914,0.001817
2012-06-08,0.000000,0.004513,-0.000984,0.002240,-0.010278
2012-06-11,0.000000,-0.012508,-0.003744,-0.010615,-0.022602
2012-06-12,-0.079277,0.013209,0.020623,0.011575,0.038125
2012-06-13,-0.022659,-0.006801,0.001502,-0.006140,-0.037327
2012-06-14,-0.058733,0.010178,0.001984,0.009548,0.007505
2012-06-15,0.042693,0.010740,-0.006326,0.014743,-0.014898
2012-06-18,0.083464,-0.000257,-0.004665,0.001371,-0.001890
2012-06-19,0.046512,0.013569,0.005810,0.018615,0.022727
2012-06-20,-0.061111,-0.001074,-0.015630,0.001392,0.013580
2012-06-21,-0.023668,-0.024724,-0.002663,-0.022071,-0.014616
2012-06-22,-0.010455,0.006672,0.019629,0.008359,0.033375
2012-06-25,0.002909,-0.016375,0.001843,-0.021277,-0.038278
2012-06-26,0.000000,0.004700,-0.002759,0.008188,0.012438
2012-06-27,-0.044274,0.009429,0.006989,0.011481,-0.004300
2012-06-28,-0.081470,-0.000072,-0.000096,0.000000,-0.027144
2012-06-29,0.040000,0.026896,0.001109,0.037652,0.051997
2012-07-02,-0.045151,0.003885,-0.032791,0.000801,-0.047619
2012-07-03,0.000000,0.008876,-0.011998,0.014396,0.032278
2012-07-06,0.000000,-0.010355,-0.003751,-0.011905,-0.033187
2012-07-09,0.000000,-0.002606,0.004409,-0.001874,-0.020078
2012-07-10,0.000000,-0.008897,0.001874,0.000000,-0.009914
2012-07-11,0.000000,0.002315,0.000542,0.006974,0.000000
2012-07-12,0.000000,-0.006073,0.001328,-0.006659,-0.012684
2012-07-13,0.050162,0.015664,0.000737,0.013140,0.013523
2012-07-16,0.000000,-0.001969,0.000295,0.003706,-0.023349
2012-07-17,0.000000,0.006683,-0.001571,0.006593,0.025273
2012-07-18,0.000000,0.004660,-0.006637,0.001834,-0.014657
2012-07-19,0.001541,0.002383,-0.001039,0.002615,0.024341
2012-07-20,0.000000,-0.011486,-0.003617,-0.014606,-0.036304
2012-07-23,-0.092308,-0.011476,0.005817,-0.015617,-0.017123
2012-07-24,0.000000,-0.010420,0.006674,-0.013714,-0.021603
2012-07-25,0.001695,0.002234,0.004469,0.005998,0.001424
2012-07-26,0.000000,0.019315,-0.006258,0.015718,0.015647
2012-07-27,0.072758,0.020330,-0.006199,0.016809,0.088936
2012-07-30,-0.053628,-0.000142,0.000396,0.001312,-0.032797
2012-07-31,0.000000,-0.005955,0.009600,-0.009696,-0.007979
2012-08-01,0.000000,-0.002874,0.008038,-0.008997,0.031501
2012-08-02,-0.021666,-0.009658,-0.007099,-0.011482,-0.039636
2012-08-03,0.000000,0.022400,0.003085,0.024581,0.066982
2012-08-06,0.039182,0.003091,-0.010447,0.004482,-0.012048
2012-08-07,0.000000,0.006733,0.000740,0.001050,0.044929
2012-08-08,0.036066,0.000066,-0.000690,-0.000524,0.007371
2012-08-09,0.000000,0.000843,-0.002960,-0.001049,0.029268
2012-08-10,-0.003165,0.002462,-0.001979,0.003151,-0.023104
2012-08-13,0.000000,-0.003247,-0.001586,0.003665,0.003032
2012-08-14,0.000000,0.000111,0.002880,0.001826,0.043531
2012-08-15,0.000000,0.001182,0.003020,0.000521,0.045771
2012-08-16,-0.023809,0.007595,-0.001086,0.016394,0.017175
2012-08-17,0.000000,0.001493,-0.004200,-0.000512,-0.010893
2012-08-20,0.034146,-0.000955,-0.000298,-0.000768,-0.001101
2012-08-21,0.000000,-0.001439,-0.000099,0.002307,-0.004961
2012-08-22,0.086478,-0.001049,-0.001688,0.000256,-0.047645
2012-08-23,0.000000,-0.007773,0.002188,-0.007926,-0.030832
2012-08-24,0.000000,0.004547,0.003721,0.005670,0.007203
2012-08-27,0.000000,-0.001445,0.000148,-0.003588,-0.017282
2012-08-28,0.000000,-0.000297,0.003905,-0.001286,-0.011522
2012-08-29,0.000000,-0.000274,0.004874,0.001288,0.014724
2012-08-30,0.000000,-0.008145,0.002989,-0.007459,-0.020556
2012-08-31,-0.020405,0.006113,-0.000733,0.005701,-0.035802
2012-09-05,0.020588,-0.001287,0.003993,-0.001548,0.008223
2012-09-06,0.000000,0.021090,-0.000245,0.018342,0.049561
2012-09-07,0.000000,0.009062,-0.005500,0.008625,-0.007173
2012-09-10,0.000000,-0.005115,0.000148,-0.002264,0.013245
2012-09-11,0.057637,0.006561,-0.002963,0.004034,0.007130
2012-09-12,0.014986,0.002567,-0.003665,0.006026,0.041298
2012-09-13,0.046980,0.016900,0.005915,0.023209,-0.005099
2012-09-14,0.053077,0.006166,-0.002767,0.017317,0.064920
2012-09-17,0.005600,-0.005900,-0.004410,-0.011028,-0.017112
2012-09-18,0.000000,-0.002560,0.010451,-0.007515,-0.014146
2012-09-19,0.000000,0.001556,-0.005122,0.002687,-0.016556
2012-09-20,0.036320,-0.003282,0.000792,-0.001949,-0.002806
2012-09-21,0.000000,0.000549,-0.001682,0.006834,-0.009567
2012-09-24,0.014720,-0.002501,0.000347,0.001455,-0.023864
2012-09-25,-0.014506,-0.009786,0.002328,-0.004842,-0.020955
2012-09-26,0.000000,-0.006461,0.002323,-0.013622,-0.038050
2012-09-27,-0.058411,0.010025,0.002465,0.012084,0.013597
2012-09-28,-0.038462,-0.006351,-0.003049,-0.012183,-0.001829
2012-10-01,0.000000,0.004043,-0.002171,-0.002713,-0.007330
2012-10-02,0.000000,0.001298,0.000198,-0.001732,-0.006154
2012-10-03,0.029678,0.000288,0.001038,-0.005203,0.004954
2012-10-04,0.000000,0.009500,-0.003160,0.005230,0.025878
2012-10-05,0.002506,0.000924,-0.001288,0.005451,0.040240
2012-10-08,0.022500,-0.002977,-0.009275,-0.003203,0.008083
2012-10-09,0.000000,-0.009570,0.015670,-0.008900,-0.014891
2012-10-10,0.009780,-0.006032,0.000986,-0.004739,-0.016860
2012-10-11,0.000000,0.003332,0.004284,0.008271,-0.009462
2012-10-12,0.016949,-0.003574,-0.000147,-0.000995,-0.007164
2012-10-15,-0.008333,0.008073,0.001373,0.011197,0.000000
2012-10-16,0.000000,0.011210,-0.003134,0.015256,0.034275
2012-10-17,0.000000,0.007159,-0.001032,0.011634,0.052907
2012-10-18,0.000000,-0.000437,-0.001721,0.004312,0.008283
2012-10-19,0.049219,-0.014057,-0.001921,-0.009781,-0.031763
2012-10-22,0.000000,0.000605,0.000000,0.002650,0.016968
2012-10-23,0.000000,-0.016072,-0.001481,-0.008890,-0.018910
2012-10-24,0.016018,-0.001958,0.001186,-0.003394,0.006236
2012-10-25,0.000000,0.003992,-0.000642,-0.004622,0.029859
2012-10-26,-0.086712,-0.002644,-0.000049,-0.002199,-0.042670
2012-11-01,0.000000,0.010942,-0.000542,0.010906,0.017201
2012-11-02,0.000000,-0.009198,0.000789,-0.001918,0.006414
2012-11-05,0.000000,0.000648,-0.000345,-0.001922,-0.024334
2012-11-06,0.000000,0.008750,0.002662,0.005535,0.034442
2012-11-07,0.000000,-0.020879,-0.002507,-0.010292,-0.063146
2012-11-08,0.000000,-0.010809,0.001922,-0.009915,0.000000
2012-11-09,0.013836,0.000339,0.002066,-0.004152,-0.011642
2012-11-12,0.000000,0.000060,0.003583,0.002453,-0.001240
2012-11-13,0.086849,-0.003825,0.002348,-0.000245,-0.013656
2012-11-14,-0.021689,-0.014933,0.003855,-0.019579,0.000000
2012-11-15,0.000000,-0.000827,0.003160,-0.002746,0.000000
2012-11-16,0.000000,0.004390,0.000533,0.003004,-0.009440
2012-11-19,0.000000,0.018753,0.007652,0.023459,0.023507
2012-11-20,-0.022171,0.000757,-0.001634,0.000732,0.027933
2012-11-21,-0.009546,0.003187,0.001444,0.003411,0.018720
2012-11-26,0.096386,-0.003397,-0.011030,0.002390,-0.017129
2012-11-27,0.000000,-0.005709,0.000577,-0.007153,-0.011418
2012-11-28,0.000000,0.006943,0.000817,0.008886,-0.017021
2012-11-29,0.000000,0.005935,0.004273,0.011902,0.001855
2012-11-30,0.027473,0.000528,0.001769,0.005175,-0.008642
2012-12-03,0.026738,-0.004466,0.018276,0.000702,0.013699
2012-12-04,0.032292,0.000040,-0.006936,0.004444,-0.012285
2012-12-05,0.016146,0.004977,-0.000378,-0.001630,-0.010572
2012-12-06,-0.006952,0.001952,-0.014729,0.004431,-0.006285
2012-12-07,0.023000,0.004030,-0.005318,0.006965,0.029096
2012-12-10,0.026393,0.001008,-0.001204,0.001845,-0.006761
2012-12-11,0.000000,0.005262,0.001302,0.002992,0.020421
2012-12-12,0.000000,0.001722,-0.000289,0.003442,0.029109
2012-12-13,-0.028571,-0.005078,-0.002505,-0.006860,0.018268
2012-12-14,-0.012745,-0.000548,0.006714,-0.002533,-0.011574
2012-12-17,-0.011917,0.008791,0.000384,0.007183,0.032201
2012-12-18,0.037186,0.010984,0.004796,0.016968,0.036302
2012-12-19,-0.016473,-0.004180,-0.003389,0.001578,-0.014778
2012-12-20,0.000000,0.006216,-0.009004,0.015309,0.000000
2012-12-21,-0.002956,-0.008604,0.000048,-0.007317,-0.025556
2012-12-24,0.032609,-0.002677,-0.006282,0.002457,0.011403
2012-12-27,0.000000,0.000517,-0.014010,0.003569,-0.024460
2012-12-28,0.000000,-0.009961,-0.003076,-0.009558,-0.002332
2012-12-31,0.039604,0.015314,0.001665,0.015261,0.026300
2013-01-03,0.032408,-0.002806,0.000000,-0.007277,0.032626
2013-01-04,0.000000,0.006958,0.001516,0.006037,0.008425
2013-01-07,-0.046637,-0.003550,-0.007956,-0.006858,-0.006266
2013-01-08,0.000000,-0.003766,-0.002952,-0.003237,-0.016816
2013-01-09,0.015992,0.003686,0.006761,0.003464,-0.010155
2013-01-10,0.009259,0.008991,0.003725,0.003021,0.022678
2013-01-11,0.000000,-0.000155,-0.009767,0.002151,-0.010032
2013-01-14,0.000000,0.000578,0.000986,0.004722,-0.009600
2013-01-15,0.000000,0.001796,0.001330,-0.002137,-0.014001
2013-01-18,-0.010126,0.002976,-0.001813,-0.000424,-0.017067
2013-01-23,0.015557,-0.000463,0.001128,0.000844,-0.001090
2013-01-24,0.000000,0.003164,-0.003479,0.001476,0.006001
2013-01-25,0.000000,0.005413,-0.002655,0.002736,0.055857
2013-01-28,-0.028936,-0.002754,0.000000,-0.012385,0.013867
2013-01-29,-0.027169,0.006265,-0.016958,0.011477,0.007092
2013-01-30,0.001802,-0.003506,-0.003861,-0.012608,0.009054
2013-01-31,-0.021583,-0.001078,0.000956,-0.000851,-0.010469
2013-02-01,0.029412,0.007916,0.001157,0.007029,0.012594
2013-02-04,0.000000,-0.012530,-0.002110,-0.007403,-0.018408
2013-02-05,0.000000,0.007607,0.004178,0.006606,0.021794
2013-02-06,0.000000,0.001582,-0.005916,-0.002752,-0.023810
2013-02-07,0.000000,-0.004533,0.001513,-0.004670,-0.008638
2013-02-08,-0.093750,0.004665,-0.011280,-0.000853,0.001538
2013-02-11,0.000000,-0.001814,0.003361,-0.001708,-0.004094
2013-02-12,0.000000,0.004327,0.000305,0.001924,0.018499
2013-02-13,0.000000,-0.000224,-0.000964,0.005762,0.018668
2013-02-14,-0.019704,-0.000282,-0.002387,-0.001698,-0.009411
2013-02-15,0.026130,-0.002217,-0.004022,0.005314,0.003500
2013-02-20,-0.003086,-0.013411,-0.002960,-0.014477,-0.002468
2013-02-21,-0.022704,-0.008256,0.003173,-0.007877,-0.022266
2013-02-22,0.050686,0.009573,0.005969,0.017811,-0.004555
2013-02-25,0.000000,-0.019701,-0.001369,-0.024879,-0.036604
2013-02-26,-0.005025,0.005364,0.005789,0.017081,-0.008443
2013-02-27,0.000000,0.012452,0.000808,0.021896,0.012773
2013-02-28,0.040404,-0.000745,-0.003885,0.000208,-0.007882
2013-03-01,-0.014563,0.000617,0.001671,0.006239,-0.018538
2013-03-04,0.000000,0.003026,0.001719,0.002481,0.012952
2013-03-05,0.000000,0.008656,-0.005048,0.004948,0.009057
2013-03-06,0.000000,0.002103,-0.004363,-0.003282,0.023231
2013-03-07,0.000000,0.001830,0.004178,0.002264,0.027348
2013-03-08,-0.017734,0.004550,-0.005683,0.004107,0.032647
2013-03-11,0.000000,0.003070,-0.008982,0.002863,0.000000
2013-03-12,0.039117,-0.002453,0.007930,-0.005099,-0.016051
2013-03-13,0.040541,-0.000325,0.004241,-0.000820,-0.000989
2013-03-14,0.000000,0.007833,0.003002,0.004924,0.005938
2013-03-15,0.000000,-0.001242,0.000254,0.001633,-0.018200
2013-03-18,0.000000,-0.007808,0.003448,-0.006930,-0.020040
2013-03-19,0.000000,-0.003071,0.002021,0.002258,-0.024540
2013-03-20,0.000000,0.007034,-0.000101,0.010240,0.015199
2013-03-21,0.000000,-0.007866,0.000908,-0.006690,-0.002581
2013-03-22,0.000000,0.006229,0.010431,0.003877,-0.008799
2013-03-25,0.023191,-0.004723,0.000698,-0.005082,0.000000
2013-03-26,0.000000,0.006732,-0.000249,0.008991,-0.004700
2013-03-27,0.060743,-0.001460,0.004437,0.002025,-0.028856
2013-03-28,0.000000,0.004035,-0.002333,0.008691,0.000540
2013-04-02,-0.023622,-0.001633,-0.001932,0.000607,0.011413
2013-04-03,0.021505,-0.012042,0.001737,-0.016980,-0.026330
2013-04-04,0.017544,0.004947,0.001189,0.008225,-0.029249
2013-04-05,0.034483,-0.003056,-0.004057,-0.011421,-0.036953
2013-04-08,-0.009167,0.005703,-0.014706,0.003301,0.022432
2013-04-09,0.021867,0.004067,0.003278,0.005346,0.008660
2013-04-10,-0.012346,0.011080,-0.004574,0.011250,0.033200
2013-04-11,0.005833,0.004891,-0.003736,-0.003236,-0.007756
2013-04-12,-0.004142,-0.004957,0.000811,-0.005682,-0.039084
2013-04-15,-0.069884,-0.025501,-0.004355,-0.041225,-0.011040
2013-04-16,0.049195,0.014796,0.016173,0.024053,0.009988
2013-04-17,-0.077579,-0.015195,-0.006707,-0.019954,-0.008726
2013-04-18,0.000000,-0.003036,0.006299,-0.008059,-0.011150
2013-04-19,0.000000,0.008176,-0.007711,0.016250,0.010682
2013-04-22,0.000000,0.002866,0.011858,0.002314,-0.002936
2013-04-23,0.000000,0.010410,0.005336,0.016583,0.000000
2013-04-24,0.000000,0.003583,0.001240,0.013422,0.000000
2013-04-25,0.028558,0.004637,-0.004806,0.006112,0.007656
2013-04-26,0.000000,-0.002063,-0.004680,-0.007493,-0.028054
2013-04-29,0.000000,0.008214,-0.003001,0.001428,0.003007
2013-04-30,-0.036751,0.003424,0.006221,0.000407,0.004197
2013-05-01,0.000000,-0.010898,-0.002094,-0.007739,-0.021492
2013-05-02,0.000000,0.007731,0.000100,-0.002874,-0.004881
2013-05-03,0.000000,0.010138,0.002598,0.011939,0.074188
2013-05-06,-0.011194,0.000904,-0.000747,0.002644,0.010845
2013-05-07,0.000000,0.006430,0.000249,0.008115,0.006776
2013-05-08,0.000000,0.005772,-0.000050,0.006842,-0.012900
2013-05-09,0.000000,-0.005717,-0.002543,-0.004597,0.030114
2013-05-10,0.000000,0.003565,0.004298,-0.001807,0.047987
2013-05-13,0.000000,-0.000592,0.002240,-0.000603,0.012105
2013-05-14,0.075472,0.008338,-0.003774,0.006039,0.015081
2013-05-15,-0.004386,0.003736,0.006081,0.005002,-0.004611
2013-05-16,0.013216,-0.006502,0.000743,-0.002986,-0.040144
2013-05-17,0.000000,0.009179,0.001337,0.005591,0.045040
2013-05-20,0.000000,0.001160,0.004252,0.000199,0.008209
2013-05-21,0.000000,0.001121,0.002216,-0.002382,-0.010687
2013-05-22,0.000000,-0.009401,-0.001425,-0.017314,0.042181
2013-05-23,0.000000,-0.004391,0.006297,-0.002835,-0.001481
2013-05-24,0.000000,-0.002542,-0.002200,-0.006905,-0.005932
2013-05-29,-0.052174,-0.007549,0.009886,-0.019861,-0.005152
2013-05-30,-0.004587,0.003986,0.016154,-0.003551,0.000000
2013-05-31,-0.004609,-0.016679,0.000190,-0.016771,0.018832
2013-06-03,-0.013889,0.005892,-0.008445,0.006396,-0.013863
2013-06-04,0.032864,-0.003954,0.015025,-0.011864,0.001406
2013-06-05,-0.011818,-0.015201,0.001273,-0.015652,-0.017314
2013-06-06,0.000000,0.008942,0.000518,0.010673,-0.011905
2013-06-07,0.000000,0.010251,0.001082,0.010991,0.041446
2013-06-10,-0.006440,0.000277,0.000000,0.000000,0.024988
2013-06-11,-0.013889,-0.010955,0.000000,-0.004264,-0.009029
2013-06-12,0.000000,-0.007136,0.000000,-0.022907,0.015945
2013-06-13,-0.042254,0.015446,0.011892,0.019938,-0.025112
2013-06-14,0.000000,-0.007253,-0.016677,-0.006444,-0.022079
2013-06-17,0.014706,0.008010,-0.009637,0.016648,0.021167
2013-06-18,0.030918,0.006612,0.034058,0.002978,0.005067
2013-06-19,-0.027179,-0.015312,0.004521,-0.022053,0.059120
2013-06-20,0.001927,-0.028062,0.021400,-0.024284,0.046733
2013-06-21,0.037500,0.002509,0.014162,0.005334,0.039272
2013-06-24,0.009268,-0.014029,-0.007625,-0.020115,0.013524
2013-06-25,0.000000,0.010936,-0.005763,0.016732,0.016091
2013-06-26,0.000000,0.008678,-0.006919,0.007409,-0.019312
2013-06-27,0.000918,0.008413,-0.010859,0.012035,-0.022056
2013-06-28,0.004587,-0.003375,0.004437,-0.003083,-0.002014
2013-07-01,0.000000,0.006056,-0.003051,0.006848,0.004843
2013-07-02,0.000000,-0.002526,0.015485,-0.000878,-0.008434
2013-07-03,0.000000,-0.001053,0.010841,-0.005051,0.012961
2013-07-08,0.000000,0.005658,0.000668,0.004390,-0.025783
2013-07-09,0.023924,0.008105,0.006229,0.008741,-0.005671
2013-07-10,0.000000,-0.000077,-0.003272,-0.003250,0.019011
2013-07-11,0.000000,0.016335,0.007231,0.033036,-0.039552
2013-07-12,0.002804,0.000552,-0.008104,-0.001473,0.010490
2013-07-15,0.000000,0.002364,0.004396,0.002318,-0.017301
2013-07-16,0.000000,-0.003356,-0.020160,0.001892,-0.009390
2013-07-17,0.000000,0.003666,0.014664,0.001049,-0.016193
2013-07-18,0.000000,0.006658,-0.011517,0.010690,0.017262
2013-07-19,-0.030755,0.003265,-0.000495,-0.000829,-0.016969
2013-07-22,0.002885,0.003335,0.010352,0.000415,-0.001204
2013-07-23,0.000000,0.000938,-0.006504,0.003527,0.011254
2013-07-24,0.000000,-0.005651,-0.009057,-0.006409,0.028617
2013-07-25,0.000000,0.003125,0.015204,0.008947,0.007342
2013-07-26,0.000000,-0.001550,-0.001293,-0.000825,-0.017645
2013-07-29,0.000000,-0.005025,0.006114,-0.006811,0.009371
2013-07-30,0.021093,-0.001632,0.005412,0.003533,0.006963
2013-07-31,-0.011268,0.000278,0.005647,0.003313,-0.003842
2013-08-01,0.000000,0.011986,-0.002501,0.010320,0.050135
2013-08-02,0.000000,0.001723,0.012095,-0.003473,-0.044436
2013-08-05,0.000000,-0.001906,-0.007474,-0.006355,0.014604
2013-08-06,-0.034188,-0.005922,0.008144,-0.005571,0.000758
2013-08-07,0.000000,-0.004791,-0.003214,-0.005601,-0.015897
2013-08-08,0.000000,0.006944,0.003878,0.010849,-0.005000
2013-08-09,0.000000,-0.001307,-0.011111,0.005160,-0.002706
2013-08-12,0.000000,-0.001359,-0.004345,-0.006776,0.009690
2013-08-13,0.000000,0.002242,0.007009,-0.004342,0.042226
2013-08-14,0.000000,-0.003849,0.011469,0.001038,-0.001105
2013-08-15,0.000000,-0.010863,0.004674,-0.015972,0.015856
2013-08-16,0.000000,-0.002498,0.007021,0.000422,0.026860
2013-08-19,0.117994,-0.008420,0.021259,-0.002950,0.019442
2013-08-20,0.000000,0.003800,0.009257,0.005494,-0.024272
2013-08-21,-0.024626,-0.008723,-0.006516,-0.007987,0.014570
2013-08-22,0.000000,0.009251,0.022516,0.000848,0.016112
2013-08-23,0.000000,0.005197,-0.006251,0.008044,-0.028611
2013-08-26,0.011722,-0.004460,-0.035766,0.002520,-0.004613
2013-08-27,0.000000,-0.015296,0.013089,-0.018434,-0.029947
2013-08-28,0.000000,0.002244,-0.003282,0.000000,0.022418
2013-08-29,0.000000,0.000725,-0.010936,0.009817,-0.011143
2013-08-30,0.000000,-0.004848,0.005806,-0.013736,-0.000727
2013-09-04,0.073975,0.007152,-0.007916,0.011472,0.017205
2013-09-05,-0.004149,0.002139,0.000764,0.006722,0.028305
2013-09-06,0.000000,0.002053,-0.015862,0.010223,-0.013763
2013-09-09,0.015833,0.010619,-0.008533,0.014251,-0.013955
2013-09-10,-0.007383,0.008468,-0.011606,0.011403,0.021401
2013-09-11,0.000000,0.003604,0.003694,0.005033,-0.013180
2013-09-12,0.000827,-0.004977,-0.004601,-0.006210,-0.004452
2013-09-13,0.000000,0.002889,0.000352,0.003024,-0.003096
2013-09-16,0.015690,0.007204,0.001804,0.014067,-0.008282
2013-09-17,0.000000,0.003549,0.002064,-0.001982,-0.007307
2013-09-18,0.040650,0.015294,-0.013632,0.022041,-0.050824
2013-09-19,-0.024219,-0.003350,-0.029996,-0.002137,0.014771
2013-09-20,-0.019215,-0.008628,0.006643,-0.015382,-0.005822
2013-09-23,0.008163,-0.003757,0.004642,-0.003361,-0.006589
2013-09-24,0.000000,-0.001831,-0.005300,0.000000,-0.022476
2013-09-25,0.000000,-0.001674,-0.000501,-0.004365,-0.014700
2013-09-26,0.000000,0.002816,0.013031,0.006377,0.011094
2013-09-27,0.000000,-0.004327,0.007062,-0.002772,-0.009081
2013-09-30,0.000000,-0.006498,-0.007280,-0.019063,-0.001527
2013-10-01,0.000000,0.007486,-0.002564,0.022470,0.011855
2013-10-02,0.000000,-0.000411,-0.001985,-0.003168,-0.007559
2013-10-03,0.000000,-0.007235,-0.010395,-0.012115,-0.007616
2013-10-04,0.000000,0.005876,0.006988,0.001005,0.017652
2013-10-07,-0.054251,-0.008079,0.001179,-0.009841,-0.006787
2013-10-10,0.044521,0.020738,-0.001134,0.020791,0.013207
2013-10-11,0.000000,0.006993,-0.011532,0.010583,-0.001117
2013-10-14,0.000000,0.003628,-0.002848,0.006125,0.003356
2013-10-15,0.007377,-0.007202,0.003639,0.001964,0.010777
2013-10-16,0.000000,0.012171,-0.000734,0.013720,-0.018015
2013-10-17,-0.009764,0.009125,0.000367,0.011214,-0.031449
2013-10-18,0.000000,0.005012,-0.008999,0.001338,0.000773
2013-10-21,0.000000,-0.000195,-0.006023,0.001719,0.007725
2013-10-22,0.000000,0.007404,0.011699,0.002860,-0.037179
2013-10-23,0.000000,-0.006589,-0.000461,-0.012165,-0.010748
2013-10-24,0.000000,0.003890,0.007697,0.006350,0.014889
2013-10-25,0.000000,0.002460,0.006541,-0.010325,-0.007534
2013-10-28,0.000000,0.000000,-0.007362,-0.004637,0.003596
2013-10-29,0.000000,0.005428,-0.003159,-0.006599,-0.001990
2013-10-30,0.000000,-0.005347,0.002067,0.002149,0.007978
2013-10-31,0.000000,-0.004450,-0.000412,-0.000975,0.005936
2013-11-01,0.000000,0.000850,0.023245,-0.002732,0.030684
2013-11-04,0.000000,0.004588,0.008916,0.010372,-0.006870
2013-11-05,0.000000,-0.005187,-0.004841,-0.019369,0.023059
2013-11-06,0.000000,0.004752,0.016289,0.003753,-0.008264
2013-11-07,0.000000,-0.013432,0.002283,-0.015152,-0.010227
2013-11-08,0.000000,0.010859,0.008938,0.011988,0.050899
2013-11-11,0.000000,0.001077,0.002779,0.001185,0.001821
2013-11-12,0.000000,-0.003298,0.008011,-0.010452,0.006180
2013-11-13,0.000000,0.007000,0.001117,0.006377,-0.015535
2013-11-14,-0.064092,0.005022,-0.000601,0.001782,-0.008440
2013-11-15,0.000000,0.005853,-0.007600,0.003163,0.002591
2013-11-18,0.031607,-0.002223,0.001990,-0.000985,-0.011443
2013-11-19,0.000000,-0.003102,-0.023965,-0.005128,0.012696
2013-11-20,0.000000,-0.003865,0.003716,-0.006146,0.029499
2013-11-21,-0.037447,0.006533,-0.000044,0.012767,-0.002865
2013-11-22,0.012379,0.004263,0.014722,0.001773,-0.011494
2013-11-25,0.000000,-0.002892,-0.012293,-0.006882,-0.003997
2013-11-26,0.000000,-0.000817,0.003079,0.005741,-0.016417
2013-11-27,0.000000,0.001485,0.005700,0.011614,0.014837
2013-12-02,0.000000,-0.004538,0.006869,-0.002930,0.021890
2013-12-03,-0.075109,-0.004963,0.009653,-0.007052,-0.009282
2013-12-04,-0.040604,-0.002166,0.008371,-0.002959,0.023784
2013-12-05,0.065945,-0.004781,0.006321,-0.004551,0.007392
2013-12-06,0.000000,0.011428,-0.013317,0.015305,0.007337
2013-12-09,0.000000,0.001485,-0.014600,0.000196,-0.009018
2013-12-10,0.000000,-0.003113,-0.002067,0.000979,-0.021001
2013-12-11,0.000000,-0.012181,-0.004747,-0.018772,0.016804
2013-12-12,0.000000,-0.004192,0.014180,-0.001794,0.011603
2013-12-13,0.000000,0.000529,-0.002865,0.009583,-0.003128
2013-12-16,0.000000,0.007045,-0.003002,0.004746,0.003138
2013-12-17,0.000000,-0.003580,-0.000903,0.002475,-0.011818
2013-12-18,0.038781,0.016530,-0.002798,0.019747,0.014773
2013-12-19,0.004445,-0.000263,0.005396,0.002711,0.013865
2013-12-20,0.000000,0.004388,0.010992,0.001738,-0.012991
2013-12-23,0.000000,0.004963,0.011977,0.006362,0.014548
2013-12-24,0.000000,0.003682,-0.012045,0.004981,0.018436
2013-12-27,0.000000,0.002086,-0.000934,0.004014,0.005351
2013-12-30,0.000000,0.000446,-0.007992,0.004569,-0.009980
2013-12-31,0.000000,0.004101,0.011056,0.002085,0.016801
2014-01-03,0.000000,0.001298,0.011709,0.000769,0.003350
2014-01-06,0.000000,-0.002595,-0.005535,-0.003841,-0.011352
2014-01-07,0.000000,0.005577,0.000928,0.001542,-0.008105
2014-01-08,0.000000,-0.000622,-0.002106,0.000770,0.019067
2014-01-09,0.000000,0.000468,0.009837,-0.002116,-0.010023
2014-01-10,0.000000,0.004396,-0.001672,0.005204,-0.034762
2014-01-13,0.022124,-0.011086,-0.014447,-0.007287,-0.011538
2014-01-14,0.000000,0.008476,0.001402,0.008692,0.014857
2014-01-15,0.025974,0.004091,-0.002206,0.010915,0.005228
2014-01-16,0.003375,-0.000882,0.001658,0.003031,-0.014216
2014-01-17,-0.016821,-0.003158,0.002165,-0.005288,-0.005628
2014-01-22,0.000000,0.000278,0.007392,0.001137,0.012389
2014-01-23,-0.011474,-0.009596,0.005005,-0.006812,-0.030420
2014-01-24,0.013393,-0.022879,0.008989,-0.024195,-0.013704
2014-01-27,0.000000,-0.005291,0.000962,0.001171,0.011335
2014-01-28,0.000000,0.008565,0.010530,0.004095,-0.007231
2014-01-29,0.000000,-0.010323,0.002067,-0.002524,-0.025856
2014-01-30,0.040529,0.008609,0.003714,0.001557,0.006729
2014-01-31,-0.010161,-0.008065,-0.009702,-0.007582,-0.009283
2014-02-03,-0.009410,-0.022680,0.005605,-0.029775,-0.032609
2014-02-04,-0.006909,0.007739,0.006151,0.005249,0.016660
2014-02-05,0.000000,-0.000809,-0.012637,0.001606,0.016387
2014-02-06,0.000000,0.013374,-0.004530,0.024464,0.013123
2014-02-07,0.000000,0.011581,-0.006679,0.008613,-0.009993
2014-02-10,0.000000,-0.000491,-0.001807,0.002911,0.001122
2014-02-11,0.000000,0.011937,0.013051,0.011416,0.015310
2014-02-12,-0.019130,0.000334,-0.001995,0.005357,0.016182
2014-02-13,0.000000,0.005387,0.006496,0.004187,-0.009772
2014-02-14,0.000000,0.005274,-0.010757,0.005306,0.003655
2014-02-19,0.000000,-0.006287,0.001805,-0.001317,0.008484
2014-02-20,0.000000,0.006110,0.001215,0.004898,0.007315
2014-02-21,0.000000,-0.000968,-0.008121,0.001125,-0.007262
2014-02-24,0.000000,0.006075,-0.012238,0.002809,0.005852
2014-02-25,0.000000,-0.001518,-0.001837,-0.009150,-0.017818
2014-02-26,0.002659,-0.000369,0.001070,0.001696,-0.010366
2014-02-27,0.000000,0.004623,0.003934,0.003387,-0.011598
2014-02-28,0.000000,0.002698,-0.012351,0.005625,0.006056
2014-03-03,0.000000,-0.009215,0.006210,-0.014730,-0.019187
2014-03-04,0.000000,0.015507,0.003300,0.016086,0.032221
2014-03-05,0.000000,-0.000680,-0.001410,0.002235,0.002601
2014-03-06,0.000000,0.004071,-0.008769,0.008548,0.014455
2014-03-07,0.000000,-0.001293,0.001165,-0.014925,0.019364
2014-03-10,-0.050398,-0.002451,0.006724,-0.009914,-0.002151
2014-03-11,0.000000,-0.005771,0.003254,-0.006424,-0.006465
2014-03-12,0.000000,-0.000638,0.006914,-0.009317,-0.014461
2014-03-13,0.000000,-0.011637,-0.003009,-0.009021,-0.026779
2014-03-14,0.000000,-0.001229,0.003741,-0.007360,-0.003016
2014-03-17,0.000000,0.008939,-0.008725,0.001756,0.020416
2014-03-18,0.000000,0.006209,0.002393,0.002727,-0.006669
2014-03-19,0.000000,-0.007848,-0.007118,-0.006799,0.033943
2014-03-20,0.000000,0.003976,0.006525,-0.001565,0.001082
2014-03-21,0.000000,-0.000815,-0.009085,-0.004701,-0.009009
2014-03-24,0.070763,-0.002902,-0.001506,-0.002361,-0.006182
2014-03-25,0.000000,0.005308,-0.000517,0.010456,0.000732
2014-03-26,-0.073913,-0.005539,-0.004097,-0.006834,-0.012431
2014-03-27,0.000000,0.001359,-0.007016,-0.003145,-0.010737
2014-03-28,0.000000,0.005922,-0.016006,0.009269,0.014970
2014-03-31,0.000000,0.008903,-0.000044,0.012114,0.004056
2014-04-01,0.000000,0.005371,0.005851,0.001351,0.013221
2014-04-02,0.000000,0.003076,-0.004847,0.006748,0.015948
2014-04-03,0.000000,-0.001732,0.002967,-0.001149,-0.004638
2014-04-04,0.000000,-0.007683,0.005077,-0.004026,-0.022939
2014-04-07,0.000000,-0.010424,-0.020075,-0.009240,-0.011372
2014-04-08,0.061033,0.004284,-0.007396,-0.005440,-0.005195
2014-04-09,-0.076991,0.009848,-0.006955,0.002931,0.001119
2014-04-10,0.000000,-0.017824,-0.008004,-0.021621,-0.020864
2014-04-11,0.000000,-0.008283,0.010361,-0.016126,-0.003425
2014-04-14,0.000000,0.007633,0.004537,0.000000,0.007636
2014-04-15,0.000000,0.004108,-0.000723,-0.007082,-0.004168
2014-04-16,0.000000,0.009980,0.009628,0.016303,0.003425
2014-04-17,0.000000,0.002574,0.002059,0.007219,0.031854
2014-04-22,0.000000,0.003757,0.000000,0.000397,0.001838
2014-04-23,0.000000,-0.001616,0.003949,0.001787,-0.014673
2014-04-24,0.008629,-0.000565,-0.008538,-0.002576,0.000745
2014-04-25,-0.064639,-0.006704,-0.004013,-0.001192,-0.008185
2014-04-28,0.016260,0.002048,0.013490,-0.000994,0.004126
2014-04-29,-0.029000,0.005427,-0.008263,0.002390,0.006724
2014-04-30,0.000000,0.004112,0.005810,0.004370,-0.017440
2014-05-01,0.000000,0.000204,-0.002329,0.002373,-0.015861
2014-05-02,0.000000,0.000061,0.001212,0.005525,-0.005756
2014-05-05,0.000000,0.000014,-0.007038,0.003336,0.007719
2014-05-06,0.000000,-0.005782,0.012325,-0.001955,-0.006128
2014-05-07,0.000000,0.005503,-0.006823,0.005487,-0.001927
2014-05-08,0.000000,-0.001523,-0.005837,0.002144,0.004633
2014-05-09,0.000000,-0.000373,-0.000452,-0.000194,0.008071
2014-05-12,0.072297,0.009127,-0.002485,0.011476,0.012581
2014-05-13,0.000000,-0.000060,0.001087,0.000000,-0.014307
2014-05-14,0.039186,-0.004367,0.000769,-0.007115,-0.028648
2014-05-15,0.000000,-0.008235,-0.005381,-0.010265,-0.016123
2014-05-16,0.000924,0.003294,0.007228,-0.000391,0.006395
2014-05-19,0.000000,0.001458,-0.002392,0.007243,0.007149
2014-05-20,-0.049861,-0.007222,-0.003348,-0.012050,-0.010647
2014-05-21,0.015549,0.007446,0.004494,0.004131,0.011160
2014-05-22,0.000000,0.002267,-0.003480,0.002939,0.007095
2014-05-23,0.000000,0.003509,0.002585,0.011721,-0.007436
2014-05-28,0.000000,-0.001669,0.005268,-0.001723,-0.031771
2014-05-29,0.000000,0.004614,-0.002329,0.003068,0.003692
2014-05-30,0.000000,0.000391,-0.001796,-0.001912,0.004087
2014-06-02,0.002786,0.001460,0.005936,0.001341,0.031339
2014-06-03,0.000000,-0.000156,0.016541,-0.000383,0.023283
2014-06-04,0.000000,0.000599,0.001231,0.001531,0.005014
2014-06-05,0.000000,0.006580,-0.000527,0.007451,-0.008442
2014-06-06,0.000000,0.005211,-0.008394,0.006258,0.005031
2014-06-09,0.000000,0.001321,-0.005983,0.006596,0.006161
2014-06-10,0.000000,-0.000405,-0.007401,-0.007115,0.008419
2014-06-11,0.000000,-0.003803,-0.003189,-0.007354,0.001898
2014-06-12,0.040741,-0.004383,0.005092,-0.005889,-0.020455
2014-06-13,0.000000,0.002881,-0.001524,-0.000382,0.006961
2014-06-16,0.000000,0.000645,-0.003323,0.009176,-0.002688
2014-06-17,0.000000,0.002098,0.004595,-0.004736,0.022333
2014-06-18,0.000000,0.008224,0.013006,0.004568,-0.015819
2014-06-19,0.027580,0.002509,-0.017310,0.003031,0.003444
2014-06-20,0.026840,0.001366,-0.000090,0.003589,0.000763
2014-06-23,0.000000,-0.000365,0.003289,0.002447,-0.000381
2014-06-24,0.000000,-0.008362,-0.006197,-0.004467,-0.014106
2014-06-25,-0.037943,0.003743,0.003886,-0.000573,-0.010441
2014-06-26,0.000877,-0.001224,-0.007562,0.003439,-0.013286
2014-06-27,0.000000,0.002281,-0.004944,0.001904,0.002772
2014-06-30,0.000000,0.000455,-0.000957,0.003990,-0.006319
2014-07-01,-0.007881,0.006120,0.009079,0.001136,0.018680
2014-07-02,0.007943,0.000338,-0.006149,-0.004348,0.025361
2014-07-03,0.007881,0.004921,0.011009,0.006835,0.007610
2014-07-08,0.018940,-0.006583,0.005747,-0.007998,-0.019870
2014-07-09,0.011255,0.003862,-0.005894,0.008063,-0.007018
2014-07-10,0.000000,-0.005830,-0.000905,-0.011236,-0.005889
2014-07-11,0.000000,-0.000456,0.005074,0.000193,-0.004739
2014-07-14,0.000000,0.005040,-0.000496,0.005584,0.011508
2014-07-15,0.000000,-0.002351,-0.004600,-0.002681,0.000000
2014-07-16,0.000000,0.004764,0.003851,0.009984,-0.004315
2014-07-17,0.000000,-0.011566,0.002211,-0.014829,-0.024823
2014-07-18,0.000000,0.008767,0.015626,0.006947,0.003636
2014-07-21,-0.067453,-0.002571,-0.014676,-0.006133,-0.004026
2014-07-22,0.000000,0.005345,-0.001845,-0.002314,-0.003234
2014-07-23,0.000000,0.000695,-0.004463,0.002899,-0.000811
2014-07-24,0.052441,0.001330,0.003441,0.006552,0.018263
2014-07-25,0.000000,-0.004779,-0.000271,-0.003064,-0.015943
2014-07-28,-0.012028,0.000130,0.003070,0.003265,0.008910
2014-07-29,0.000000,-0.004600,-0.001260,-0.010145,-0.011642
2014-07-30,0.000000,-0.000632,0.003470,-0.003868,0.037368
2014-07-31,0.000000,-0.018606,0.007499,-0.021743,0.000783
2014-08-01,-0.013043,-0.003194,0.007398,-0.004961,-0.019953
2014-08-04,0.000000,0.006969,-0.003539,0.008975,-0.005589
2014-08-05,0.000000,-0.010157,0.000755,-0.017197,-0.003212
2014-08-06,0.000000,-0.000366,0.009894,0.000603,-0.003625
2014-08-07,0.000000,-0.006536,-0.002460,-0.008643,-0.020210
2014-08-08,0.000000,0.010139,0.010305,0.008516,-0.003713
2014-08-11,0.000000,0.002964,-0.006582,0.008042,0.002070
2014-08-12,0.032599,-0.001586,-0.002896,-0.002593,0.009091
2014-08-13,0.000000,0.004708,0.001100,0.001400,-0.011875
2014-08-14,0.000000,0.004318,0.001583,0.008986,-0.005387
2014-08-15,0.000000,-0.000610,-0.006408,-0.004354,-0.022917
2014-08-18,0.000000,0.008380,-0.008083,0.008746,0.017910
2014-08-19,0.021331,0.003964,0.004275,0.014778,0.007541
2014-08-20,0.000000,0.001813,-0.005188,-0.004854,0.008732
2014-08-21,0.000000,0.003046,0.006151,0.008000,-0.007832
2014-08-22,0.000000,-0.003232,0.004209,-0.003871,-0.001662
2014-08-25,0.033835,0.005301,0.002691,-0.000194,-0.006658
2014-08-26,-0.064242,0.001818,0.004400,0.002915,0.001676
2014-08-27,0.000000,0.001136,-0.010644,0.006395,-0.012547
2014-08-28,0.000000,-0.002554,-0.006641,-0.005199,-0.011436
2014-08-29,0.000000,0.003323,-0.002853,0.002517,0.003856
2014-09-03,0.000000,0.002304,-0.001471,0.005194,-0.003720
2014-09-04,0.088348,-0.002996,-0.002590,0.004785,0.015768
2014-09-05,0.000000,0.003899,0.002372,0.002857,0.005310
2014-09-08,0.000000,-0.005962,-0.000670,-0.007977,0.003251
2014-09-09,0.000000,-0.005613,0.012155,-0.004404,0.012556
2014-09-10,0.000000,0.002430,0.008035,-0.005192,0.013600
2014-09-11,0.000000,0.000345,0.000876,0.002900,-0.001184
2014-09-12,0.000000,-0.005886,0.004245,-0.007903,0.032793
2014-09-15,0.000000,-0.000191,-0.010022,-0.001360,-0.008799
2014-09-16,-0.008235,0.006493,0.029755,0.004280,-0.000772
2014-09-17,-0.034401,-0.000583,-0.002479,-0.006199,0.004249
2014-09-18,0.000000,0.004585,0.009256,0.001364,0.011154
2014-09-19,0.000000,-0.003129,0.003354,-0.004283,-0.015976
2014-09-22,0.000000,-0.008820,0.000762,-0.017400,-0.008117
2014-09-23,0.000000,-0.007089,0.012981,-0.009948,-0.012081
2014-09-24,-0.012285,0.006489,0.005844,0.005828,0.013412
2014-09-25,0.000000,-0.015010,-0.012574,-0.013586,-0.022577
2014-09-26,0.000000,0.007151,0.019249,0.005469,0.009558
2014-09-29,0.000000,-0.004614,-0.002227,0.000403,-0.017357
2014-09-30,0.000000,-0.004291,0.009794,-0.007249,0.006825
2014-10-01,0.000000,-0.012275,-0.003110,-0.007099,-0.041866
2014-10-02,0.000000,-0.001498,0.018802,-0.005720,0.014565
2014-10-03,0.000000,0.007558,0.004191,0.007808,0.003692
2014-10-06,-0.004478,0.001130,-0.014927,0.008766,-0.008991
2014-10-07,0.000000,-0.015305,-0.012058,-0.012732,-0.030928
2014-10-08,0.000000,0.015367,-0.013235,0.010849,-0.008511
2014-10-09,0.000000,-0.022196,-0.008023,-0.021668,-0.001288
2014-10-10,-0.025987,-0.011167,0.008804,-0.013248,-0.008595
2014-10-13,0.000000,-0.012280,-0.003716,-0.000419,-0.009103
2014-10-14,-0.025141,0.001886,0.001886,0.002518,-0.034996
2014-10-15,0.000000,-0.007483,0.002343,-0.000209,-0.052584
2014-10-16,0.000000,0.001389,0.023496,0.000209,0.030144
2014-10-17,0.032895,0.012526,0.005505,0.018631,0.021365
2014-10-20,-0.050955,0.007492,-0.014275,0.011509,-0.008185
2014-10-21,0.000000,0.016794,0.012959,0.019504,0.012380
2014-10-22,0.000000,-0.009044,0.006417,-0.011360,0.009511
2014-10-23,0.037584,0.010905,0.002542,0.016327,0.020637
2014-10-24,0.034929,0.006021,0.004589,0.000198,-0.000879
2014-10-27,0.000000,-0.003610,-0.010738,-0.008725,-0.007039
2014-10-28,0.000000,0.012657,0.020535,0.021204,0.011963
2014-10-29,0.000000,-0.002924,-0.024369,-0.009598,0.017075
2014-10-30,0.040000,0.006155,-0.000163,0.015625,-0.007749
2014-10-31,-0.021634,0.012398,-0.022866,0.012658,0.013015
2014-11-03,0.000000,-0.003350,0.004955,0.004231,0.005567
2014-11-04,0.000000,-0.004681,0.032650,-0.001915,-0.002555
2014-11-05,0.000000,0.006135,0.000642,0.002494,0.003416
2014-11-06,0.000000,0.001799,0.002967,-0.003445,0.010638
2014-11-07,0.000000,0.001940,0.026106,0.004225,-0.026526
2014-11-10,0.006142,0.002575,-0.006896,-0.008988,0.020329
2014-11-11,0.000000,0.001374,0.000196,-0.003088,0.000424
2014-11-12,0.034188,-0.002154,0.001961,-0.005226,-0.000424
2014-11-13,-0.024793,-0.001388,0.003406,-0.000778,-0.005087
2014-11-14,0.000000,0.001077,0.008895,-0.001558,-0.011504
2014-11-17,0.000000,0.000241,0.004215,-0.003511,0.008621
2014-11-18,0.013317,0.005371,0.003042,0.008808,-0.007692
2014-11-19,0.000000,-0.001300,-0.009828,-0.003686,0.012489
2014-11-20,0.000000,0.000960,-0.003955,-0.001753,-0.006806
2014-11-21,0.000000,0.008024,0.000311,0.010144,-0.008565
2014-11-24,0.000000,0.001422,-0.022454,0.005022,-0.002160
2014-11-25,0.000000,-0.001091,0.012142,0.004804,-0.021645
2014-11-26,-0.014337,0.001681,-0.006057,-0.003634,-0.011504
2014-12-01,0.000000,-0.006102,0.001702,-0.004807,0.010939
2014-12-02,0.000000,0.004735,0.010073,0.005217,0.030207
2014-12-03,0.004848,0.004313,0.003090,0.007880,0.000875
2014-12-04,0.000000,-0.003185,-0.006160,0.003242,-0.013118
2014-12-05,0.000000,0.001640,0.015378,0.006843,0.022153
2014-12-08,0.000000,-0.009728,-0.000850,-0.007929,-0.021673
2014-12-09,0.000000,-0.003897,0.004060,-0.000190,-0.016393
2014-12-10,-0.003619,-0.014690,-0.002734,-0.009897,-0.022973
2014-12-11,0.000000,0.002617,0.009114,0.004806,0.004149
2014-12-12,0.000000,-0.017739,0.012858,-0.014731,-0.034435
2014-12-15,0.000000,-0.008507,0.001096,-0.009321,0.006182
2014-12-16,0.000000,-0.002032,0.016040,-0.001764,-0.021266
2014-12-17,0.000000,0.020548,0.016010,0.010407,0.037180
2014-12-18,0.000000,0.021513,-0.008482,0.020404,0.026071
2014-12-19,0.000000,0.005412,-0.019432,0.007675,-0.012704
2014-12-22,-0.018160,0.002732,-0.001053,0.005318,-0.006434
2014-12-23,-0.016030,0.002909,0.002221,0.008313,0.043941
2014-12-24,0.000000,0.000306,0.010817,0.003373,0.003101
2014-12-29,0.000000,0.000238,-0.000928,0.000747,-0.019111
2014-12-30,0.000000,-0.005007,0.002451,-0.004851,-0.007703
2014-12-31,0.000000,-0.008575,-0.016745,-0.007499,-0.009132
2015-01-05,0.000000,-0.020611,0.014322,-0.016616,-0.039567
2015-01-06,0.000000,-0.008749,0.004422,-0.006528,-0.037273
2015-01-07,0.000000,0.010676,-0.002405,0.003479,-0.004585
2015-01-08,0.000000,0.016318,-0.005859,0.015023,0.031730
2015-01-09,0.000000,-0.008252,-0.007871,0.000000,-0.022321
2015-01-12,0.000000,-0.006598,-0.012520,-0.001518,-0.029934
2015-01-13,0.000000,-0.001671,0.016677,0.001140,-0.011506
2015-01-14,0.000000,-0.005417,-0.011460,0.000380,-0.028042
2015-01-15,0.000000,-0.004810,-0.010418,-0.010436,-0.033751
2015-01-16,0.005013,0.013859,0.010183,0.007670,0.022535
2015-01-21,0.007792,0.005796,-0.014010,0.011683,0.025457
2015-01-22,0.000000,0.012961,-0.005324,0.018554,0.023206
2015-01-23,0.000000,-0.006540,-0.010165,-0.011710,-0.041667
2015-01-26,0.000000,0.005452,0.002762,0.023509,0.006054
2015-01-27,0.000000,-0.006022,0.000815,-0.009371,-0.001641
2015-01-28,0.020619,-0.016506,-0.004109,-0.004081,-0.055343
2015-01-29,0.008838,0.008277,0.001479,0.011548,0.015661
2015-01-30,0.000000,-0.014442,0.010532,-0.002762,-0.043404
2015-02-02,0.000000,0.012509,0.030229,0.000739,-0.001194
2015-02-03,0.000000,0.016719,0.016724,0.012546,0.063957
2015-02-04,0.000000,-0.006672,-0.011933,-0.006924,0.009551
2015-02-05,0.000000,0.011231,0.017539,0.011009,0.010017
2015-02-06,0.000000,-0.004456,0.001205,-0.007985,0.067769
2015-02-09,0.000000,-0.001929,0.013860,0.001464,0.005160
2015-02-10,0.000000,0.008179,-0.004785,0.010778,0.022074
2015-02-11,0.000000,-0.002390,0.023425,0.000181,-0.001507
2015-02-12,0.000000,0.009758,0.012151,0.022768,-0.001006
2015-02-13,0.073842,0.004309,-0.016926,0.000707,0.017623
2015-02-18,0.027381,0.000870,-0.000106,0.004466,-0.036830
2015-02-19,0.000000,-0.002335,0.002937,-0.005158,0.022749
2015-02-20,0.000000,0.006379,0.010339,0.006615,0.009465
2015-02-23,0.000000,-0.003069,0.000279,-0.003730,-0.034693
2015-02-24,0.000000,0.004292,0.003701,0.004457,-0.034483
2015-02-25,0.000000,-0.000376,-0.006157,0.000887,-0.009557
2015-02-26,0.000000,-0.003223,0.004130,-0.005320,0.023870
2015-02-27,0.000000,-0.001742,0.012619,-0.004457,-0.006944
2015-03-02,0.000000,0.003618,-0.023477,0.001791,0.040959
2015-03-03,0.000000,-0.004648,0.019705,-0.006435,0.018234
2015-03-04,0.030127,-0.004211,0.012169,-0.006477,0.000471
2015-03-05,-0.050619,0.000871,0.014857,0.002173,-0.005181
2015-03-06,0.000000,-0.015624,0.009659,-0.017889,0.060606
2015-03-09,0.000000,0.002255,0.018966,0.003128,-0.020089
2015-03-10,0.000000,-0.017320,0.021492,-0.021460,-0.031435
2015-03-11,0.000000,0.000033,-0.006757,0.005249,-0.007996
2015-03-12,0.000000,0.013308,0.008157,0.007458,-0.006164
2015-03-13,0.000000,-0.006455,0.011577,-0.006478,0.007634
2015-03-16,0.000000,0.012107,0.025892,0.011550,-0.006629
2015-03-17,0.000000,-0.001723,-0.000678,-0.000921,-0.019066
2015-03-18,0.000000,0.014480,0.001049,0.011613,-0.051992
2015-03-19,0.000000,-0.008018,-0.008656,-0.010386,0.013327
2015-03-20,0.000000,0.012731,0.022467,0.013073,-0.023773
2015-03-23,0.000000,0.000032,-0.019998,-0.001091,-0.007772
2015-03-24,0.053318,-0.004619,-0.029864,0.003821,-0.019321
2015-03-25,0.000000,-0.011093,0.002525,-0.007975,0.022364
2015-03-26,0.013498,-0.002969,0.019482,-0.004020,0.045313
2015-03-27,0.000000,0.000919,-0.005567,0.002018,-0.029397
2015-03-30,0.000000,0.010485,0.019406,0.007872,0.007700
2015-03-31,0.019978,-0.008187,-0.004690,-0.007811,-0.014773
2015-04-01,0.000000,-0.000695,-0.011624,-0.001465,-0.034126
2015-04-02,0.000000,0.005651,-0.007590,-0.002017,0.019272
2015-04-07,0.019586,-0.001802,0.000000,-0.003289,-0.005777
2015-04-08,0.000000,0.001793,0.001121,0.006050,0.001057
2015-04-09,0.000000,0.002937,-0.025279,0.001094,0.033245
2015-04-10,0.012807,0.004274,0.003020,0.003095,-0.003575
2015-04-13,0.043203,-0.005032,0.005400,-0.000363,-0.006151
2015-04-14,0.000000,0.004641,0.015431,0.005265,-0.018051
2015-04-15,0.000000,0.005671,-0.017504,-0.000722,-0.002101
2015-04-16,-0.026263,-0.000117,-0.012628,0.002349,-0.011579
2015-04-17,0.026971,-0.009964,-0.002412,-0.010638,-0.014909
2015-04-20,0.000000,0.005256,0.005996,0.000364,0.024324
2015-04-21,0.000000,-0.001456,-0.002404,-0.010384,0.011082
2015-04-22,0.010101,0.003970,-0.001122,0.000000,0.029228
2015-04-23,-0.012000,0.004220,-0.006874,-0.000552,-0.012677
2015-04-24,0.023279,0.000129,-0.012212,0.015104,-0.015408
2015-04-27,-0.030663,-0.002289,-0.006805,-0.005625,0.003652
2015-04-28,-0.024490,0.003203,-0.011939,-0.001642,0.025468
2015-04-29,0.000000,-0.004371,0.007449,-0.006215,0.031424
2015-04-30,0.079498,-0.009357,0.006099,-0.007541,0.005405
2015-05-01,-0.042636,0.008201,0.019779,0.007042,0.034702
2015-05-04,0.048583,0.002955,0.000000,0.001472,0.008503
2015-05-05,0.000000,-0.011093,0.023878,-0.018743,0.019204
2015-05-06,-0.060811,-0.003018,-0.009698,0.001686,0.029412
2015-05-07,0.000000,0.001853,-0.007992,0.004487,-0.025000
2015-05-08,0.087359,0.014507,-0.002443,0.014517,-0.015568
2015-05-11,-0.026465,-0.004980,-0.016582,-0.003302,0.057674
2015-05-12,0.000000,-0.002475,0.028675,-0.005154,-0.006157
2015-05-13,0.000000,0.000345,-0.012727,0.005550,0.009735
2015-05-14,0.000000,0.008125,0.006297,0.015087,-0.018843
2015-05-15,-0.004855,0.001876,-0.015347,-0.002356,-0.043770
2015-05-18,0.049756,-0.000041,0.000502,0.000182,0.040635
2015-05-19,-0.008364,-0.001313,0.004814,0.006358,0.015260
2015-05-20,0.000000,-0.000260,0.008583,0.005957,-0.004863
2015-05-21,-0.058107,0.002624,-0.009863,-0.004127,-0.029320
2015-05-22,0.000000,-0.003734,0.011660,0.000361,0.013730
2015-05-27,0.052792,0.007052,0.017716,0.006371,-0.000936
2015-05-28,0.000000,-0.000952,-0.003208,-0.003436,-0.002342
2015-05-29,0.032787,-0.006866,0.006533,-0.013430,-0.016432
2015-06-01,-0.014006,0.000487,0.005509,-0.001839,0.046301
2015-06-02,0.000000,0.001737,-0.001984,0.001290,0.033759
2015-06-03,0.000000,0.002441,-0.012904,-0.002393,0.044131
2015-06-04,-0.034091,-0.009682,0.001470,-0.007196,-0.024937
2015-06-05,0.000000,-0.001914,0.002234,0.000000,0.041179
2015-06-08,0.000000,-0.005602,-0.000191,-0.006690,-0.008743
2015-06-09,0.000000,-0.000200,-0.009460,-0.000935,0.015120
2015-06-10,0.000000,0.013041,-0.004630,0.015356,0.025238
2015-06-11,0.000000,0.002036,0.005976,0.002029,-0.038337
2015-06-12,0.000000,-0.006372,-0.008638,-0.007547,0.000839
2015-06-15,0.000000,-0.005483,0.009621,-0.005193,-0.011321
2015-06-16,0.000000,0.004395,0.002150,0.006711,-0.016964
2015-06-17,0.000000,0.001455,-0.011718,0.002222,-0.005177
2015-06-18,0.000000,0.007882,-0.011824,0.007206,0.019514
2015-06-19,0.000000,-0.005541,0.002426,-0.003302,-0.035730
2015-06-22,0.000000,0.008212,0.011577,0.002024,0.041023
2015-06-23,0.000000,0.001775,-0.002845,-0.002939,0.020763
2015-06-24,0.000000,-0.007464,-0.003437,-0.005544,-0.015774
2015-06-25,0.000000,-0.002748,0.006864,0.001497,0.009279
2015-06-26,0.000000,0.000415,0.009532,0.002802,0.034685
2015-06-29,0.000000,-0.022642,0.000416,-0.019560,-0.058562
2015-06-30,0.000000,0.001378,-0.003423,-0.001710,0.001716
2015-07-01,0.000000,0.004978,-0.002247,0.003807,0.035546
2015-07-02,0.000000,0.000537,0.012066,0.000379,-0.010339
2015-07-07,0.000000,0.004326,0.001885,0.000766,-0.020632
2015-07-08,0.000000,-0.017778,0.013907,-0.016252,-0.011206
2015-07-09,0.000000,0.004955,0.016673,-0.006025,0.043064
2015-07-10,0.000000,0.015381,-0.003280,0.020141,0.050413
2015-07-13,0.000000,0.008378,-0.020335,0.013610,0.005379
2015-07-14,-0.058823,0.004423,-0.007732,0.000378,-0.012757
2015-07-15,-0.007292,-0.003132,0.001693,-0.000756,-0.020425
2015-07-16,0.016789,0.006026,-0.000287,0.004730,0.000851
2015-07-17,-0.111455,-0.003420,0.004784,-0.010544,-0.001276
2015-07-20,0.000000,-0.001609,0.010982,0.000190,0.009791
2015-07-21,0.000000,-0.004603,0.002920,-0.014269,-0.013491
2015-07-22,0.000000,-0.001753,-0.007075,-0.005983,-0.007692
2015-07-23,0.000000,-0.005425,0.015101,-0.007573,-0.019380
2015-07-24,0.000000,-0.010957,0.020001,-0.013891,-0.002635
2015-07-27,0.000000,-0.006094,0.021862,-0.003770,-0.018934
2015-07-28,0.000000,0.012534,0.001698,0.007369,0.009874
2015-07-29,0.000000,0.008687,-0.002142,0.006129,0.012889
2015-07-30,0.000000,-0.000198,-0.009122,-0.002161,-0.004827
2015-07-31,0.000000,0.000049,0.014110,0.004923,-0.027778
2015-08-03,0.128920,-0.003769,0.014418,-0.003723,-0.024943
2015-08-04,0.000000,-0.001527,0.008598,0.002950,0.028372
2015-08-05,0.028807,0.002139,0.005074,0.003138,0.025780
2015-08-06,0.000000,-0.004463,0.005049,-0.012708,-0.014991
2015-08-07,0.000000,-0.003360,0.013721,0.007129,-0.026410
2015-08-10,0.000000,0.013277,0.000000,0.009438,0.028966
2015-08-11,0.000000,-0.009532,-0.027155,-0.011881,-0.045130
2015-08-12,-0.069000,-0.002095,0.010274,0.000788,-0.003276
2015-08-13,0.000000,-0.003168,0.001181,0.000788,0.027699
2015-08-14,0.037594,0.003437,0.012719,0.009644,0.003198
2015-08-17,0.000000,0.003369,-0.011764,0.001364,-0.020947
2015-08-18,0.000000,-0.002382,-0.000374,0.003504,0.021395
2015-08-19,-0.006211,-0.009801,-0.003365,-0.009311,-0.030510
2015-08-20,0.000000,-0.019769,0.006753,-0.015077,-0.021137
2015-08-21,0.000000,-0.026734,-0.008744,-0.034593,-0.014395
2015-08-24,0.000000,-0.039796,0.011626,-0.029654,-0.027751
2015-08-25,0.000000,-0.009964,0.014322,-0.013158,0.068102
2015-08-26,0.000000,0.029640,0.017869,0.008817,0.018284
2015-08-27,0.000000,0.025135,-0.004818,0.017054,-0.001842
2015-08-28,0.000000,0.001129,-0.012214,0.010690,0.008303
2015-08-31,0.000000,-0.006401,0.008028,-0.004355,0.006404
2015-09-01,0.000000,-0.029660,0.011317,-0.021662,-0.012727
2015-09-02,0.000000,0.014045,0.020253,0.001277,0.009669
2015-09-03,0.041667,0.003588,0.016628,0.016373,-0.011400
2015-09-04,0.000000,-0.017656,-0.005035,-0.014644,-0.018450
2015-09-09,0.000000,-0.011946,-0.004980,-0.015843,-0.005925
2015-09-10,0.000000,0.003051,-0.009749,0.006778,0.018799
2015-09-11,-0.003988,0.002079,0.018366,0.005891,-0.017552
2015-09-14,0.000000,-0.005142,0.005223,-0.006484,-0.001374
2015-09-15,-0.009009,0.011741,-0.014865,-0.001053,0.046330
2015-09-16,0.000000,0.012948,0.012859,0.009484,0.009645
2015-09-17,-0.031313,-0.002069,-0.008058,-0.003967,-0.037343
2015-09-18,0.000000,-0.018006,0.016403,-0.016768,-0.039242
2015-09-21,0.000000,0.003436,0.012232,0.001492,0.039437
2015-09-22,0.000000,-0.015246,0.010764,-0.023840,-0.040199
2015-09-23,0.000000,-0.004509,0.016652,-0.002617,0.008941
2015-09-24,0.000000,-0.003049,0.031475,-0.009182,-0.011194
2015-09-25,0.000000,0.001977,-0.057987,0.004854,0.022642
2015-09-28,0.000000,-0.025954,0.008797,-0.024814,-0.033672
2015-09-29,0.000000,0.002151,0.034303,-0.006305,-0.019570
2015-09-30,-0.009385,0.018460,-0.012014,0.008611,0.002921
2015-10-01,0.000000,0.002169,-0.026810,0.000899,-0.008738
2015-10-02,0.000000,0.015539,0.013458,0.014591,-0.025955
2015-10-05,0.000000,0.019489,-0.017830,0.024779,0.033685
2015-10-06,-0.005263,-0.001136,-0.004481,0.002375,-0.010214
2015-10-07,-0.019048,0.010057,-0.015576,0.023476,0.013268
2015-10-08,0.000000,0.009994,0.008132,0.007997,0.022308
2015-10-09,-0.038835,0.000021,-0.025359,0.018580,-0.004269
2015-10-12,0.000000,-0.000460,-0.006029,-0.002460,-0.004288
2015-10-13,0.065095,-0.009033,0.000372,-0.004109,-0.016746
2015-10-14,-0.002108,-0.003242,0.034118,-0.003920,-0.036010
2015-10-15,0.000000,0.014526,-0.021009,0.012428,0.021201
2015-10-16,0.000000,0.004205,-0.003835,0.004296,0.000000
2015-10-19,0.000000,-0.002908,0.033804,-0.012223,0.002472
2015-10-20,0.000000,-0.000787,-0.008391,-0.001856,0.021203
2015-10-21,0.000000,-0.007414,0.003730,-0.003513,-0.019797
2015-10-22,0.000000,0.013816,0.008815,0.014307,-0.002463
2015-10-23,-0.034847,0.005520,-0.008738,0.001635,0.028642
2015-10-26,-0.015317,-0.003987,-0.006842,-0.001837,-0.012002
2015-10-27,0.000000,-0.006158,0.007302,-0.009201,-0.014577
2015-10-28,0.000000,0.013271,-0.005251,0.006397,0.031558
2015-10-29,0.000000,-0.003800,0.003554,0.000820,0.038719
2015-10-30,-0.035555,-0.003543,-0.013471,-0.000819,-0.010124
2015-11-02,0.000000,0.011367,0.001743,0.023580,0.016736
2015-11-03,0.000000,0.002840,0.004881,0.001202,0.015089
2015-11-04,0.052995,-0.004332,-0.026639,-0.009003,0.004505
2015-11-05,0.000000,-0.001477,0.007565,0.002423,0.006726
2015-11-06,0.000000,-0.003318,-0.004084,-0.002820,0.039198
2015-11-09,0.000000,-0.009338,-0.003651,-0.002020,0.003858
2015-11-10,0.000000,0.001648,0.008709,0.007286,-0.008540
2015-11-11,0.000000,-0.003110,-0.014135,0.003415,0.006891
2015-11-12,0.035011,-0.015765,0.004672,-0.013416,-0.008127
2015-11-13,0.000000,-0.007902,0.001063,0.000000,-0.016818
2015-11-16,0.000000,0.014213,0.019565,0.007713,-0.003070
2015-11-17,0.000000,-0.001324,-0.003906,0.007452,-0.005279
2015-11-18,0.042283,0.013984,-0.004522,0.018193,0.003538
2015-11-19,0.000000,0.000178,-0.010818,0.008639,-0.009255
2015-11-20,0.022313,0.001221,-0.001566,0.005645,0.006228
2015-11-23,0.000000,-0.002182,-0.016378,-0.001936,-0.005305
2015-11-24,0.000000,0.002716,0.007920,0.003103,-0.003111
2015-11-25,0.000000,0.000061,-0.008769,0.000387,-0.004904
2015-11-30,-0.046627,-0.003918,0.027552,-0.002686,-0.003146
2015-12-01,0.000000,0.010567,0.006560,-0.001923,-0.028404
2015-12-02,0.000000,-0.012395,-0.004138,-0.013493,0.010673
2015-12-03,0.000000,-0.012688,-0.004753,-0.004103,0.069789
2015-12-04,0.000000,0.014768,-0.019936,0.008044,-0.023605
2015-12-07,0.011446,-0.010023,-0.001305,-0.009926,-0.021978
2015-12-08,0.000000,-0.010302,0.002266,-0.018872,0.005843
2015-12-09,0.000000,-0.003530,0.014630,-0.008616,-0.013405
2015-12-10,0.000000,0.000952,-0.018823,0.001011,0.014040
2015-12-11,0.000000,-0.019209,0.017394,-0.025439,-0.044663
2015-12-14,-0.077160,0.001013,0.001287,-0.007665,0.040206
2015-12-15,0.000000,0.012435,0.018806,0.007933,0.019326
2015-12-16,0.000000,0.015517,0.005535,0.016570,0.008377
2015-12-17,0.000000,-0.015115,-0.003328,-0.002038,-0.021425
2015-12-18,0.004459,-0.014338,-0.004264,-0.025929,-0.017426
2015-12-21,0.021088,0.005557,0.026340,0.003194,-0.000909
2015-12-22,0.000000,0.008916,0.008295,0.008435,0.019117
2015-12-23,0.000000,0.016206,-0.006531,0.014638,0.011166
2015-12-24,0.000000,-0.001725,-0.011091,0.009481,-0.009276
2015-12-29,-0.003215,0.008730,-0.013587,0.005553,0.036854
2015-12-30,0.000000,-0.007837,0.002335,-0.006340,-0.001734
2015-12-31,0.000000,-0.008059,0.023964,-0.016674,-0.014763
2016-01-05,0.000000,0.002650,0.022334,0.001060,0.001336
2016-01-06,0.000000,-0.015935,-0.002576,-0.024793,-0.031584
2016-01-07,-0.072043,-0.022075,-0.001738,-0.028466,-0.011024
2016-01-08,0.000000,-0.012606,0.005373,-0.018117,-0.010683
2016-01-11,-0.027810,-0.000116,-0.011951,-0.003417,0.013145
2016-01-12,-0.010965,0.005128,0.014324,-0.004800,-0.025950
2016-01-13,0.000000,-0.021123,-0.006222,-0.017915,-0.017127
2016-01-14,-0.035912,0.015182,-0.002758,-0.000936,0.015489
2016-01-15,-0.010000,-0.022794,-0.002043,-0.025047,-0.030982
2016-01-20,-0.085526,-0.015578,0.001505,-0.016691,-0.025061
2016-01-21,0.000000,0.007615,0.010595,0.010087,0.017641
2016-01-22,0.000000,0.021713,0.012703,0.024842,0.014364
2016-01-25,0.000000,-0.017389,-0.015409,-0.037072,-0.012695
2016-01-26,0.000000,0.017934,-0.000391,0.012833,-0.013848
2016-01-27,0.000000,-0.005868,-0.005137,0.000487,0.003511
2016-01-28,0.050360,0.002561,0.009344,-0.001461,-0.007996
2016-01-29,0.104110,0.024996,-0.009233,0.041463,-0.027204
2016-02-01,0.000000,-0.001662,-0.017187,0.000703,0.018125
2016-02-02,-0.131514,-0.021100,-0.009357,-0.025509,-0.051882
2016-02-03,0.000000,0.008650,0.006465,0.006725,0.009120
2016-02-04,0.000000,0.004117,-0.023336,0.008349,-0.009038
2016-02-05,0.000000,-0.015100,-0.001567,-0.021292,-0.008584
2016-02-08,0.000000,-0.016932,0.003165,-0.022963,-0.061147
2016-02-09,0.000000,-0.004717,-0.001770,-0.010638,-0.003458
2016-02-10,0.000000,-0.001205,-0.002595,-0.008502,-0.013881
2016-02-11,0.000000,-0.016001,0.011542,-0.011854,-0.035777
2016-02-12,0.000000,0.022127,0.015587,0.010210,0.063260
2016-02-17,0.000000,0.016734,0.016896,0.025546,0.023060
2016-02-18,0.000000,-0.002864,-0.020086,-0.004595,-0.032985
2016-02-19,0.000000,-0.002001,0.010977,-0.001458,-0.006254
2016-02-22,0.000000,0.013742,-0.002038,0.008273,0.010297
2016-02-23,0.000000,-0.012687,-0.018325,-0.008687,-0.011891
2016-02-24,0.088571,0.001238,0.002714,0.000730,-0.001719
2016-02-25,0.000000,0.012539,0.000228,0.004135,-0.025832
2016-02-26,0.000000,-0.000569,-0.000632,0.006299,0.038303
2016-02-29,0.000000,-0.006264,0.003239,0.010110,-0.012486
2016-03-01,0.000000,0.022121,0.012157,0.025262,0.054023
2016-03-02,0.000000,0.006815,-0.022652,0.006741,0.007634
2016-03-03,-0.027559,0.007154,-0.008338,0.005772,-0.009740
2016-03-04,-0.004048,0.006100,-0.023963,0.011478,0.028962
2016-03-07,-0.031165,0.003790,-0.007192,-0.002724,0.010090
2016-03-08,-0.076923,-0.013759,0.003264,-0.014110,-0.036803
2016-03-09,0.000000,0.005704,-0.007511,0.003001,0.032751
2016-03-10,0.000000,-0.000679,-0.020199,0.004143,0.019556
2016-03-11,0.003030,0.018766,-0.017107,0.025900,0.024883
2016-03-14,0.000000,-0.002961,-0.011704,0.003798,-0.007081
2016-03-15,0.000000,-0.006022,0.023322,-0.005787,-0.002038
2016-03-16,0.000000,0.007047,0.029357,0.020372,-0.010720
2016-03-17,0.000000,0.010534,-0.006831,0.017113,-0.018060
2016-03-18,0.000000,0.003241,-0.031044,-0.000863,-0.016816
2016-03-21,0.000000,-0.000366,0.000138,0.011011,0.027793
2016-03-22,0.000000,-0.002494,-0.002347,0.005338,0.006240
2016-03-23,0.000000,-0.009272,-0.009633,-0.019541,-0.031008
2016-03-24,0.000000,-0.001295,0.028593,-0.001733,0.013333
2016-03-29,0.000000,0.008309,-0.001710,0.019620,-0.029947
2016-03-30,0.000000,0.004567,-0.011503,0.000211,0.008820
2016-03-31,0.000000,-0.002890,-0.010674,-0.009725,-0.024044
2016-04-01,0.000000,0.001233,-0.002670,-0.005551,0.003359
2016-04-04,0.000000,-0.003616,-0.010567,-0.006011,-0.007254
2016-04-05,-0.066465,-0.011973,0.019332,-0.025270,-0.029230
2016-04-06,-0.012945,0.009817,0.015620,0.001994,0.016213
2016-04-07,0.000000,-0.011289,-0.010153,-0.012163,-0.036467
2016-04-08,0.000000,0.007421,0.012705,0.010522,0.017150
2016-04-11,0.000000,-0.000505,-0.026177,0.008418,0.002326
2016-04-12,0.095082,0.012270,-0.027243,0.012742,0.033063
2016-04-13,0.000000,0.011800,-0.001720,0.011497,-0.010668
2016-04-14,0.068862,0.000071,0.003159,0.001072,0.010783
2016-04-15,0.002801,-0.000451,-0.006011,0.003856,-0.016283
2016-04-18,0.029330,0.006698,0.016847,0.006829,0.011986
2016-04-19,-0.014111,0.008861,0.022345,0.009114,0.005640
2016-04-20,0.000000,0.000997,-0.023436,-0.009662,0.039821
2016-04-21,0.000000,-0.006931,-0.000255,-0.003393,0.008630
2016-04-22,0.000000,0.005374,0.000000,0.006172,0.009626
2016-04-25,0.000000,-0.004314,0.010754,-0.012690,0.007415
2016-04-26,0.128544,0.005440,-0.003341,0.027420,0.015247
2016-04-27,0.000000,0.004680,-0.008506,0.007507,-0.036769
2016-04-28,0.000000,-0.008644,0.000369,-0.012624,-0.011828
2016-04-29,0.000000,-0.004153,-0.011870,0.000629,-0.010337
2016-05-02,0.000000,0.005692,-0.013478,0.003351,0.025289
2016-05-03,0.000000,-0.012433,0.018556,-0.024426,-0.034853
2016-05-04,0.000000,-0.007678,0.016702,-0.008346,-0.008889
2016-05-05,0.000000,-0.000478,-0.002672,0.005826,-0.020740
2016-05-06,-0.079268,0.002676,-0.003469,0.009226,0.018317
2016-05-09,0.000000,-0.001672,-0.009652,-0.002126,-0.010680
2016-05-10,0.000000,0.012877,0.004001,0.018960,0.000000
2016-05-11,0.000000,-0.008813,-0.012126,-0.000418,-0.013068
2016-05-12,0.000000,0.000207,-0.006743,0.000418,0.011514
2016-05-13,0.064901,-0.010288,0.008732,-0.015889,-0.029596
2016-05-16,0.000000,0.010208,0.015271,0.013809,0.028152
2016-05-17,0.000000,-0.007245,-0.010113,-0.013202,0.003423
2016-05-18,-0.011194,-0.001751,-0.002404,-0.008707,0.068789
2016-05-19,0.000000,-0.004607,0.020768,-0.010926,-0.018617
2016-05-20,0.000000,0.005691,0.000674,0.014945,0.002168
2016-05-23,0.000000,-0.002335,-0.001011,0.001494,-0.005949
2016-05-24,0.000000,0.012419,0.002586,0.012785,0.011425
2016-05-25,0.000000,0.008984,0.000224,0.015359,0.005917
2016-05-26,0.000000,-0.000667,0.002691,0.001243,-0.025134
2016-05-27,0.000000,0.002865,0.001622,0.000828,0.015359
2016-06-01,0.000000,0.001334,0.004429,-0.003909,0.006543
2016-06-02,0.000000,0.003123,0.002177,0.005163,-0.018960
2016-06-03,0.000000,0.000034,-0.003035,-0.002466,-0.059083
2016-06-06,0.000000,0.006377,-0.015530,0.003502,0.011150
2016-06-07,0.000000,0.004207,-0.011349,0.005336,-0.005804
2016-06-08,0.000000,0.003693,-0.014234,0.001838,-0.004086
2016-06-09,0.000000,-0.004563,-0.022533,-0.014062,-0.015240
2016-06-10,0.000000,-0.013572,0.011437,-0.016536,-0.024405
2016-06-13,0.000000,-0.009279,0.005860,-0.023119,-0.014033
2016-06-14,0.000000,-0.005274,0.018005,-0.015706,-0.003094
2016-06-15,0.000000,0.000250,-0.000633,-0.001530,-0.009311
2016-06-16,0.000000,0.002494,-0.001669,0.003284,-0.020050
2016-06-17,0.000000,0.002432,-0.002335,0.005891,0.034527
2016-06-20,0.000000,0.009866,-0.013984,0.028199,0.032138
2016-06-21,0.000000,0.003900,-0.006183,-0.003998,0.016168
2016-06-22,0.000000,-0.001689,0.006015,-0.005367,-0.007071
2016-06-23,-0.095598,0.016052,-0.011078,0.023959,0.032047
2016-06-24,0.000000,-0.043008,-0.011054,-0.064924,-0.092007
2016-06-27,0.000000,-0.020619,0.009200,-0.028404,-0.075364
2016-06-28,0.000000,0.018812,0.006414,0.017169,0.000685
2016-06-29,-0.026426,0.018637,-0.025610,0.016880,0.010951
2016-06-30,0.000000,0.013451,-0.019652,0.015029,0.007448
2016-07-01,0.000000,0.002479,-0.009791,0.018564,-0.021505
2016-07-06,0.000000,0.003078,0.003223,0.005784,0.013168
2016-07-07,0.000000,-0.002644,0.008457,-0.011059,0.001444
2016-07-08,-0.028571,0.015154,0.010249,0.018564,-0.015141
2016-07-11,0.000000,0.005242,-0.018863,0.014932,0.049780
2016-07-12,-0.014706,0.009371,0.002881,0.008870,0.055091
2016-07-13,0.000000,0.000691,-0.004142,0.000643,-0.029742
2016-07-14,0.000000,0.004884,-0.009686,0.007073,0.042916
2016-07-15,0.000000,-0.001252,-0.004047,0.007448,0.041150
2016-07-18,0.000000,0.001861,0.008681,0.005070,-0.004391
2016-07-19,0.062687,-0.003208,-0.008301,0.001261,-0.018273
2016-07-20,0.000000,0.003212,-0.000462,0.006297,0.014121
2016-07-21,0.000000,-0.003195,0.001478,-0.000417,-0.009494
2016-07-22,0.000000,0.004315,0.004888,0.008764,0.003195
2016-07-25,0.000000,-0.004869,-0.005232,-0.002689,0.000637
2016-07-26,-0.058989,0.001912,0.009411,0.008505,-0.005092
2016-07-27,0.000000,-0.003084,-0.003687,-0.003291,-0.030710
2016-07-28,0.000000,0.000409,-0.003486,0.000826,-0.002640
2016-07-29,-0.064179,0.003849,0.007150,0.003299,-0.035076
2016-08-01,0.001595,-0.005128,-0.010878,-0.006576,0.026063
2016-08-02,-0.027070,-0.006437,0.003758,-0.008481,0.027406
2016-08-03,0.000000,0.003190,-0.001719,-0.001043,0.003253
2016-08-04,-0.031097,0.001121,-0.005595,0.005430,-0.025292
2016-08-05,0.000000,0.007074,-0.014747,0.004778,0.052562
2016-08-08,0.054054,0.000477,-0.008221,0.002068,0.000632
2016-08-09,-0.014423,0.001529,0.002499,0.007221,-0.024005
2016-08-10,0.000000,-0.002733,-0.008111,0.005326,-0.023301
2016-08-11,0.021138,0.005677,-0.005791,0.009372,0.042412
2016-08-12,0.000000,-0.001268,0.004576,-0.006257,-0.036872
2016-08-15,0.000000,0.003335,0.016407,0.001422,0.025083
2016-08-16,0.000000,-0.004490,-0.001787,-0.007099,0.014810
2016-08-17,0.000000,0.001378,0.005149,-0.003882,-0.009518
2016-08-18,0.003185,0.003545,0.001125,0.002871,-0.016015
2016-08-19,0.000000,-0.003117,0.010328,-0.004090,0.027344
2016-08-22,-0.011111,-0.001222,-0.010315,-0.006160,-0.024715
2016-08-23,0.000000,0.002919,-0.001810,0.009504,0.009097
2016-08-24,0.020867,-0.005191,0.011505,0.006549,0.003864
2016-08-25,-0.039308,-0.000631,-0.003771,0.005693,0.011546
2016-08-26,0.004910,-0.003249,0.001551,-0.007683,0.036779
2016-08-29,0.027687,0.005770,0.011089,0.013040,-0.042202
2016-08-30,0.004754,-0.001277,-0.011182,0.004224,0.002554
2016-08-31,0.001577,-0.003037,0.002850,-0.004406,-0.001274
2016-09-01,0.072441,0.000667,-0.003337,0.012271,0.001276
2016-09-02,-0.020558,0.007890,0.008431,0.007154,0.016560
2016-09-07,0.000000,-0.000056,-0.021701,-0.003518,-0.001296
2016-09-08,0.000000,-0.000721,-0.001752,-0.004315,0.048670
2016-09-09,0.000000,-0.024701,0.007585,-0.026005,0.034653
2016-09-12,0.000000,0.012033,0.017668,0.004652,0.000000
2016-09-13,0.000000,-0.019167,-0.007580,-0.020334,0.037081
2016-09-14,0.000000,-0.002274,0.020697,0.000206,-0.025952
2016-09-15,0.000000,0.008709,0.008871,0.009657,0.008289
2016-09-16,0.000000,-0.006665,-0.013070,-0.005291,-0.001174
2016-09-19,-0.078519,0.003041,-0.010395,0.007979,-0.002939
2016-09-20,-0.011254,-0.000383,0.001745,0.001421,-0.004717
2016-09-21,-0.009756,0.014026,-0.004616,0.011552,-0.011848
2016-09-22,-0.014778,0.007965,-0.014281,0.009818,-0.021583
2016-09-23,0.000000,-0.007011,0.002306,0.002579,-0.010417
2016-09-26,0.016667,-0.008687,0.008144,-0.012468,-0.016099
2016-09-27,0.016394,0.003808,-0.000802,-0.000200,-0.020768
2016-09-28,0.000000,0.008261,-0.002469,0.008418,0.007069
2016-09-29,0.048387,-0.010223,-0.004578,-0.013914,-0.006382
2016-09-30,0.020000,0.007349,0.012897,0.012296,0.032755
2016-10-03,0.000000,-0.002889,0.000153,-0.009160,0.008706
2016-10-04,-0.007542,-0.005764,-0.015676,-0.014670,0.037608
2016-10-05,0.000000,0.005155,0.014274,0.001020,0.019608
2016-10-06,0.000000,-0.000768,-0.011062,0.009372,0.015152
2016-10-07,-0.001520,-0.004573,0.002703,-0.005652,-0.003444
2016-10-10,-0.002283,0.005246,-0.002448,0.006090,-0.007488
2016-10-11,0.000000,-0.012606,-0.005156,-0.011098,0.020894
2016-10-12,0.000000,0.001163,-0.002123,0.002244,0.010802
2016-10-13,0.000000,-0.003535,0.001502,-0.009365,-0.022497
2016-10-14,0.000000,-0.000156,-0.007311,0.006987,0.032221
2016-10-17,0.029748,-0.002703,0.007774,-0.002041,-0.015608
2016-10-18,0.000000,0.007143,0.000687,0.012474,-0.009626
2016-10-19,0.000000,0.003133,-0.007022,0.004444,0.001715
2016-10-20,-0.013333,-0.000336,-0.004903,-0.011462,-0.002854
2016-10-21,0.000000,-0.002404,-0.008528,0.004068,-0.004007
2016-10-24,-0.009009,0.001837,0.003122,0.001216,0.013218
2016-10-25,0.000000,-0.003881,-0.007749,0.019021,-0.002836
2016-10-26,0.068182,-0.002085,-0.004513,-0.001589,0.018202
2016-10-27,-0.012766,-0.002387,0.009131,-0.000199,0.029609
2016-10-28,0.000000,-0.002517,0.008443,-0.001392,0.001085
2016-10-31,0.027299,0.000503,0.011942,0.000598,-0.005962
2016-11-01,-0.018182,-0.006472,-0.001530,-0.010153,-0.007634
2016-11-02,0.000000,-0.007639,0.011538,-0.002011,-0.011538
2016-11-03,-0.058405,-0.002599,0.005409,0.003829,0.007226
2016-11-04,0.000000,-0.001774,0.001783,-0.000401,-0.016004
2016-11-07,-0.022693,0.020488,-0.008010,-0.000603,0.025238
2016-11-08,0.044892,0.002895,-0.009714,0.004220,0.018600
2016-11-09,-0.022222,0.010716,-0.010247,0.004603,0.112782
2016-11-10,0.000000,0.003758,0.020485,0.000996,0.021718
2016-11-15,0.022535,0.006156,0.014838,0.006479,0.007201
2016-11-16,-0.070248,-0.004288,0.000407,-0.007218,-0.006702
2016-11-17,0.056296,0.003799,0.002615,0.005895,0.023842
2016-11-18,0.000000,-0.002846,-0.005303,0.006251,0.025923
2016-11-21,0.000701,0.007688,-0.014596,0.005048,0.001713
2016-11-22,0.055361,0.002626,0.001508,0.015453,-0.007696
2016-11-23,-0.069057,0.001453,-0.007026,-0.003234,0.015511
2016-11-28,0.079886,-0.006385,0.008936,-0.001521,-0.021922
2016-11-29,0.030383,0.000839,-0.004034,0.008189,-0.007759
2016-11-30,-0.019231,0.001919,0.013677,-0.013222,0.028671
2016-12-01,0.000000,-0.000874,-0.013753,-0.010529,0.030828
2016-12-02,-0.052288,0.000886,0.048939,0.011027,-0.020893
2016-12-05,0.012414,0.006672,-0.027512,0.016839,-0.001255
2016-12-06,0.068120,0.005488,-0.015742,0.002635,0.003770
2016-12-07,0.035714,0.013110,-0.004006,0.026464,-0.020451
2016-12-08,0.008621,0.003180,-0.007251,0.006948,0.017043
2016-12-09,0.000000,0.003752,-0.002336,-0.005629,0.032258
2016-12-12,-0.015873,-0.001296,0.000978,-0.004200,0.006088
2016-12-13,-0.023573,0.005358,-0.011756,0.002567,0.000807
2016-12-14,0.000000,-0.012325,-0.000929,-0.015548,0.017735
2016-12-15,0.000000,0.002993,0.010437,-0.004460,0.021782
2016-12-16,0.000000,-0.000599,-0.000980,0.003173,0.006589
2016-12-19,0.000000,0.000298,0.007339,-0.000186,-0.021178
2016-12-20,0.011436,0.003922,-0.007816,0.003722,0.010228
2016-12-21,0.000000,-0.002651,-0.003211,0.001298,-0.008567
2016-12-22,0.000000,-0.002552,-0.008261,-0.006101,0.002749
2016-12-23,0.000000,0.001319,-0.011758,0.000749,-0.003917
2016-12-28,0.045226,-0.007852,-0.000061,-0.004293,-0.022240
2016-12-29,0.031250,0.001397,0.004007,0.008435,-0.011572
2016-12-30,0.000000,-0.001574,-0.009200,-0.003718,-0.012515
2017-01-04,-0.004662,0.008265,-0.006242,0.008918,0.000816
2017-01-05,0.000000,0.000102,-0.015137,-0.000737,-0.034258
2017-01-06,0.019906,-0.000895,-0.005102,0.000000,0.021115
2017-01-09,-0.004592,-0.006036,0.007662,-0.006450,-0.017370
2017-01-10,0.000000,0.001212,-0.008286,0.006121,0.001263
2017-01-11,0.000000,0.003885,-0.000313,0.002581,-0.003783
2017-01-12,0.000000,-0.002016,0.000563,0.003678,-0.003797
2017-01-13,0.000000,0.002055,-0.002972,0.005496,0.008047
2017-01-18,-0.042676,-0.000017,-0.009474,-0.003131,0.026644
2017-01-19,0.040964,-0.004220,0.006169,0.000924,0.029301
2017-01-20,0.015046,0.003941,-0.010744,0.003138,0.003253
2017-01-23,0.004561,-0.001981,-0.016464,0.005889,-0.025942
2017-01-24,0.049943,0.007042,0.006174,0.013538,0.028298
2017-01-25,0.000000,0.007980,0.002214,0.019675,0.021044
2017-01-26,-0.003243,-0.002287,-0.000063,-0.009028,-0.005945
2017-01-27,0.000000,-0.002646,0.002399,-0.003930,-0.010766
2017-01-30,0.000000,-0.006909,-0.020938,-0.014347,0.000806
2017-01-31,-0.074837,0.001581,0.005113,-0.004003,-0.012888
2017-02-01,-0.015240,-0.001401,0.007871,0.005115,0.009384
2017-02-02,0.003572,0.000727,-0.007016,0.001817,-0.001617
2017-02-03,-0.011863,0.008502,-0.001758,-0.000726,0.008502
2017-02-06,-0.020408,-0.004123,-0.000961,-0.005083,-0.031313
2017-02-07,0.000000,-0.001840,-0.001859,0.007482,-0.009946
2017-02-08,0.024510,0.000749,0.000963,0.007969,-0.015906
2017-02-09,0.000000,0.006744,-0.000257,0.002156,0.018715
2017-02-10,0.000000,0.004418,0.004140,0.002510,0.005845
2017-02-13,0.000000,0.004940,-0.006936,0.004114,0.010378
2017-02-14,0.000000,0.003056,0.000966,0.003740,0.014790
2017-02-15,-0.029904,0.003970,-0.009292,0.008873,0.012955
2017-02-16,0.085080,-0.000887,-0.008146,-0.003870,-0.020783
2017-02-17,0.010227,0.000584,0.010275,-0.000530,-0.010204
2017-02-22,-0.001125,-0.002424,0.002722,-0.004877,-0.003708
2017-02-23,0.000000,0.000517,-0.010214,-0.002801,-0.012407
2017-02-24,-0.001126,-0.001286,-0.000653,-0.009128,-0.029732
2017-02-27,-0.007892,0.001478,0.011208,0.005137,0.022443
2017-02-28,0.000000,-0.003976,0.003458,-0.005992,-0.004643
2017-03-01,0.000000,0.012928,0.000870,0.017553,0.044529
2017-03-02,-0.048864,-0.007316,-0.006371,-0.004182,0.010556
2017-03-03,0.000000,0.001940,0.021501,0.005949,0.001205
2017-03-06,-0.051374,-0.004361,-0.010968,-0.010958,0.000803
2017-03-07,-0.023930,-0.003591,0.005513,-0.005804,0.006816
2017-03-08,0.000000,-0.005050,-0.006790,-0.005661,0.016328
2017-03-09,0.000000,0.000824,0.013929,-0.003024,0.018025
2017-03-10,0.000000,0.003763,0.010129,0.007673,-0.006159
2017-03-13,0.000000,0.001624,-0.013725,0.009031,0.010070
2017-03-14,0.020645,-0.005222,0.001557,-0.004212,-0.004985
2017-03-15,0.010114,0.011433,0.003585,0.012689,-0.033526
2017-03-16,0.038799,0.000857,-0.020166,0.007310,0.005582
2017-03-17,-0.014458,-0.000968,0.006258,-0.002419,-0.008327
2017-03-20,0.057457,-0.002768,-0.010483,0.003810,-0.011195
2017-03-21,0.000000,-0.011811,-0.005054,-0.015355,-0.014962
2017-03-22,-0.017341,0.000548,0.005145,0.004906,-0.016420
2017-03-23,0.000000,0.000367,-0.000648,0.001918,0.009182
2017-03-24,-0.043529,-0.001050,0.017278,-0.000522,-0.007444
2017-03-27,-0.007380,-0.000399,-0.009050,-0.007661,-0.011250
2017-03-28,-0.006196,0.006966,0.004984,0.008598,0.015171
2017-03-29,0.000000,0.000246,0.004224,-0.000870,-0.009548
2017-03-30,-0.009975,0.002015,-0.005194,0.003134,0.012573
2017-03-31,0.057934,-0.002343,0.008200,0.000347,-0.008278
2017-04-03,0.011905,-0.002518,-0.008228,-0.000174,-0.019199
2017-04-04,0.035294,0.000578,-0.002819,-0.000694,0.000000
2017-04-05,-0.005682,-0.004113,-0.005589,-0.004689,0.002979
2017-04-06,0.000000,0.002970,0.007753,0.006980,-0.005940
2017-04-07,0.000000,-0.001022,0.007020,0.006931,0.012804
2017-04-10,0.000000,0.001639,0.001019,0.004130,-0.005057
2017-04-11,0.000000,0.000809,-0.004102,-0.002571,-0.026684
2017-04-12,0.000000,-0.004397,0.001597,-0.000172,-0.000870
2017-04-13,0.000000,-0.008635,-0.004240,-0.007905,-0.027875
2017-04-18,0.000000,-0.004244,-0.004262,0.005353,-0.032416
2017-04-19,0.000000,-0.003178,-0.007603,-0.007214,0.010555
2017-04-20,0.000000,0.007449,0.013456,0.011419,0.017711
2017-04-21,0.000000,-0.003306,-0.000381,0.000684,-0.001785
2017-04-24,0.000000,0.012526,-0.000095,0.012137,0.016093
2017-04-25,-0.057143,0.006199,-0.006292,0.011147,0.023757
2017-04-26,0.000000,-0.000894,0.006460,-0.002672,-0.006876
2017-04-27,0.000000,-0.001241,0.007594,-0.001842,-0.006491
2017-04-28,0.000000,-0.003665,0.003153,-0.005201,-0.006098
2017-05-01,0.000000,0.000036,-0.001572,0.001181,0.018843
2017-05-02,0.000000,0.001284,-0.000315,0.002864,-0.012473
2017-05-03,0.000000,-0.001873,-0.007842,-0.007223,0.005662
2017-05-04,0.000000,0.000438,0.003778,-0.002707,0.020355
2017-05-05,0.000000,0.007014,0.007210,0.012555,-0.001698
2017-05-08,0.000000,-0.001752,-0.002261,-0.008713,0.010204
2017-05-09,0.000000,-0.002392,0.005885,0.004564,0.013047
2017-05-10,0.000000,0.002721,-0.003003,0.003197,0.002908
2017-05-11,0.000000,-0.003051,-0.006621,-0.008890,-0.005799
2017-05-12,0.000000,-0.001431,-0.008434,-0.003723,-0.027083
2017-05-15,-0.013333,0.005818,0.012329,0.011041,0.001285
2017-05-16,0.000000,-0.000666,-0.021871,0.009241,-0.003849
2017-05-17,-0.003686,-0.015764,-0.003989,-0.016314,-0.048519
2017-05-18,0.008631,0.000922,0.012146,-0.011169,0.007671
2017-05-19,0.000000,0.009501,0.075190,0.018655,0.005374
2017-05-22,0.127139,0.003684,-0.034343,0.008064,0.004009
2017-05-23,0.000000,0.001675,0.003719,0.000000,0.013753
2017-05-24,-0.048807,0.001431,0.000980,0.004167,-0.008315
2017-05-25,0.000000,0.001555,0.001713,0.007635,-0.004854
2017-05-26,0.060433,-0.000638,-0.000214,-0.000659,-0.002217
2017-05-31,0.005319,-0.000283,0.000246,-0.004288,-0.009472
2017-06-01,0.012698,0.008774,-0.009551,0.014080,0.009563
2017-06-02,-0.006269,0.001616,0.007411,0.002940,-0.026162
2017-06-05,-0.008412,-0.002135,0.000062,-0.000977,0.010653
2017-06-06,0.003181,-0.001900,0.014434,-0.003098,-0.016040
2017-06-07,0.000000,-0.000320,-0.006098,-0.000164,0.014439
2017-06-08,-0.013742,0.000962,-0.002656,-0.002944,0.007346
2017-06-09,-0.042658,0.005632,-0.002357,0.006070,0.002279
2017-06-12,0.000000,0.000147,-0.025126,0.000489,0.006367
2017-06-13,0.000000,0.004285,0.043742,0.010430,-0.002711
2017-06-14,0.000000,-0.001439,-0.000693,-0.004516,-0.031264
2017-06-15,0.026646,-0.003335,-0.012612,-0.005023,0.011225
2017-06-16,0.002181,0.002683,0.000306,0.010096,-0.002313
2017-06-19,0.000000,0.005209,0.004582,0.007577,0.015299
2017-06-20,-0.034168,-0.007977,-0.002281,-0.007604,-0.016895
2017-06-21,0.000000,-0.003635,0.013532,-0.006521,0.000929
2017-06-22,0.000000,0.001388,0.002376,0.001641,-0.000928
2017-06-23,0.000000,0.001766,0.001890,-0.001638,-0.004180
2017-06-26,0.000000,0.002187,0.000539,0.001641,-0.003265
2017-06-27,0.000000,-0.003567,-0.013976,-0.006389,0.028545
2017-06-28,-0.050023,0.008183,0.005220,0.012531,0.010464
2017-06-29,0.000000,-0.006164,-0.009813,-0.008793,0.020711
2017-06-30,0.013994,0.001850,0.007074,0.006407,0.015439
2017-07-03,0.000000,0.006293,-0.037848,0.006856,0.019114
2017-07-06,-0.015204,-0.009066,-0.006709,-0.016574,0.015424
2017-07-07,-0.022565,0.004320,0.003134,-0.001818,0.009705
2017-07-10,0.000000,-0.000101,-0.036272,0.008111,-0.009193
2017-07-13,0.000000,0.001583,-0.014233,0.000970,0.009025
2017-07-14,0.000000,0.004448,0.000998,0.010978,-0.012351
2017-07-17,0.041312,-0.000572,-0.010062,0.001916,-0.004312
2017-07-18,0.044341,-0.001101,0.001101,-0.000638,-0.019922
2017-07-19,0.000000,0.005382,-0.008959,0.011483,0.002209
2017-07-20,0.022346,0.000264,-0.001586,-0.001892,-0.000882
2017-07-21,0.000000,-0.001665,-0.009308,-0.001738,-0.015004
2017-07-24,0.000000,-0.001668,0.019016,-0.003956,0.009857
2017-07-25,-0.039344,0.005125,-0.010479,-0.007785,0.031943
2017-07-26,0.014790,-0.000068,0.008523,-0.000480,-0.018917
2017-07-27,0.000000,-0.000140,-0.010627,0.007370,0.012270
2017-07-28,0.000000,-0.000714,0.004813,-0.006202,-0.009091
2017-07-31,0.000000,0.001086,0.007962,-0.003041,0.001311
2017-08-01,0.000000,0.002703,-0.016333,0.009470,-0.017888
2017-08-02,0.000000,-0.001721,-0.000960,-0.006201,0.004887
2017-08-03,0.000000,-0.001907,-0.003394,-0.000320,-0.015031
2017-08-04,0.104260,0.002373,-0.000225,0.001441,0.017505
2017-08-07,0.009137,0.000240,0.005721,0.000959,-0.004411
2017-08-08,0.000000,-0.003153,-0.001630,-0.007025,0.011520
2017-08-09,0.000000,-0.001716,0.000544,-0.007397,-0.018397
2017-08-10,-0.004024,-0.013233,0.008446,-0.011016,-0.012941
2017-08-11,0.000000,-0.000712,0.006757,0.007862,-0.010398
2017-08-14,0.040404,0.007892,0.001292,0.002438,0.013705
2017-08-15,0.000000,-0.001061,0.002990,-0.001945,0.021181
2017-08-16,0.000000,0.002143,-0.006150,0.012833,-0.017652
2017-08-17,0.000000,-0.013155,-0.005114,-0.011227,-0.012129
2017-08-18,0.000000,-0.001100,0.006949,-0.000162,-0.002274
2017-08-21,0.097087,0.001662,0.001387,-0.003894,-0.006381
2017-08-22,-0.017699,0.007340,-0.004626,0.006026,0.016055
2017-08-23,0.000000,-0.001641,-0.000790,0.006476,-0.019865
2017-08-24,0.000000,-0.001028,-0.006708,0.004504,0.010594
2017-08-25,0.011712,0.003247,0.002294,0.011849,-0.011395
2017-08-28,-0.000890,-0.001000,0.003877,-0.008071,-0.004610
2017-08-29,0.000000,-0.000707,0.002248,-0.002872,-0.010653
2017-08-30,-0.019608,0.001119,-0.000505,0.004960,0.003277
2017-08-31,-0.003636,0.005982,-0.001707,0.013055,-0.010266
2017-09-01,0.015511,0.003569,-0.004052,0.005343,0.016973
2017-09-06,0.000000,0.003870,-0.007517,0.008157,0.018358
2017-09-07,0.004493,0.000564,-0.005745,0.004823,-0.022296
2017-09-08,0.041860,0.000705,-0.000097,0.002323,0.000000
2017-09-11,-0.068510,0.010287,0.025859,0.013440,0.031053
2017-09-12,0.073733,0.003901,-0.024546,0.005488,0.021647
2017-09-13,0.012876,-0.000161,0.007162,-0.005913,0.011055
2017-09-14,0.000000,0.000617,0.003107,-0.000152,0.000911
2017-09-15,0.000000,0.001452,-0.004311,0.003051,0.002276
2017-09-18,0.000000,0.002592,-0.002694,0.002281,0.012262
2017-09-19,0.027966,0.001674,0.008104,0.007130,0.006281
2017-09-20,-0.017312,0.001300,-0.000670,0.005875,0.015158
2017-09-21,0.000000,-0.001142,-0.000702,0.002846,0.000439
2017-09-22,-0.014262,0.001497,0.001246,0.000299,-0.007024
2017-09-25,-0.007660,-0.000843,-0.003509,-0.009705,-0.018568
2017-09-26,0.000000,-0.001123,0.010821,-0.003015,0.004054
2017-09-27,0.000000,0.002451,0.002090,0.004839,0.035890
2017-09-28,0.006003,0.001782,0.008850,0.007524,0.000000
2017-09-29,0.000000,0.002451,-0.003446,-0.002539,0.007362
2017-10-02,0.000000,0.004546,-0.005502,0.005241,0.004729
2017-10-03,0.000000,0.003116,-0.003319,0.009087,-0.001284
2017-10-04,0.028133,0.000145,-0.003838,0.005315,-0.001714
2017-10-05,0.029851,0.002784,-0.002420,-0.001468,0.008584
2017-10-06,0.012882,-0.001721,0.006128,0.001177,0.008511
2017-10-09,0.000000,-0.001927,0.000983,-0.001910,-0.003797
2017-10-10,0.008744,0.004282,0.009919,0.012509,-0.006777
2017-10-11,0.023641,0.001253,-0.002824,-0.001163,0.000000
2017-10-12,0.006159,-0.001886,-0.002549,0.000437,-0.009382
2017-10-13,0.000000,0.001075,-0.000221,0.003782,-0.018511
2017-10-16,0.017598,0.000609,-0.007195,0.003188,0.011842
2017-10-17,0.000000,-0.000773,0.007660,-0.004478,-0.003901
2017-10-18,-0.067669,0.001704,-0.004479,0.000000,0.017842
2017-10-19,-0.035484,0.000752,0.004436,-0.000290,-0.007696
2017-10-20,0.000000,0.004055,-0.001640,0.001596,0.025851
2017-10-23,0.000000,-0.003709,0.008215,0.007680,-0.002100
2017-10-24,0.000000,0.001661,0.013633,0.004170,0.012626
2017-10-25,0.000000,-0.005515,0.002535,-0.009165,0.015794
2017-10-26,0.000000,0.001285,-0.003516,0.001012,0.003273
2017-10-27,0.000000,0.001133,0.017114,0.006642,-0.009788
2017-10-30,0.020067,-0.003797,-0.015731,-0.004446,-0.023888
2017-10-31,0.000000,0.001748,0.016230,0.003026,0.002532
2017-11-01,0.000000,0.001772,-0.005384,0.009336,0.000000
2017-11-02,0.000000,0.000815,-0.001040,0.003273,-0.012205
2017-11-03,-0.003279,0.000008,-0.000490,-0.001135,-0.001704
2017-11-06,0.027961,0.002252,0.008577,-0.004970,-0.009816
2017-11-07,0.000000,-0.002393,-0.013576,-0.003996,-0.005603
2017-11-08,0.000000,0.001089,0.006835,0.009600,0.007802
2017-11-09,0.002400,-0.003638,-0.005749,-0.001277,0.002581
2017-11-10,-0.005587,-0.001383,-0.000800,-0.005969,0.029601
2017-11-13,0.000000,-0.000469,0.008527,-0.007434,0.000000
2017-11-14,-0.060995,-0.002980,-0.000153,0.001584,-0.007917
2017-11-15,0.000000,-0.004867,0.010989,-0.004745,-0.019320
2017-11-20,0.000000,0.001453,-0.004923,-0.003271,0.007647
2017-11-21,0.037607,0.005285,-0.000154,0.010701,-0.003794
2017-11-22,0.000000,0.000398,0.001014,-0.002117,-0.017351
2017-11-27,0.000000,-0.002508,0.003913,-0.010025,-0.005128
2017-11-28,0.007819,0.010447,-0.002011,0.002282,0.004296
2017-11-29,0.000000,0.003282,-0.005176,-0.007969,0.016253
2017-11-30,-0.133621,0.005292,0.010936,0.004160,0.017256
2017-12-01,0.000000,-0.001048,0.008136,-0.007286,-0.022756
2017-12-04,0.000000,0.001612,-0.004219,-0.006332,0.007197
2017-12-05,0.000000,-0.005361,-0.004544,0.001593,-0.009668
2017-12-06,0.000000,-0.002764,-0.000709,-0.004916,-0.011036
2017-12-07,0.000000,0.002916,-0.001852,0.004069,0.019742
2017-12-08,0.000000,0.005894,0.016356,0.000724,0.002946
2017-12-11,0.000000,0.001990,0.000183,0.001880,0.000839
2017-12-12,0.000000,0.002333,0.004714,0.000433,0.007547
2017-12-13,0.000000,0.000134,-0.000060,0.000144,-0.022472
2017-12-14,0.015920,-0.005544,0.001665,0.005770,-0.001277
2017-12-15,0.000000,0.005591,0.009611,0.003729,0.003836
2017-12-18,0.000000,0.006783,-0.014489,0.018577,0.015711
2017-12-19,0.126347,-0.002994,-0.000456,-0.008838,0.029682
2017-12-20,0.133044,0.000001,-0.000608,0.000708,0.013804
2017-12-21,0.016884,0.004131,0.002433,0.002254,-0.006408
2017-12-22,-0.015094,-0.000216,0.003125,-0.004809,0.001612
2017-12-27,0.015221,0.001022,-0.007735,0.003548,-0.021484
2017-12-28,-0.011994,0.002425,0.001088,0.001415,0.007456
2017-12-29,-0.089530,-0.003443,-0.000664,0.004661,-0.011102
2018-01-03,-0.008410,0.004229,-0.016068,0.004018,-0.007302
2018-01-04,0.001542,0.005493,-0.006845,-0.001104,0.002452
2018-01-05,-0.030023,0.005739,-0.000742,0.005802,0.009376
2018-01-08,-0.059524,0.000849,-0.002010,0.005082,0.001615
2018-01-09,0.098734,0.000495,0.003843,-0.000410,0.026613
2018-01-10,-0.062980,-0.001085,0.002408,-0.004511,0.001571
2018-01-11,0.031148,0.007948,-0.006283,0.006591,-0.007451
2018-01-12,0.046900,0.006324,-0.003781,0.014188,0.008297
2018-01-17,0.026923,0.007966,0.002957,0.005667,0.013365
2018-01-18,-0.001498,-0.002732,-0.000155,0.006842,0.012801
2018-01-19,0.001501,0.005148,-0.005307,0.011859,0.009958
2018-01-22,0.029213,0.006419,-0.003245,0.006321,0.010618
2018-01-23,-0.018195,0.000278,0.001878,-0.002748,-0.015385
2018-01-24,0.002965,0.002490,0.010873,0.008660,0.011433
2018-01-25,0.008130,0.000370,-0.027940,-0.004813,-0.012434
2018-01-26,0.002199,0.009203,0.000572,0.008366,0.015643
2018-01-29,0.000000,-0.008240,0.001303,0.004796,0.013899
2018-01-30,-0.012436,-0.011027,0.000825,-0.009676,0.010004
2018-01-31,-0.004445,-0.000564,0.008213,-0.002085,-0.002201
2018-02-01,0.003720,0.001048,0.001635,0.006136,0.019485
2018-02-02,-0.017791,-0.022166,-0.006594,-0.016608,0.029210
2018-02-05,-0.015094,-0.039160,0.016342,-0.035889,-0.021023
2018-02-06,-0.007663,0.013722,0.014213,0.018201,-0.009306
2018-02-07,0.003861,-0.004572,-0.008494,-0.006317,0.027457
2018-02-08,-0.069231,-0.032831,0.011288,-0.039632,0.002461
2018-02-09,0.008264,0.011016,0.004496,0.011831,-0.007717
2018-02-12,0.012295,0.012438,0.001888,0.014338,0.009898
2018-02-13,0.001619,0.001135,0.000972,0.006861,-0.005950
2018-02-14,0.028294,0.013706,0.000061,0.026850,0.025704
2018-02-15,0.003931,0.008641,-0.023678,0.005177,-0.007552
2018-02-16,0.084573,0.001360,0.003171,0.010960,-0.004843
2018-02-21,0.031892,-0.005313,0.006557,0.002095,0.017283
2018-02-22,0.009615,0.001278,0.004087,-0.003397,-0.008835
2018-02-23,-0.041497,0.013559,-0.005784,0.011012,-0.015770
2018-02-26,-0.035486,0.008965,-0.003540,0.009725,-0.004180
2018-02-27,-0.025754,-0.013877,-0.004541,-0.011429,0.017139
2018-02-28,-0.004985,-0.013002,0.008068,-0.015458,-0.013755
2018-03-01,-0.007135,-0.010576,-0.001139,-0.012403,-0.022315
2018-03-02,0.000000,0.003136,0.001603,0.008150,0.018902
2018-03-05,0.000000,0.009774,-0.000123,-0.006361,0.008400
2018-03-06,0.020642,0.003157,-0.002646,0.018138,-0.001388
2018-03-07,-0.002996,-0.001082,-0.010182,0.000000,0.002085
2018-03-08,0.059354,0.002990,0.010879,0.010872,-0.005897
2018-03-09,0.000000,0.013638,0.007154,0.010626,0.009770
2018-03-12,-0.034043,-0.001581,-0.003062,0.000128,-0.008293
2018-03-13,0.000000,-0.005167,0.001290,-0.005256,-0.007665
2018-03-14,0.072687,-0.005384,-0.000491,0.005155,-0.010885
2018-03-15,-0.023272,-0.001493,-0.000061,-0.000770,0.003195
2018-03-16,0.233357,0.003200,0.007243,0.008341,0.007785
2018-03-19,0.060795,-0.010398,-0.000609,-0.007381,-0.001053
2018-03-20,-0.040171,0.000963,0.001219,0.001026,0.011951
2018-03-21,0.074219,0.001589,0.007491,0.011399,0.009726
2018-03-22,0.001558,-0.024155,-0.010880,-0.017222,-0.025800
2018-03-23,0.065871,-0.016133,0.012650,-0.014947,-0.000706
2018-03-26,0.003406,0.020977,0.000121,0.019490,0.004594
2018-03-27,-0.031523,-0.010505,-0.001267,-0.010649,-0.020049
2018-03-28,0.000000,0.000517,0.003806,0.004280,-0.003948
2018-03-29,-0.003004,0.011631,-0.001083,0.011751,-0.012252
2018-04-03,0.003364,0.012308,0.002241,0.017291,0.019034
2018-04-04,0.013410,0.008036,0.009065,0.010479,0.001437
2018-04-05,0.048204,0.008462,-0.003504,0.009865,0.015782
2018-04-06,0.011722,-0.017724,0.004177,-0.001252,-0.020127
2018-04-09,-0.072638,0.002546,0.007751,-0.001881,0.003964
2018-04-10,0.023546,0.014977,0.015887,0.007538,0.003948
2018-04-11,-0.012206,-0.004089,-0.004005,-0.003865,-0.002503
2018-04-12,0.000475,0.005244,-0.010037,0.004506,0.015771
2018-04-13,0.000000,-0.002716,0.011236,0.003863,-0.001764
2018-04-16,0.000000,0.006549,0.003899,0.007696,0.001060
2018-04-17,0.052257,0.006141,-0.002395,0.011949,-0.006356
2018-04-18,0.001355,0.002132,-0.003015,0.006452,0.018834
2018-04-19,0.015329,-0.004820,-0.008427,-0.004354,0.016393
2018-04-20,0.000000,-0.005076,0.001658,-0.005588,0.012697
2018-04-23,0.000000,0.000286,0.009164,-0.003665,0.007455
2018-04-24,-0.037300,-0.007674,0.010311,-0.001717,0.003364
2018-04-25,0.038746,0.000308,0.006553,-0.000368,0.013745
2018-04-26,0.035080,0.005196,0.002708,-0.003686,-0.011243
2018-04-27,0.000000,0.000884,-0.001925,-0.000617,-0.011037
2018-04-30,0.001716,-0.006246,-0.004634,-0.008514,-0.007102
2018-05-01,-0.008565,-0.001785,0.013794,-0.003485,0.013624
2018-05-02,0.045356,-0.006000,0.000086,0.005370,-0.004032
2018-05-03,-0.028926,-0.002058,0.012407,-0.002484,-0.006073
2018-05-04,-0.000426,0.008138,-0.006480,0.000498,-0.000679
2018-05-07,-0.060877,0.002113,-0.000312,0.003734,0.002038
2018-05-08,0.015413,0.000039,0.006722,-0.000868,0.006441
2018-05-09,0.062946,0.008965,0.003578,0.008812,0.011788
2018-05-10,-0.002940,0.007849,0.007973,0.005906,-0.010985
2018-05-11,0.024010,0.002371,-0.011364,-0.001101,0.000000
2018-05-14,0.016454,0.000800,0.015044,-0.003061,0.008078
2018-05-15,0.013355,-0.005277,0.005190,0.003071,0.028381
2018-05-16,-0.034744,0.003083,0.007483,0.006734,0.004870
2018-05-17,-0.004551,0.000316,0.007044,-0.003162,0.004523
2018-05-18,0.015378,-0.002386,0.005634,0.002684,-0.013509
2018-05-21,0.039705,0.006809,0.011718,0.007179,-0.000652
2018-05-22,-0.067717,-0.002918,-0.016772,-0.004954,0.000000
2018-05-23,-0.006757,-0.001821,-0.008080,-0.006921,-0.020228
2018-05-24,0.060374,-0.003665,-0.005595,0.001956,-0.007326
2018-05-25,-0.036287,-0.004863,0.006206,-0.004515,-0.016773
2018-05-30,-0.022805,0.014722,-0.002705,0.017783,0.026734
2018-05-31,-0.000881,-0.007820,-0.000537,-0.010508,-0.007037
2018-06-01,0.050859,0.007479,-0.000027,0.011978,0.025868
2018-06-04,0.023318,0.004206,0.010639,0.009030,0.014508
2018-06-05,0.022131,-0.001200,-0.004546,-0.001572,-0.006129
2018-06-06,0.068565,0.009443,0.015970,0.014535,0.019185
2018-06-07,-0.047955,0.000804,0.010278,-0.005969,-0.014118
2018-06-08,-0.053681,0.003407,0.014909,0.000240,0.001364
2018-06-11,-0.021241,0.001940,-0.050196,-0.006364,0.006810
2018-06-12,0.049362,-0.000953,0.001053,-0.000241,0.000000
2018-06-13,0.009732,-0.004614,0.001672,-0.014143,0.006764
2018-06-14,0.004016,-0.001056,0.001023,-0.008828,-0.010413
2018-06-15,0.023680,-0.002921,0.022911,-0.004082,-0.007468
2018-06-18,-0.038371,-0.002042,-0.019795,-0.002608,0.000684
2018-06-19,-0.045104,-0.005480,0.004693,-0.014717,-0.011278
2018-06-20,-0.021277,0.000772,-0.000320,-0.009447,0.012098
2018-06-21,0.008696,-0.006998,0.006435,-0.010569,-0.010587
2018-06-22,-0.006466,0.006317,-0.001061,0.005862,0.001036
2018-06-25,-0.001302,-0.012498,0.005631,-0.005698,-0.008621
2018-06-26,-0.000869,0.002319,-0.002958,0.011722,0.001739
2018-06-27,0.004348,-0.007872,0.005483,-0.008367,-0.018403
2018-06-28,-0.012121,0.005149,0.016940,0.005712,0.007075
2018-06-29,0.007888,0.002266,-0.000155,0.008390,0.000703
2018-07-02,0.002174,-0.001493,0.004172,-0.009985,0.005967
2018-07-03,0.011280,0.000730,0.009547,0.007887,-0.009770
2018-07-06,0.019901,0.006330,0.005190,0.007821,-0.003169
2018-07-09,-0.050463,0.008847,-0.016636,0.008141,0.010244
2018-07-10,0.009743,0.002952,0.001397,-0.000126,0.004545
2018-07-11,0.000000,-0.010383,-0.014517,-0.018551,-0.010790
2018-07-12,0.013597,0.006298,0.015989,0.001157,0.003870
2018-07-13,-0.000433,0.000630,0.001187,0.001670,-0.007711
2018-07-16,0.000000,-0.001623,-0.008066,0.003847,0.009537
2018-07-17,-0.012987,0.002388,0.001715,0.007408,0.002099
2018-07-18,-0.032895,0.003444,-0.005213,-0.016356,0.003841
2018-07-19,0.013605,-0.002866,0.003467,-0.005800,-0.009739
2018-07-20,-0.047875,0.000268,-0.005378,-0.027486,0.016860
2018-07-23,0.021146,0.000324,-0.015071,-0.008532,0.024180
2018-07-24,0.013806,0.004177,0.002546,0.010622,-0.005396
2018-07-25,0.052655,0.006705,-0.009073,0.008382,-0.004408
2018-07-26,-0.017680,0.001528,-0.015937,0.000264,0.013283
2018-07-27,0.009219,-0.002474,0.015706,-0.004749,-0.005042
2018-07-30,0.030883,-0.001386,-0.008867,-0.001723,0.005068
2018-07-31,0.000844,0.004638,0.004581,0.003452,-0.003697
2018-08-01,-0.021922,-0.004697,0.006679,-0.000794,0.013158
2018-08-02,0.015086,-0.000335,-0.001599,0.000927,-0.005661
2018-08-03,-0.019108,0.004285,0.000374,0.000926,-0.011052
2018-08-06,0.003030,0.000844,-0.012299,-0.000265,-0.005080
2018-08-07,-0.024601,0.002724,0.008697,-0.003041,0.011913
2018-08-08,0.027876,-0.000898,0.004284,0.006763,-0.000673
2018-08-09,0.005166,-0.002406,0.005226,-0.001581,-0.012117
2018-08-10,0.012848,-0.008734,0.007825,-0.009367,-0.026576
2018-08-13,0.027061,-0.006216,0.017318,-0.006259,0.007000
2018-08-14,-0.009881,0.005614,0.004294,0.008576,0.006256
2018-08-15,-0.058212,-0.008743,-0.004534,-0.010098,-0.014853
2018-08-16,-0.018366,0.009289,0.009368,0.016779,0.006662
2018-08-17,0.028155,0.005216,0.000846,0.011089,0.000697
2018-08-20,0.003937,0.004403,0.001511,0.008095,-0.017403
2018-08-21,0.012636,0.002442,0.014374,0.001684,0.007439
2018-08-22,0.026248,-0.000481,0.020802,-0.001164,-0.007384
2018-08-23,0.028512,-0.004392,-0.002865,-0.005308,-0.000708
2018-08-24,0.017122,0.005102,0.018678,0.007418,0.001772
2018-08-27,-0.027655,0.007892,-0.002310,0.012530,0.007785
2018-08-28,0.001649,-0.001315,-0.006167,0.006635,0.012640
2018-08-29,-0.020165,0.003619,0.013832,-0.002281,0.000000
2018-08-30,-0.019320,-0.007023,-0.006870,-0.006479,-0.008322
2018-08-31,0.002998,-0.001767,0.010498,-0.000767,-0.002448
2018-09-05,0.093129,-0.000101,-0.000265,0.007776,0.000000
2018-09-06,0.002651,-0.002286,-0.002552,0.000000,-0.007926
2018-09-07,0.033610,-0.002148,-0.020709,-0.003729,0.021883
2018-09-10,-0.055901,0.001359,-0.003327,0.000258,-0.001699
2018-09-11,-0.033669,0.001828,0.010090,0.000903,0.013619
2018-09-12,-0.009211,0.002918,0.016403,0.002450,-0.004703
2018-09-13,-0.003233,0.003427,0.001975,0.003473,0.000000
2018-09-14,-0.000811,0.001221,0.010866,-0.004871,0.010462
2018-09-17,0.007711,-0.001426,-0.007848,0.002447,0.002338
2018-09-18,-0.044301,0.004609,-0.009564,-0.007452,0.015662
2018-09-19,-0.016014,0.002291,0.006365,-0.007508,0.011483
2018-09-20,0.008565,0.007860,-0.006757,0.006000,-0.001622
2018-09-21,-0.007643,0.000857,-0.013147,-0.001815,-0.003249
2018-09-24,-0.015832,-0.005620,-0.006379,-0.003897,0.003259
2018-09-25,0.028696,-0.000110,0.010197,-0.005085,0.007797
2018-09-26,-0.010989,-0.004456,-0.004326,0.006815,-0.013217
2018-09-27,0.013248,0.000287,-0.010507,-0.005858,-0.001633
2018-09-28,-0.004639,-0.001770,-0.004664,-0.014273,0.000000
2018-10-01,0.008051,0.003274,0.010145,-0.000930,0.007853
2018-10-02,0.000000,-0.001473,-0.008957,-0.005185,-0.007792
2018-10-03,-0.054225,0.000957,-0.019146,-0.019380,0.034359
2018-10-04,-0.044444,-0.005812,-0.009925,-0.012130,0.011389
2018-10-05,0.010697,-0.003860,-0.006794,0.000552,0.008758
2018-10-08,-0.019788,0.000630,-0.009835,0.000689,0.002481
2018-10-09,0.039906,-0.003053,-0.015277,-0.019843,-0.007733
2018-10-10,0.015801,-0.026104,-0.016520,-0.034444,0.005299
2018-10-11,-0.003556,-0.021597,0.010768,-0.015143,-0.028527
2018-10-12,0.014273,0.007279,0.007111,0.002070,0.002554
2018-10-15,-0.019789,-0.001105,0.000026,-0.003098,0.007004
2018-10-16,-0.019022,0.017727,-0.012614,0.014207,-0.002213
2018-10-17,-0.003933,-0.002602,-0.002759,-0.017948,0.007288
2018-10-18,-0.021579,-0.013285,-0.010044,-0.009509,-0.001258
2018-10-19,0.019709,0.000947,0.009251,0.009751,0.007244
2018-10-22,0.026231,-0.006623,-0.002527,-0.012479,-0.000625
2018-10-23,0.003588,-0.007056,-0.007707,-0.002107,-0.009387
2018-10-24,0.000000,-0.025856,0.002743,-0.021257,-0.013266
2018-10-25,0.022341,0.012457,0.010481,0.025878,0.003841
2018-10-26,-0.052448,-0.011709,-0.007022,-0.016216,-0.018814
2018-10-29,-0.057196,-0.002876,-0.017086,-0.009310,0.003250
2018-10-30,-0.032779,0.015694,0.020376,0.012171,0.007451
2018-10-31,0.020738,0.006440,-0.005705,0.005632,0.015756
2018-11-01,-0.003964,0.012159,0.007064,0.017708,-0.004748
2018-11-02,0.074627,-0.002808,-0.006934,0.011749,0.022265
2018-11-05,-0.047593,0.008319,0.001380,-0.009114,-0.004045
2018-11-06,-0.037527,0.004487,0.006649,-0.007714,0.004061
2018-11-07,-0.008081,0.015949,0.009478,0.003439,-0.000311
2018-11-08,-0.027495,-0.004500,-0.007846,-0.003427,0.006536
2018-11-09,-0.033508,-0.006695,0.007720,-0.021976,-0.013915
2018-11-12,-0.011918,-0.015475,-0.007927,-0.009171,-0.000941
2018-11-13,0.050713,-0.001232,0.009921,-0.008485,-0.012869
2018-11-14,0.040960,-0.004284,0.009293,0.012136,-0.007949
2018-11-15,0.083208,0.007008,-0.004998,-0.001845,-0.000641
2018-11-16,-0.050902,0.003136,0.000000,0.006622,-0.014112
2018-11-19,-0.032179,-0.009626,-0.010549,-0.011016,-0.005530
2018-11-20,0.009572,-0.018911,0.003180,-0.015006,-0.002944
2018-11-21,0.005489,0.006198,0.000346,0.009424,0.004265
2018-11-26,0.000000,0.012077,-0.034209,0.001100,0.005894
2018-11-27,0.000000,0.000531,0.072611,-0.015547,-0.005534
2018-11-28,-0.029897,0.018835,-0.016803,0.006221,-0.003601
2018-11-29,0.044634,-0.002276,-0.006273,0.009829,-0.002957
2018-11-30,0.078230,0.005503,0.000468,-0.003297,-0.007249
2018-12-03,0.027455,0.009632,0.003687,0.014648,-0.006970
2018-12-04,-0.059229,-0.028269,-0.006313,-0.032443,-0.022727
2018-12-07,-0.090783,-0.016673,0.002689,-0.030145,-0.009040
2018-12-10,-0.029397,-0.004408,0.007221,-0.012596,0.002105
2018-12-11,-0.029765,-0.002409,0.002791,-0.003313,0.008053
2018-12-12,0.015608,0.006968,-0.003600,0.006815,0.009378
2018-12-13,0.018018,-0.000597,-0.012428,-0.007595,0.001721
2018-12-14,-0.008849,-0.015146,0.009496,-0.011645,-0.006870
2018-12-17,-0.016281,-0.018992,0.006374,-0.020367,-0.011761
2018-12-18,0.034704,-0.002598,-0.004572,0.012389,-0.011201
2018-12-19,-0.023220,-0.011330,0.003412,-0.008261,-0.016637
2018-12-20,0.006339,-0.013107,-0.003759,-0.014925,0.003960
2018-12-21,0.154856,-0.016569,-0.014707,-0.013918,0.001076
2018-12-24,0.045454,-0.024193,0.001172,-0.013043,-0.015401
2018-12-27,-0.091549,0.007249,0.004561,-0.012640,-0.019306
2018-12-28,0.002584,0.000500,-0.012524,0.012447,-0.002552
2018-12-31,0.020618,0.007390,0.000697,0.003337,-0.018275
2019-01-03,0.007281,-0.016962,-0.024124,-0.004363,-0.040210
2019-01-04,-0.029398,0.030642,-0.008240,0.035057,0.041112
2019-01-07,-0.054121,0.006297,-0.025006,0.006266,0.008650
2019-01-08,0.020997,0.009501,0.019912,0.009424,0.012677
2019-01-09,0.077635,0.005308,-0.005811,0.018506,0.004418
2019-01-10,0.001908,0.005170,-0.008727,0.019971,0.001100
2019-01-11,-0.008095,0.000735,0.007582,-0.005617,-0.010985
2019-01-14,0.012962,-0.004127,-0.013026,-0.005326,0.003332
2019-01-15,0.086256,0.005896,0.010356,0.007951,0.000369
2019-01-16,0.027923,0.003280,0.005112,0.010142,0.007377
2019-01-17,-0.024618,0.007300,0.004816,0.002550,0.006591
2019-01-18,0.026980,0.013108,0.003910,0.009697,0.012732
2019-01-23,0.059300,0.001797,0.016154,-0.001271,0.009158
2019-01-24,0.068466,0.000709,-0.013038,0.018298,-0.015608
2019-01-25,-0.037693,0.008130,0.001993,0.024844,0.015118
2019-01-28,0.026244,-0.005124,-0.000053,-0.010215,-0.003269
2019-01-29,-0.013359,0.002128,-0.002653,0.010166,-0.011662
2019-01-30,-0.015087,0.010885,-0.010932,0.010979,-0.006268
2019-01-31,-0.020424,0.006271,-0.009977,-0.005732,-0.022263
2019-02-01,0.012831,0.002493,-0.010485,0.006068,0.021252
2019-02-04,0.007126,0.004229,0.003980,-0.004976,0.012263
2019-02-05,0.018082,0.003750,0.002652,0.013790,-0.008076
2019-02-06,-0.004247,-0.002381,0.000354,-0.005381,0.000000
2019-02-07,0.012796,-0.008344,0.007197,-0.022543,-0.018505
2019-02-08,-0.017611,-0.000251,0.005467,-0.016298,-0.007541
2019-02-11,-0.047545,0.000469,0.003688,-0.003126,0.011018
2019-02-12,-0.003273,0.011428,0.007134,0.005331,0.008643
2019-02-13,0.016420,0.002930,-0.012569,0.002028,0.008942
2019-02-14,-0.030695,-0.002779,0.012190,-0.008249,-0.018833
2019-02-15,0.007500,0.013123,-0.008313,0.010515,0.003387
2019-02-20,0.000806,0.003587,-0.002599,0.006178,0.002644
2019-02-21,0.010471,-0.004094,0.000537,-0.010131,0.012811
2019-02-22,0.002391,0.005764,0.011412,0.006203,-0.012277
2019-02-25,0.018290,0.000447,-0.005363,0.009092,0.006780
2019-02-26,0.043733,-0.001073,0.001094,0.000305,-0.013842
2019-02-27,-0.015713,0.000261,-0.000880,-0.007786,0.021624
2019-02-28,-0.032307,-0.003551,-0.005284,-0.020003,0.006684
2019-03-01,0.005499,0.004418,0.005419,0.010991,0.016230
2019-03-04,-0.005078,-0.004992,-0.006965,-0.002174,-0.011978
2019-03-05,0.003141,-0.001013,0.014161,-0.002490,0.000000
2019-03-06,-0.021135,-0.006849,0.000079,-0.010142,-0.011021
2019-03-07,-0.004398,-0.007543,0.016532,-0.016709,-0.020802
2019-03-08,-0.018876,-0.002274,0.008471,0.004649,-0.004173
2019-03-11,0.011871,0.011770,-0.014447,0.025690,0.006857
2019-03-12,-0.018204,0.001716,0.006267,-0.000156,-0.014378
2019-03-13,0.002884,0.007268,-0.006697,0.001245,0.002303
2019-03-14,-0.014790,-0.001112,0.000446,-0.006993,0.007277
2019-03-15,0.030025,0.004392,0.007133,-0.004695,-0.014069
2019-03-18,0.007287,0.005162,-0.007161,0.008490,0.003471
2019-03-19,-0.041399,-0.001613,-0.006032,0.007795,0.004612
2019-03-20,-0.010901,-0.004744,-0.000607,-0.008973,-0.030222
2019-03-21,0.008478,0.006479,-0.003564,0.006088,0.000789
2019-03-22,-0.024800,-0.019020,0.004451,-0.029325,-0.032322
2019-03-25,0.037069,-0.000297,0.030335,-0.007673,-0.014257
2019-03-26,0.002910,0.008430,-0.013415,0.001772,-0.002479
2019-03-27,-0.002487,-0.003927,0.005553,0.005146,-0.016570
2019-03-28,-0.034067,0.003245,0.029213,0.011998,0.006318
2019-03-29,0.018925,0.005090,-0.022692,0.004110,0.010465
2019-04-01,0.035880,0.010959,0.006363,0.024716,0.034383
2019-04-02,0.011410,-0.001323,-0.018865,0.002765,-0.006408
2019-04-03,-0.020951,0.001135,0.000987,0.011950,0.014510
2019-04-04,-0.032099,0.002738,0.004153,-0.008176,-0.001986
2019-04-05,0.000000,0.004583,-0.003206,0.011754,-0.004379
2019-04-08,0.004252,0.001208,0.004694,-0.004677,0.007197
2019-04-09,-0.023285,-0.007234,-0.006660,-0.013946,-0.007940
2019-04-10,-0.018205,0.002930,-0.000052,-0.000615,-0.008804
2019-04-11,-0.011037,-0.000019,-0.006237,0.002923,0.010900
2019-04-12,-0.031250,0.006396,0.008316,0.009969,0.022364
2019-04-15,0.005069,-0.000992,0.006354,-0.007441,-0.002734
2019-04-16,-0.026135,-0.000343,-0.002551,-0.014841,0.015276
2019-04-17,-0.011770,-0.003484,0.008630,-0.006212,0.000000
2019-04-18,-0.007623,0.001209,0.008428,-0.001094,-0.012346
2019-04-23,0.008721,0.006161,-0.000102,0.005697,-0.007722
2019-04-24,-0.004323,-0.003249,-0.004016,-0.005507,-0.018677
2019-04-25,0.044380,-0.002986,0.018197,0.012500,0.004758
2019-04-26,0.009700,0.006059,-0.009249,0.007032,-0.011444
2019-04-29,-0.012809,0.001298,-0.005945,-0.000931,0.012375
2019-04-30,-0.043559,0.004043,0.003843,-0.003572,-0.010647
2019-05-01,-0.005329,-0.008768,-0.006947,-0.008574,0.000797
2019-05-02,0.028251,-0.001280,0.000613,0.002673,0.016328
2019-05-03,-0.011843,0.008378,0.011966,0.011447,-0.008229
2019-05-06,0.003356,-0.004695,-0.007463,-0.007752,-0.012248
2019-05-07,-0.014811,-0.015271,0.008027,-0.028750,-0.020800
2019-05-08,0.012609,-0.000924,0.000126,-0.009974,0.013889
2019-05-09,0.053640,-0.002768,-0.010684,-0.000975,-0.010073
2019-05-10,-0.069091,0.004461,0.004865,0.003253,-0.000814
2019-05-13,-0.076172,-0.020443,0.003625,-0.037289,-0.020367
2019-05-14,-0.011099,0.007447,0.007778,0.008252,0.005821
2019-05-15,-0.014431,0.002559,-0.003859,-0.009521,-0.016536
2019-05-16,-0.020065,0.006803,0.006239,-0.000506,0.010929
2019-05-17,0.012728,-0.006338,0.011575,-0.007930,-0.004990
2019-05-20,-0.025683,-0.003226,0.012654,-0.018877,0.009611
2019-05-21,0.027482,0.008237,-0.000610,0.007454,0.004139
2019-05-24,-0.063571,0.004500,0.000471,0.002300,0.012195
2019-05-29,-0.030477,-0.006393,-0.004577,-0.010541,-0.014109
2019-05-30,-0.010083,0.000601,-0.012476,-0.003250,-0.004025
2019-05-31,-0.025165,-0.010422,0.001661,-0.003623,-0.038168
2019-06-03,-0.017824,0.006305,-0.014020,0.006909,-0.028478
2019-06-04,-0.007509,0.017725,-0.010219,0.021488,0.018260
2019-06-05,-0.013871,0.004309,-0.007853,0.002121,0.001888
2019-06-06,-0.019821,0.004832,0.006695,-0.001058,0.000471
2019-06-07,0.022179,0.007116,-0.000258,0.009182,-0.018832
2019-06-10,0.012763,0.002833,-0.000490,0.001225,0.028311
2019-06-11,0.008191,0.000928,0.002064,0.017127,-0.001400
2019-06-12,-0.037500,-0.002269,-0.007569,0.005842,-0.006075
2019-06-13,0.075325,0.003338,0.002802,0.016057,-0.016925
2019-06-14,-0.004831,-0.003139,-0.004578,-0.002354,0.000956
2019-06-17,0.016990,-0.000917,0.012032,-0.005136,-0.003344
2019-06-18,0.022076,0.010328,-0.001926,0.016229,-0.012464
2019-06-19,0.000584,0.003612,-0.007075,0.006796,-0.015048
2019-06-20,-0.009335,0.009839,-0.006244,0.004725,-0.013800
2019-06-21,0.020024,-0.002622,0.000600,-0.000840,0.033483
2019-06-24,0.040993,-0.002089,-0.004482,-0.014960,-0.022727
2019-06-25,-0.038270,-0.006400,0.001335,0.007508,-0.013360
2019-06-26,0.000000,-0.001905,0.005202,-0.000339,0.027583
2019-06-27,0.005190,0.004129,-0.000676,0.004575,-0.021474
2019-06-28,-0.022949,0.006509,-0.007000,0.011300,-0.002494
2019-07-01,-0.032296,0.005976,0.008779,0.007505,0.017000
2019-07-02,-0.026092,0.001894,-0.002572,0.003476,-0.028515
2019-07-03,-0.007476,0.006639,0.001120,0.006104,-0.011640
2019-07-08,-0.011628,-0.004821,0.004815,-0.010991,-0.006836
2019-07-09,-0.010588,-0.000786,-0.005237,-0.023387,0.009833
2019-07-10,-0.001189,0.002769,-0.000026,0.003567,0.003408
2019-07-11,-0.011905,0.001933,-0.012819,-0.008800,0.028627
2019-07-12,0.028313,0.002731,0.001200,0.004781,-0.006604
2019-07-15,0.027534,-0.000104,-0.005433,-0.006627,-0.006648
2019-07-16,0.014823,-0.002887,0.005168,0.000171,0.014340
2019-07-17,0.030899,-0.005701,0.003596,-0.009749,-0.028746
2019-07-18,-0.001635,0.003714,-0.001433,-0.002073,-0.011160
2019-07-19,-0.039847,-0.004306,-0.011803,-0.001038,0.004907
2019-07-22,-0.009665,-0.000169,0.007667,-0.004504,-0.002441
2019-07-23,-0.028129,0.006693,-0.001628,0.019840,0.015174
2019-07-24,0.000000,0.002835,0.008717,0.011433,-0.011572
2019-07-25,-0.016539,-0.004960,-0.000292,-0.010798,0.011707
2019-07-26,-0.013213,0.005028,0.001034,0.006822,0.003375
2019-07-29,-0.012173,-0.000974,-0.000450,-0.007962,-0.012494
2019-07-30,0.009858,-0.002677,0.001749,-0.004781,0.002920
2019-07-31,-0.027456,-0.009146,0.002434,-0.013212,-0.019408
2019-08-01,-0.012547,-0.011157,0.005911,-0.022431,-0.062840
2019-08-02,-0.013977,-0.006293,0.006716,-0.016364,-0.020591
2019-08-05,-0.027706,-0.026652,0.012144,-0.019530,-0.064690
2019-08-06,0.013254,0.010469,0.022967,-0.006824,0.002305
2019-08-07,0.006540,0.000382,-0.003624,0.000186,-0.031627
2019-08-08,0.028590,0.015504,0.002198,0.008355,0.019002
2019-08-09,-0.032849,-0.006267,-0.012552,-0.012705,0.010490
2019-08-12,0.004572,-0.012722,0.005769,0.002611,-0.054787
2019-08-13,0.065019,0.010974,0.011091,0.015439,0.025015
2019-08-14,-0.038461,-0.028002,-0.005397,-0.029493,-0.058929
2019-08-15,0.010159,0.003355,0.022184,0.002076,-0.032891
2019-08-16,0.003143,0.013769,-0.014863,0.023733,0.006540
2019-08-19,-0.020050,0.008545,0.003634,0.000184,0.038337
2019-08-20,-0.022379,-0.006975,0.017130,-0.003863,-0.023154
2019-08-21,-0.005886,0.007746,-0.005278,0.008680,0.010250
2019-08-22,-0.052632,-0.000673,-0.006837,-0.003845,0.020926
2019-08-23,-0.060417,-0.021438,0.010934,-0.020952,-0.050932
2019-08-26,-0.000739,0.008309,0.014307,0.005256,0.011126
2019-08-27,0.005178,-0.003640,0.006132,-0.002988,-0.035599
2019-08-28,0.005151,0.006829,-0.006913,0.008990,-0.016107
2019-08-29,0.020498,0.011529,0.010891,0.019306,0.034106
2019-08-30,0.008608,0.002586,0.000096,0.012202,-0.006596
2019-09-04,0.026529,0.010496,-0.004612,0.013508,-0.004775
2019-09-05,0.033740,0.009490,-0.017262,0.015670,0.072653
2019-09-06,0.009722,0.001209,0.003127,0.008690,-0.009585
2019-09-09,0.054333,0.002114,-0.010887,0.006153,0.046452
2019-09-10,-0.001305,0.002565,0.007904,0.018522,0.049322
2019-09-11,-0.003266,0.006807,-0.003396,0.021273,0.018214
2019-09-12,0.050459,0.002571,-0.003751,-0.002016,0.033468
2019-09-13,0.014348,0.000632,-0.001304,0.009931,0.062535
2019-09-16,0.024600,-0.001246,0.006553,-0.001000,-0.032580
2019-09-17,0.001201,0.001787,-0.001518,-0.007340,-0.015752
2019-09-18,-0.017386,-0.000921,-0.000809,-0.001513,-0.014349
2019-09-19,-0.031727,-0.000614,0.007679,-0.008753,-0.006719
2019-09-20,-0.042218,-0.001331,0.014438,-0.008490,-0.010710
2019-09-23,0.039474,-0.000647,-0.004392,-0.002226,-0.026781
2019-09-24,-0.015190,-0.007113,0.003182,-0.005836,-0.042740
2019-09-25,0.029563,0.003491,0.000048,0.009323,0.059327
2019-09-26,-0.006242,-0.000680,-0.003508,-0.002908,-0.027136
2019-09-27,0.012563,-0.004357,0.005329,0.002745,-0.005935
2019-09-30,0.001241,0.002525,-0.002902,0.003251,0.000000
2019-10-01,-0.011152,-0.013025,-0.000553,-0.011085,-0.018507
2019-10-02,-0.016291,-0.017679,-0.000048,-0.015865,-0.029197
2019-10-03,0.000000,0.006134,-0.007269,0.000876,-0.037594
2019-10-04,0.024204,0.011492,-0.010062,0.008578,-0.013672
2019-10-07,-0.031094,-0.004194,-0.006931,-0.001042,0.025083
2019-10-08,-0.014121,-0.014622,0.012455,-0.010947,-0.010303
2019-10-09,0.011719,0.007962,-0.003459,0.014582,0.033832
2019-10-10,0.056628,0.005897,0.004253,0.012814,0.043424
2019-10-11,0.047503,0.012605,0.000024,0.019320,0.056695
2019-10-14,-0.022093,-0.002375,0.000024,-0.000335,-0.010845
2019-10-15,-0.005945,0.008516,0.003700,0.010235,0.021927
2019-10-16,-0.010766,-0.000857,0.013313,0.005149,-0.012987
2019-10-17,-0.019347,0.003412,-0.007179,-0.006279,0.005149
2019-10-18,0.007398,-0.002499,0.003013,0.016794,-0.005692
2019-10-21,0.024480,0.006302,-0.012016,0.013900,0.025758
2019-10-22,0.020311,-0.001280,0.003324,0.006129,-0.013393
2019-10-23,-0.001171,0.003253,-0.011240,0.010099,-0.005091
2019-10-24,-0.038687,0.000344,-0.011107,-0.002698,0.003980
2019-10-25,-0.008537,0.002084,0.001537,0.012094,0.019819
2019-10-28,0.004920,0.003057,-0.009011,0.004717,0.028873
2019-10-29,-0.004896,0.001759,-0.003522,-0.011111,-0.009714
2019-10-30,-0.009840,0.002603,0.001981,0.009020,-0.020164
2019-10-31,0.003727,-0.005452,-0.002627,-0.012390,-0.059511
2019-11-01,0.089109,0.009753,0.007476,0.020327,0.021881
2019-11-04,0.030682,0.004148,-0.006623,0.019300,0.033565
2019-11-05,0.019846,-0.001187,0.005364,-0.000306,0.044793
2019-11-06,-0.029189,0.000898,-0.004687,-0.006721,-0.027867
2019-11-07,0.037862,0.003294,0.022620,0.007227,0.061742
2019-11-08,-0.025751,0.000914,0.004213,-0.005343,0.003634
2019-11-11,0.009912,-0.001468,0.008269,0.000614,0.005173
2019-11-12,-0.004362,-0.000037,0.004331,-0.001381,-0.017499
2019-11-13,-0.015334,-0.000192,0.003999,-0.001997,-0.020430
2019-11-14,-0.031146,0.000519,0.000168,-0.001539,-0.029412
2019-11-15,0.024110,0.007539,0.006165,0.009095,0.010468
2019-11-18,0.002242,-0.000678,0.000119,0.001528,-0.014177
2019-11-19,0.005593,-0.001295,0.005149,0.000915,-0.012168
2019-11-20,-0.015573,-0.003494,-0.005858,-0.008991,-0.026876
2019-11-21,0.020339,-0.000960,0.000787,-0.007074,0.019563
2019-11-22,0.003322,0.002576,-0.000787,0.002788,0.001129
2019-11-25,-0.011038,0.006840,0.000787,0.005869,-0.005637
2019-11-26,-0.010044,0.001982,0.007247,0.000921,-0.013605
2019-11-27,0.033822,0.003533,0.001515,0.006289,0.015517
2019-12-02,0.022222,-0.007158,0.011485,-0.000154,0.033784
2019-12-03,-0.004348,-0.006110,-0.003258,-0.006939,-0.069172
2019-12-04,-0.024018,0.006874,-0.004334,0.009627,0.042130
2019-12-05,0.013423,0.001808,0.000500,-0.000154,0.008984
2019-12-06,0.015452,0.007861,-0.005112,0.011229,0.025042
2019-12-09,-0.010869,-0.002445,-0.015700,-0.004564,-0.007058
2019-12-10,0.016483,-0.000720,0.005390,-0.006418,0.002187
2019-12-11,0.027027,0.002555,0.000845,0.009228,-0.023459
2019-12-12,0.010526,0.008652,-0.005043,0.006248,0.059777
2019-12-13,-0.011458,-0.000005,-0.008840,-0.000454,-0.041118
2019-12-16,0.015806,0.007141,-0.000354,0.011946,0.040132
2019-12-17,0.016597,0.000014,-0.005850,-0.002400,-0.001586
2019-12-18,-0.006122,0.000280,0.002043,-0.001053,0.018528
2019-12-19,-0.005133,0.002352,-0.002589,0.001204,-0.008316
2019-12-20,0.009288,0.004163,0.002251,0.008719,0.004717
2019-12-23,0.002045,0.000773,0.002728,-0.002832,0.009390
2019-12-24,-0.005102,-0.000349,0.000515,-0.002092,-0.012920
2019-12-27,-0.010020,0.000267,-0.006931,-0.000298,-0.016273
2019-12-30,0.002024,-0.004876,-0.007991,-0.001791,0.011206
2019-12-31,-0.006061,0.002658,-0.001638,0.001644,0.012665
2020-01-03,-0.016749,-0.006102,0.001768,-0.008231,-0.049947
2020-01-06,-0.017034,0.001778,0.008351,-0.001811,0.012864
2020-01-07,0.021407,-0.003109,0.000838,-0.000454,0.008835
2020-01-08,0.055888,0.002590,0.001428,0.000000,0.025725
2020-01-09,-0.009452,0.004536,-0.000836,-0.000756,-0.008538
2020-01-10,0.001909,-0.002835,0.007212,-0.002725,-0.017761
2020-01-13,0.019048,0.006067,-0.005279,0.009258,0.012603
2020-01-14,-0.001869,-0.000393,0.018499,-0.004210,-0.016234
2020-01-15,-0.006554,0.001147,-0.003498,-0.006645,-0.016502
2020-01-16,-0.006598,0.006301,0.010384,0.006081,0.011745
2020-01-17,-0.005693,0.002929,0.002252,0.003929,0.014925
2020-01-22,0.057654,0.000018,0.005348,0.006236,0.000000
2020-01-23,-0.001880,-0.000581,-0.007029,-0.003930,-0.016393
2020-01-24,-0.022599,-0.008763,-0.002918,-0.010167,-0.033908
2020-01-27,-0.065511,-0.014942,-0.002303,-0.030814,-0.045211
2020-01-28,0.015464,0.007844,0.011203,0.012338,0.022430
2020-01-29,-0.016244,-0.002436,-0.003019,-0.005156,-0.028641
2020-01-30,-0.024768,0.001308,0.008466,0.000314,-0.022585
2020-01-31,-0.025397,-0.017878,0.003145,-0.019469,-0.024390
2020-02-03,0.009772,0.004688,0.009523,0.001441,0.000000
2020-02-04,-0.023656,0.013520,-0.008359,0.013911,0.054605
2020-02-05,-0.007709,0.011687,0.001625,0.025706,0.028696
2020-02-06,0.008879,0.000719,-0.004725,-0.011070,-0.003032
2020-02-07,-0.042904,-0.007340,0.011149,-0.017102,-0.040146
2020-02-10,-0.027586,0.003772,0.009251,0.002373,-0.019645
2020-02-11,0.047281,0.004977,0.000133,0.016885,0.027796
2020-02-12,0.038375,0.005899,0.001517,0.018156,0.025157
2020-02-13,0.030435,-0.002684,0.006232,-0.003048,-0.007975
2020-02-14,-0.023207,-0.000121,-0.001776,-0.004740,-0.017934
2020-02-19,0.001094,0.003428,0.006541,0.003898,0.008997
2020-02-20,-0.004371,-0.001821,0.002113,0.010873,-0.028662
2020-02-21,0.029638,-0.006095,0.006485,0.000000,-0.035410
2020-02-24,-0.043710,-0.031602,-0.000569,-0.043485,-0.063902
2020-02-25,-0.024526,-0.028845,-0.000729,-0.031807,-0.034132
2020-02-26,-0.004571,-0.007388,0.000046,-0.000166,-0.015038
2020-02-27,-0.026406,-0.038276,0.014202,-0.038168,-0.008397
2020-02-28,0.000000,-0.013252,0.008024,-0.009144,-0.132410
2020-03-02,0.040094,0.036105,-0.009699,0.026641,-0.034605
2020-03-03,0.001134,-0.022237,0.007003,-0.009328,-0.071691
2020-03-04,0.066818,0.037250,0.009123,0.037836,-0.017822
2020-03-05,-0.026539,-0.032047,0.015554,-0.035962,-0.066532
2020-03-06,-0.063250,-0.019138,0.004975,-0.020705,-0.237581
2020-03-09,-0.097788,-0.085298,-0.003560,-0.087541,-0.293201
2020-03-10,0.086452,0.043797,0.028999,0.041746,0.498998
2020-03-11,-0.121140,-0.052231,-0.017108,-0.075000,0.096257
2020-03-12,-0.182432,-0.099893,0.036988,-0.129173,0.035366
2020-03-13,0.117355,0.078620,-0.004902,0.120265,0.120141
2020-03-16,-0.162722,-0.118341,0.013027,-0.135669,-0.234490
2020-03-17,0.014134,0.051824,0.030169,0.072354,0.369505
2020-03-18,-0.175958,-0.067449,0.002140,-0.099121,0.269809
2020-03-19,0.156448,0.008174,0.018816,0.052696,-0.116114
2020-03-20,-0.045704,-0.034683,-0.001913,-0.035689,-0.161752
2020-03-23,0.067050,-0.038955,-0.009560,-0.041577,-0.185501
2020-03-24,0.050269,0.100365,0.019066,0.099549,0.068063
2020-03-25,0.000000,0.031378,-0.008480,0.049943,0.051471
2020-03-26,-0.018803,0.057713,-0.012632,0.031712,-0.054779
2020-03-27,0.125436,-0.033130,-0.002205,-0.027790,-0.076449
2020-03-30,0.027864,0.024298,0.016332,0.030100,-0.105474
2020-03-31,0.034639,-0.012733,0.017253,0.011562,0.041791
2020-04-01,0.024745,-0.044363,0.002080,-0.060682,-0.090258
2020-04-02,0.073864,0.022095,0.008590,0.020354,-0.012598
2020-04-03,-0.023809,-0.018061,0.001353,-0.032741,-0.063796
2020-04-06,0.023035,0.064228,0.017734,0.068370,0.151618
2020-04-07,-0.062252,0.002073,-0.011816,0.000629,0.088757
2020-04-08,0.046610,0.034692,-0.012033,0.045083,0.038043
2020-04-09,-0.078273,0.021465,-0.018806,0.026284,-0.045812
2020-04-14,0.032810,0.020336,0.018216,0.005371,0.004005
2020-04-15,-0.029006,-0.029384,-0.007021,-0.038385,-0.151596
2020-04-16,-0.017070,-0.002387,0.014529,-0.014403,-0.045455
2020-04-17,-0.017366,0.036075,-0.001165,0.035908,0.073892
2020-04-20,-0.039764,-0.018237,0.000344,-0.028416,-0.042813
2020-04-21,0.012270,-0.027030,0.015805,-0.012446,-0.087859
2020-04-22,-0.018182,0.018878,-0.000075,0.020584,0.084063
2020-04-23,0.027778,0.000744,0.026698,0.001029,-0.009693
2020-04-24,0.033033,0.009272,0.013964,0.009046,-0.027732
2020-04-27,0.031977,0.022413,0.007139,0.027506,0.100671
2020-04-28,-0.016901,0.004870,0.014356,0.037676,-0.070122
2020-04-29,0.057307,0.026373,-0.027456,0.033441,0.027869
2020-04-30,-0.023035,-0.021164,-0.029578,-0.026997,-0.007974
2020-05-01,-0.018031,-0.027591,0.028342,-0.047130,0.032154
2020-05-04,0.033898,-0.000207,-0.001641,0.006980,-0.007788
2020-05-05,0.012295,0.007156,0.011612,-0.013072,0.031397
2020-05-06,-0.018893,-0.012160,0.006768,0.002208,0.082192
2020-05-07,0.056396,0.011062,0.024578,0.017621,-0.112518
2020-05-08,0.083333,0.020920,0.019863,0.045848,0.080824
2020-05-11,-0.020433,-0.006427,-0.060342,-0.015616,0.064516
2020-05-12,0.013497,-0.020014,0.062096,-0.030963,-0.066116
2020-05-13,0.035109,-0.020455,0.011638,-0.024458,-0.042773
2020-05-14,-0.042105,0.009047,0.000272,-0.005863,-0.046225
2020-05-15,-0.074481,0.001822,-0.013081,-0.013016,0.033926
2020-05-18,-0.048813,0.041554,0.007884,0.061199,0.162500
2020-05-19,-0.008322,-0.013441,-0.023261,-0.008155,-0.044355
2020-05-20,-0.011189,0.015208,0.006330,0.021339,-0.043601
2020-05-21,-0.028289,-0.005993,-0.011242,-0.001534,-0.004412
2020-05-22,0.007278,-0.001729,-0.024268,-0.004223,-0.029542
2020-05-27,0.035461,0.020213,-0.018261,0.024818,-0.025788
2020-05-28,-0.028767,-0.002756,-0.013342,-0.009833,0.036765
2020-05-29,-0.001410,-0.000166,0.024826,-0.006436,-0.080851
2020-06-01,0.004237,0.008243,-0.012732,0.013511,0.021605
2020-06-02,0.049226,0.012283,0.005942,0.013331,0.027190
2020-06-03,0.009383,0.021233,-0.031156,0.019643,0.119118
2020-06-04,0.042497,-0.001236,-0.026484,0.009721,0.077530
2020-06-05,-0.016560,0.028848,0.010985,0.015579,0.102439
2020-06-08,0.028497,0.015438,-0.030818,0.022751,-0.022124
2020-06-09,-0.021411,-0.016911,-0.027805,-0.018200,-0.062217
2020-06-10,-0.011583,-0.013495,0.015928,-0.020426,-0.097708
2020-06-11,-0.036458,-0.063462,0.015066,-0.069389,-0.127005
2020-06-12,-0.009459,0.017840,0.000563,0.025607,0.070444
2020-06-15,0.020464,0.006382,0.014633,0.012279,0.004292
2020-06-16,-0.029412,0.018300,0.020882,0.021405,0.076923
2020-06-17,0.013774,-0.006165,0.017541,-0.002329,-0.030423
2020-06-18,0.001359,-0.001150,-0.002994,-0.002154,-0.053206
2020-06-19,-0.002714,-0.007659,0.028558,0.010435,0.004323
2020-06-22,0.010884,0.004073,-0.012497,0.006054,0.010043
2020-06-23,0.000000,0.004059,-0.010942,0.001770,0.007102
2020-06-24,-0.030956,-0.029078,-0.019212,-0.023145,-0.035261
2020-06-25,-0.002778,0.011817,0.037973,-0.011937,-0.014620
2020-06-26,-0.043175,-0.021970,0.002413,-0.009885,-0.056380
2020-06-29,0.014556,0.014878,0.022651,0.016269,0.000000
2020-06-30,-0.030129,0.009909,-0.014377,0.008914,0.026730
2020-07-01,0.032544,0.000653,0.011033,-0.002524,0.044410
2020-07-02,-0.008596,0.007559,-0.026640,0.004881,-0.019062
2020-07-07,-0.030523,-0.013970,0.008077,-0.014482,-0.049708
2020-07-08,0.019490,0.008027,0.004389,0.010341,0.004615
2020-07-09,0.010294,-0.013053,-0.006545,-0.012749,-0.073507
2020-07-10,0.008734,0.012319,-0.000898,0.026919,0.046281
2020-07-13,-0.034632,-0.005044,-0.002042,-0.007616,0.011058
2020-07-14,0.031390,0.000000,0.014004,0.027842,-0.039062
2020-07-15,0.046377,0.031349,-0.006424,0.011287,0.024390
2020-07-16,0.002770,-0.003326,0.000028,0.004808,-0.028571
2020-07-17,0.019337,0.004261,-0.006754,0.015038,0.026144
2020-07-20,0.012195,-0.000787,0.010243,0.004377,-0.012739
2020-07-21,0.028113,0.009336,-0.010696,-0.002849,-0.020968
2020-07-22,0.003906,0.004828,-0.029638,0.003866,-0.019769
2020-07-23,0.009079,-0.004630,-0.010000,0.002679,-0.021849
2020-07-24,0.039846,-0.003924,0.018073,0.004008,0.012027
2020-07-27,-0.001236,0.007330,0.003551,0.022954,0.033956
2020-07-28,-0.006188,-0.004932,-0.016767,-0.006829,-0.045977
2020-07-29,-0.009963,0.014282,0.002116,0.016208,-0.003442
2020-07-30,0.026415,-0.010761,0.003202,-0.012889,-0.065630
2020-07-31,-0.018382,-0.005444,-0.002883,-0.025135,-0.009242
2020-08-03,0.011236,0.005757,0.013058,0.014733,0.050373
2020-08-04,-0.023457,0.006006,0.018674,0.002475,-0.085258
2020-08-05,0.067004,0.009470,-0.005358,0.017446,0.054369
2020-08-06,0.023697,-0.000187,0.000132,-0.000324,-0.012891
2020-08-07,-0.019676,0.002881,0.007636,0.004854,0.048507
2020-08-10,0.014168,0.006124,0.019864,0.002255,0.021352
2020-08-11,0.000000,0.000421,0.007964,-0.000161,0.146341
2020-08-12,-0.004657,0.009759,-0.018265,0.016551,0.018237
2020-08-13,0.030409,-0.004291,0.010148,0.003320,0.068657
2020-08-14,0.054483,-0.001289,-0.012511,0.006460,-0.009777
2020-08-17,-0.004306,0.002605,0.010024,0.017533,-0.036671
2020-08-18,0.023784,-0.001993,0.016141,0.000615,-0.020498
2020-08-19,-0.035903,-0.003908,-0.007788,0.002306,0.008969
2020-08-20,0.028478,-0.003656,0.016650,-0.003068,-0.045926
2020-08-21,-0.018104,-0.000296,-0.000090,0.001846,-0.006211
2020-08-24,0.007592,0.012789,0.011285,0.014744,0.009375
2020-08-25,-0.005382,0.002244,-0.001424,-0.004541,0.055727
2020-08-26,-0.009740,0.003119,-0.018394,0.008666,0.007331
2020-08-27,0.000000,0.002014,0.018121,-0.001357,0.085881
2020-08-28,0.027322,0.007816,-0.006866,0.008000,-0.022788
2020-08-31,-0.028723,-0.009518,-0.032090,-0.013627,-0.049383
2020-09-01,0.046002,0.005223,0.018720,0.014574,-0.030303
2020-09-02,-0.043979,0.012430,-0.017046,0.007482,-0.031250
2020-09-03,-0.013144,-0.023394,-0.010857,-0.026586,-0.044547
2020-09-04,-0.015538,0.000000,-0.009141,0.004577,0.159164
2020-09-09,0.028868,0.015584,0.011759,0.019675,0.027778
2020-09-10,-0.028058,-0.013900,-0.009719,-0.011639,-0.025605
2020-09-11,-0.013857,0.005222,0.002261,0.004958,-0.023358
2020-09-14,0.026932,0.012499,-0.000808,0.024823,0.002989
2020-09-15,0.046750,0.002667,-0.009010,0.006469,0.011923
2020-09-16,-0.020697,0.002366,0.001139,0.003139,0.011782
2020-09-17,0.037820,-0.003801,-0.007262,0.006854,-0.004367
2020-09-18,-0.008575,-0.008872,0.000344,-0.011248,0.014620
2020-09-21,-0.037838,0.000000,0.029020,-0.034725,-0.033141
2020-09-22,-0.032584,-0.018002,0.004230,-0.002636,-0.010432
2020-09-23,-0.038328,-0.019312,0.010586,-0.021144,0.018072
2020-09-24,0.000000,0.000516,0.022395,0.002541,-0.014793
2020-09-25,0.041063,0.009691,-0.015020,0.008872,-0.010511
2020-09-28,-0.017401,0.015391,0.009567,0.020886,0.006070
2020-09-29,-0.022432,-0.005908,0.017820,-0.000154,-0.027149
2020-09-30,-0.013285,0.007875,-0.005247,-0.005385,0.049612
2020-10-01,0.002448,0.001964,-0.003925,0.015159,0.000000
2020-10-02,-0.006105,0.001803,0.005991,0.004571,0.028065
2020-10-05,0.039312,0.015676,0.007019,0.020931,0.094828
2020-10-06,0.007092,-0.008631,-0.019044,-0.014262,-0.026247
2020-10-07,0.004695,0.015926,0.003660,0.017031,0.057952
2020-10-08,0.025701,0.011367,0.003128,-0.000445,-0.025478
2020-10-09,0.002278,0.004703,-0.002263,0.001483,0.013072
2020-10-12,0.005682,0.005452,-0.012432,0.010955,0.002581
2020-10-13,-0.011299,-0.008474,0.000127,-0.015522,-0.064350
2020-10-14,-0.018286,-0.005207,0.007017,-0.001636,-0.006878
2020-10-15,-0.003492,-0.000450,0.003951,-0.005215,0.012465
2020-10-16,0.044392,0.002441,0.003703,0.003744,0.017784
2020-10-19,-0.010067,-0.011452,0.005988,-0.001940,0.022849
2020-10-20,0.019209,0.005657,-0.006944,0.009718,0.047306
2020-10-21,-0.014413,-0.003974,-0.000250,0.005034,0.023839
2020-10-22,0.030371,0.008113,0.000642,-0.006040,0.039216
2020-10-23,-0.014192,0.004103,-0.002942,0.000149,-0.008255
2020-10-26,-0.001107,-0.019960,0.004453,-0.024748,-0.047562
2020-10-27,-0.031042,-0.009162,0.001157,-0.014891,-0.028714
2020-10-28,-0.042334,-0.031398,0.014673,-0.027302,0.003856
2020-10-29,0.033453,0.006997,0.006959,0.014589,0.069142
2020-10-30,0.001156,-0.005836,0.005727,-0.011097,0.029940
2020-11-02,0.013857,0.018733,-0.006300,0.015963,-0.012791
2020-11-03,0.036447,0.017002,-0.000052,0.028003,0.038869
2020-11-04,0.000000,0.007882,0.002404,0.001362,-0.129252
2020-11-05,0.017582,0.016964,-0.015969,0.020402,0.010417
2020-11-06,-0.006480,0.001481,-0.024651,0.006220,0.056701
2020-11-09,-0.020652,0.029729,-0.029094,-0.003238,0.168293
2020-11-10,-0.022197,0.007078,0.004102,0.013290,0.014614
2020-11-11,0.013621,0.001225,0.005423,0.007286,-0.014403
2020-11-12,-0.007839,-0.012628,-0.004415,-0.023148,-0.076200
2020-11-13,0.067720,0.015485,0.012375,0.027547,0.009040
2020-11-16,0.031713,0.016050,0.000055,0.021908,0.014558
2020-11-17,-0.019467,-0.002367,-0.007715,0.001551,-0.037528
2020-11-18,-0.014629,-0.010069,-0.016196,0.003521,0.011468
2020-11-19,0.000000,0.003953,0.006476,-0.004491,-0.031746
2020-11-20,-0.001060,-0.002613,-0.010668,-0.000705,-0.029274
2020-11-23,-0.013801,0.012384,0.013875,0.009592,0.033776
2020-11-24,0.003229,0.017949,0.011621,0.016208,0.029172
2020-11-25,0.018241,-0.004065,-0.012499,-0.004675,-0.004535
2020-11-30,0.011639,-0.013525,0.001350,-0.009346,0.002375
2020-12-01,0.055609,0.010008,-0.002134,0.028579,0.106635
2020-12-02,-0.057221,0.002941,-0.023672,-0.009846,0.014989
2020-12-03,-0.030828,0.002040,0.002190,0.002724,-0.029536
2020-12-04,0.016898,0.014078,-0.012518,0.013313,0.053261
2020-12-07,0.009775,-0.004325,0.000660,-0.000402,-0.042312
2020-12-08,-0.008712,0.003288,-0.010884,0.013680,-0.016164
2020-12-09,-0.017578,-0.001950,0.004197,0.013231,0.030668
2020-12-10,-0.002982,0.001409,0.009766,0.002873,-0.035069
2020-12-11,0.017946,-0.002713,-0.028145,0.001432,-0.016520
2020-12-14,-0.011753,-0.009778,0.007961,0.006788,-0.001120
2020-12-15,0.048563,0.013183,0.010564,0.022433,0.034753
2020-12-16,0.014178,0.000460,-0.007585,0.006468,-0.003250
2020-12-17,0.005592,0.007481,0.000850,0.010711,0.010870
2020-12-18,0.029657,-0.003369,-0.005174,-0.005860,0.019355
2020-12-21,-0.035103,-0.006150,0.008642,-0.015300,-0.007384
2020-12-22,0.046642,-0.004000,0.003595,0.003057,-0.024442
2020-12-23,-0.032086,0.005396,0.007368,0.003047,0.040305
2020-12-24,0.007366,-0.001120,0.011373,0.001772,-0.028272
2020-12-29,0.012879,-0.000545,0.005867,-0.000880,0.002144
2020-12-30,0.025431,0.005526,-0.007110,0.006919,-0.009626
2020-12-31,-0.009743,0.003268,-0.003410,-0.005247,-0.009719
2021-01-05,-0.009857,0.011117,0.019916,0.005808,0.041439
2021-01-06,-0.019005,0.017357,-0.002115,0.022345,0.091100
2021-01-07,0.060886,0.009461,0.005450,0.015717,0.027831
2021-01-08,-0.000870,0.002551,0.018050,0.000725,0.031746
2021-01-11,-0.034813,-0.001929,0.000626,-0.013167,0.024434
2021-01-12,0.038774,0.004842,0.013952,0.003183,0.005300
2021-01-13,-0.019097,-0.001777,-0.030304,-0.009030,-0.043937
2021-01-14,0.010620,0.004056,-0.004491,0.002216,0.037684
2021-01-15,0.009632,-0.009984,-0.019198,-0.013515,-0.028344
2021-01-20,0.023888,0.007336,0.011691,0.015215,-0.001831
2021-01-21,-0.007240,-0.005182,-0.012358,0.013769,0.017431
2021-01-22,-0.044571,-0.004475,0.011152,-0.005168,-0.016231
2021-01-25,-0.016115,-0.001107,0.021684,-0.009303,-0.046746
2021-01-26,0.066379,-0.004548,0.000000,0.006829,0.000000
2021-01-27,-0.075182,-0.025535,-0.020437,-0.035852,-0.025000
2021-01-28,0.006119,0.012548,0.010983,0.013945,0.042406
2021-01-29,-0.015639,-0.018564,0.004691,-0.018709,0.034059
2021-02-01,0.038835,0.013821,0.004195,0.022727,-0.014639
2021-02-02,0.004248,0.011811,-0.005549,0.005555,0.025998
2021-02-03,0.007614,0.004772,-0.011712,0.008103,0.023529
2021-02-04,0.000000,0.009190,-0.002776,0.000000,0.007073
2021-02-05,0.042821,0.006288,0.013771,0.012301,0.027217
2021-02-08,-0.008857,0.010419,-0.010413,0.010707,-0.008547
2021-02-09,0.007311,0.001168,-0.000913,-0.003571,-0.002586
2021-02-10,0.027419,0.001935,0.002312,0.011827,-0.020743
2021-02-11,0.034537,0.001518,0.001525,0.012633,0.022065
2021-02-12,0.000000,0.004740,-0.003621,0.013641,0.036269
2021-02-17,-0.007386,-0.001325,0.000261,-0.018619,0.001540
2021-02-18,0.018601,-0.007268,0.007524,-0.008666,-0.010761
2021-02-19,0.024836,0.004712,0.002958,0.016775,0.045066
2021-02-22,0.010691,-0.001446,-0.008312,-0.000813,0.018587
2021-02-23,-0.003526,0.001216,0.015370,-0.007093,-0.005839
2021-02-24,-0.012031,0.011738,-0.004356,0.012062,0.019824
2021-02-25,-0.024355,-0.021413,-0.006735,-0.020713,0.092873
2021-02-26,-0.038179,-0.012902,0.023147,-0.017015,-0.038208
2021-03-01,0.011450,0.021139,0.012586,0.023681,-0.009589
2021-03-02,-0.018868,-0.003311,0.007700,-0.015500,-0.021438
2021-03-03,0.005385,-0.005095,0.006099,0.011450,0.038869
2021-03-04,-0.009181,-0.015776,-0.010150,-0.016510,0.054422
2021-03-05,0.037066,0.019548,0.009043,0.013909,0.002581
2021-03-08,-0.033507,0.002396,0.003740,0.002720,0.027027
2021-03-09,0.050077,0.005707,0.032534,0.012384,-0.031328
2021-03-10,-0.030814,0.009509,-0.012443,0.002097,-0.016818
2021-03-11,0.015140,0.008128,-0.022477,0.007673,0.004605
2021-03-12,-0.005220,0.004295,-0.024034,0.001731,0.070727
2021-03-15,-0.028486,0.003836,-0.007163,-0.009213,-0.017125
2021-03-16,0.038580,-0.006732,0.021718,0.005696,0.008712
2021-03-17,0.017831,0.003947,0.001585,0.000925,0.012338
2021-03-18,-0.015329,-0.009031,-0.007167,-0.009931,0.054235
2021-03-19,-0.002224,-0.001721,-0.004370,-0.003615,0.001156
2021-03-22,-0.024517,-0.000688,-0.011718,-0.000819,-0.027714
2021-03-23,-0.013709,-0.013184,0.002173,-0.020033,-0.027316
2021-03-24,0.009266,-0.004559,0.002706,-0.006695,-0.014652
2021-03-25,-0.007651,0.008759,0.017970,0.019978,0.000000
2021-03-26,-0.026985,0.017661,0.005125,0.018053,0.028501
2021-03-29,0.007924,-0.004506,0.018412,-0.009388,0.036747
2021-03-30,-0.033019,0.000912,0.004937,0.004446,0.002905
2021-03-31,-0.006504,-0.001560,-0.001591,-0.006873,0.011588
2021-04-01,-0.007365,0.009612,-0.024309,0.020174,-0.038373
2021-04-06,0.022932,0.000480,-0.008388,0.001244,-0.037209
2021-04-07,-0.012010,-0.002463,-0.012273,0.005986,-0.001812
2021-04-08,0.022690,0.003012,0.003379,0.012125,-0.012704
2021-04-09,-0.002377,0.004394,-0.008108,0.004326,0.020833
2021-04-12,-0.007149,0.001322,0.020246,-0.001546,0.005402
2021-04-13,0.008800,-0.000946,0.009315,0.000111,-0.031045
2021-04-14,0.000000,0.002369,-0.002774,0.002433,0.009242
2021-04-15,0.015860,0.007294,-0.011091,0.015668,-0.065934
2021-04-16,-0.002342,0.004309,-0.006705,0.021510,0.028105
2021-04-19,0.015649,-0.004864,-0.005200,-0.000319,0.017800
2021-04-20,-0.001541,-0.010116,-0.007251,-0.012447,-0.024360
2021-04-21,-0.000772,0.011101,0.004076,-0.005709,0.001280
2021-04-22,-0.013900,-0.005644,0.000000,-0.011484,-0.006394
2021-04-23,-0.000783,0.010940,-0.022396,0.012933,0.008366
2021-04-26,-0.004702,0.002173,0.006246,0.010496,0.001914
2021-04-27,0.017323,0.001976,-0.007650,0.000749,0.033121
2021-04-28,-0.022446,0.003000,0.002889,-0.001498,-0.001233
2021-04-29,0.007918,0.003300,-0.020106,0.002465,0.012346
2021-04-30,-0.003928,-0.009567,-0.000936,-0.019027,-0.005488
2021-05-03,-0.009464,0.006530,0.019358,0.015038,-0.014715
2021-05-04,-0.006370,-0.002203,-0.000294,0.006978,-0.009334
2021-05-05,0.012019,0.003631,0.000827,0.009595,-0.005025
2021-05-06,0.014252,0.006801,-0.016518,0.009821,-0.014520
2021-05-07,0.010148,0.007949,-0.014809,0.011712,0.010250
2021-05-10,0.012365,-0.004436,-0.007193,0.006615,0.015853
2021-05-11,0.002290,-0.009760,-0.002540,-0.014272,0.013733
2021-05-12,-0.021325,-0.019116,-0.000191,-0.033229,0.043719
2021-05-13,-0.017121,0.008643,0.015686,0.010344,-0.015929
2021-05-14,-0.015835,0.014444,0.000867,0.002773,-0.019784
2021-05-17,0.028158,0.000463,-0.007197,-0.005317,0.003058
2021-05-18,-0.013302,-0.005190,0.000380,-0.006629,0.001219
2021-05-19,-0.015861,-0.006391,-0.002276,-0.015607,0.024970
2021-05-20,-0.025786,0.007215,0.009221,0.006560,-0.029115
2021-05-21,0.002481,0.001501,-0.005030,-0.005323,-0.001224
2021-05-24,0.003300,0.005477,0.015242,0.007099,-0.014706
2021-05-25,-0.001645,-0.004525,-0.008076,-0.005530,-0.027363
2021-05-26,-0.029654,0.003769,0.002294,-0.005888,0.006394
2021-05-27,0.018676,0.004862,-0.003789,0.008117,0.022872
2021-05-28,-0.011667,0.001434,-0.013615,-0.004679,-0.018012
2021-06-02,0.000860,0.001841,-0.012824,-0.009775,-0.014861
2021-06-03,-0.011168,-0.002496,-0.014603,-0.015685,0.021370
2021-06-04,0.013901,0.004593,0.000355,0.003900,-0.040000
2021-06-07,0.016281,0.000034,-0.006245,-0.009879,0.005769
2021-06-08,-0.027824,-0.001426,0.000119,-0.003587,-0.026131
2021-06-09,0.022550,-0.003924,-0.002041,0.003600,-0.025524
2021-06-10,-0.016963,0.001891,0.005283,-0.005513,-0.020148
2021-06-11,-0.011217,0.002612,-0.001383,0.004553,0.002056
2021-06-14,0.003490,-0.001947,0.012365,-0.007932,0.026676
2021-06-15,0.000000,-0.000397,-0.011413,-0.005140,-0.001333
2021-06-16,-0.008696,-0.006787,-0.002926,0.000574,0.046698
2021-06-17,-0.017544,-0.007925,0.002082,-0.019621,-0.036966
2021-06-18,0.003571,-0.016312,-0.009279,-0.015098,-0.040371
2021-06-21,0.036477,0.016603,0.017694,0.023292,0.023448
2021-06-22,0.015451,0.002256,-0.016268,0.003135,-0.008086
2021-06-23,-0.014370,-0.000692,-0.011171,-0.008104,0.010190
2021-06-24,0.042024,0.007360,0.001634,0.011905,0.000000
2021-06-25,-0.023868,0.006049,-0.010574,-0.003576,0.032952
2021-06-28,0.016864,-0.005107,0.000550,-0.003010,-0.037760
2021-06-29,0.009121,-0.001578,0.001912,0.001045,0.001353
2021-06-30,-0.010682,0.000470,0.006153,0.006843,-0.025000
2021-07-01,-0.006645,0.005171,0.002846,0.005299,0.025641
2021-07-02,-0.017559,0.002036,0.015274,0.003438,-0.033108
2021-07-07,0.021853,0.001001,0.020997,0.022538,-0.035766
2021-07-08,-0.007699,-0.012054,0.006910,-0.005539,-0.024981
2021-07-09,0.007759,0.016724,0.005123,0.019664,0.052795
2021-07-12,0.003422,0.002395,-0.000019,-0.002898,0.005162
2021-07-13,-0.025575,-0.005840,-0.016204,-0.013527,0.038151
2021-07-14,0.013998,-0.001930,-0.001991,0.003853,-0.041696
2021-07-15,-0.033650,-0.002703,-0.017918,-0.014450,-0.043510
2021-07-16,-0.018750,-0.008146,0.007909,-0.016609,0.002313
2021-07-19,-0.035487,-0.019062,0.001057,-0.024811,-0.091538
2021-07-20,0.022641,0.016772,0.026489,0.018036,0.023709
2021-07-21,0.011070,0.011122,-0.005904,0.013845,0.058726
2021-07-22,-0.006387,-0.002881,-0.006245,0.002315,-0.011719
2021-07-23,-0.010101,0.005862,0.002371,0.009930,0.016601
2021-07-26,0.014842,0.000781,-0.000327,0.005487,-0.007776
2021-07-27,-0.010055,-0.002677,-0.004329,0.001137,-0.032915
2021-07-28,0.008310,0.003184,-0.001217,-0.002158,0.021880
2021-07-29,0.004579,0.007456,-0.010505,0.009561,0.006344
2021-07-30,-0.049225,-0.005681,-0.006726,-0.012176,-0.023641
2021-08-02,0.016299,-0.001571,0.025254,0.000000,-0.052462
2021-08-03,0.000000,0.008280,-0.006547,0.005592,0.001704
2021-08-04,0.004717,-0.007119,0.004290,-0.003064,0.006803
2021-08-05,-0.019718,0.006088,-0.005503,-0.002618,0.027872
2021-08-06,-0.003831,0.003149,0.014899,-0.003767,0.059984
2021-08-09,0.033654,-0.001262,-0.002517,-0.000573,0.020930
2021-08-10,0.014884,0.003936,-0.000038,0.012266,0.018983
2021-08-11,-0.007333,0.004919,-0.008315,0.012231,-0.009687
2021-08-12,-0.025854,-0.000253,0.005763,-0.006377,0.028593
2021-08-13,0.028436,-0.000178,0.006516,0.006531,-0.051207
2021-08-16,-0.005530,-0.001860,-0.000895,-0.010404,-0.030840
2021-08-17,0.006487,-0.007698,0.002325,-0.014470,0.000796
2021-08-18,-0.040516,-0.009385,0.006578,-0.005735,0.011924
2021-08-19,-0.013436,-0.007323,0.015923,-0.012806,-0.024352
2021-08-20,0.023346,0.005328,0.006600,0.004675,0.014493
2021-08-23,0.017110,0.007984,-0.006483,0.014889,-0.003968
2021-08-24,0.046729,0.005563,0.000167,0.008825,0.027888
2021-08-25,0.068750,0.004282,-0.024926,0.010566,0.040310
2021-08-26,-0.015038,-0.007049,-0.006634,-0.012479,0.000000
2021-08-27,0.015267,0.009011,0.007791,0.019126,-0.022355
2021-08-30,-0.006683,-0.001491,-0.009292,0.003128,-0.020579
2021-08-31,-0.021026,-0.000784,-0.003825,-0.002339,0.014786
2021-09-01,0.017182,0.002353,-0.006483,0.003460,-0.001534
2021-09-02,-0.012669,0.004792,0.006855,0.005896,-0.006144
2021-09-03,0.019675,-0.001004,-0.000540,0.017583,0.021638
2021-09-08,-0.024855,-0.004175,0.000058,-0.008681,-0.026277
2021-09-09,0.011894,-0.004060,0.029209,-0.004434,-0.026237
2021-09-10,-0.031906,-0.005980,-0.023324,-0.003229,0.032333
2021-09-13,-0.007806,0.004341,0.009718,-0.015304,-0.012677
2021-09-14,0.000874,-0.008305,-0.006442,-0.013160,-0.035499
2021-09-15,-0.029694,0.007859,0.004930,0.010231,0.021143
2021-09-16,-0.062106,-0.003014,-0.003283,-0.001593,0.020705
2021-09-17,-0.033589,-0.007023,0.006722,-0.014019,0.029301
2021-09-20,-0.045680,-0.017751,0.006259,-0.023119,-0.044526
2021-09-21,0.028096,0.001010,0.006333,0.009348,0.011459
2021-09-22,0.033401,0.010361,-0.010201,0.017585,0.009063
2021-09-23,0.030362,0.013153,0.003568,0.015207,0.055389
2021-09-24,-0.012358,-0.001697,0.002685,-0.006582,0.035461
2021-09-27,-0.012512,0.003666,0.006620,-0.000343,0.016438
2021-09-28,-0.040936,-0.016326,0.010006,-0.021369,0.033693
2021-09-29,0.011179,0.000987,0.006901,0.001168,0.004563
2021-09-30,0.005025,-0.012234,-0.002450,-0.008631,-0.007787
2021-10-01,-0.022000,0.011076,0.005061,-0.000353,-0.032701
2021-10-04,-0.036810,-0.007669,-0.013562,-0.002589,0.001352
2021-10-05,-0.024416,0.007935,0.015891,0.001770,0.032411
2021-10-06,-0.008705,0.000696,0.004089,-0.002356,-0.003270
2021-10-07,-0.008782,0.010610,0.002995,0.007910,0.030840
2021-10-08,-0.008859,0.000328,0.004570,-0.004685,0.021642
2021-10-11,0.017877,-0.005277,-0.001831,0.010239,0.005607
2021-10-12,-0.006586,0.000711,0.005284,0.003029,-0.021066
2021-10-13,0.022099,0.004343,-0.000813,0.011963,-0.019620
2021-10-14,-0.023784,0.013997,-0.003435,0.004246,-0.019367
2021-10-15,0.034330,0.007612,-0.000054,-0.007772,0.037525
2021-10-18,-0.028908,-0.000577,-0.009760,-0.011518,0.005076
2021-10-19,-0.035281,0.007482,0.009692,-0.005244,0.032197
2021-10-20,0.002286,0.006537,0.013064,0.010894,0.000612
2021-10-21,-0.004561,-0.000939,0.002328,-0.016107,0.024450
2021-10-22,0.065292,0.002288,0.010989,0.020846,-0.012530
2021-10-25,-0.001075,0.002735,-0.001520,0.001384,-0.012085
2021-10-26,-0.024758,-0.001393,-0.016781,-0.008180,-0.009786
2021-10-27,-0.035320,-0.013110,0.001872,-0.020211,-0.055590
2021-10-28,0.001144,0.009256,-0.005355,0.011974,0.025507
2021-10-29,0.002286,-0.003548,0.019855,-0.013355,-0.007015
2021-11-01,-0.007982,0.006739,-0.001984,0.014248,0.011561
2021-11-02,-0.006896,-0.000929,0.008023,-0.017092,-0.016508
2021-11-03,0.034722,0.005526,-0.000053,0.029061,0.019367
2021-11-04,-0.017897,-0.002375,-0.022224,-0.000810,-0.034832
2021-11-05,0.019362,0.004280,0.008879,0.001738,-0.046588
2021-11-08,0.004469,0.003952,-0.010818,-0.006013,0.030282
2021-11-09,-0.003337,-0.001363,0.000361,-0.000116,-0.043420
2021-11-10,-0.008928,-0.005489,-0.011546,-0.011169,0.089385
2021-11-11,0.060811,0.001651,0.001971,0.012590,0.000000
2021-11-12,0.004246,0.004486,-0.016740,0.008018,0.014103
2021-11-15,-0.003171,-0.000700,0.011041,0.002421,0.025917
2021-11-16,0.028632,0.000997,-0.000238,0.003680,0.006778
2021-11-17,-0.021649,-0.006365,0.008412,0.000344,-0.018360
2021-11-18,-0.008430,-0.004358,0.004816,0.002291,-0.009352
2021-11-19,0.019129,-0.008399,0.005010,-0.008456,-0.033354
2021-11-22,-0.017727,-0.001660,0.009935,0.003918,0.057943
2021-11-23,0.010616,0.003666,-0.004633,0.002066,0.025846
2021-11-24,0.027311,0.001700,-0.002721,-0.002520,-0.013197
2021-11-29,0.010152,0.003556,0.007673,0.000233,0.032389
2021-11-30,0.001005,-0.021878,-0.001266,-0.013646,-0.056863
2021-12-01,0.027108,-0.011341,0.003602,0.007213,-0.006237
2021-12-02,0.009775,0.021158,0.012577,0.021484,0.009763
2021-12-03,-0.025169,-0.007732,-0.008477,-0.006091,-0.072514
2021-12-06,0.018868,0.014932,0.001201,0.018501,0.067759
2021-12-07,0.021442,0.015767,0.006708,0.013737,0.032078
2021-12-08,0.016221,0.002750,-0.013397,0.001456,0.019595
2021-12-09,-0.021596,-0.007068,-0.014291,-0.005592,-0.014579
2021-12-10,0.003839,0.004539,0.007141,0.003037,0.001345
2021-12-13,-0.023901,-0.008131,0.006742,-0.004330,-0.043653
2021-12-14,-0.003918,-0.004007,0.012666,-0.016266,0.009831
2021-12-15,0.017699,0.009668,0.000159,0.010449,0.017385
2021-12-16,0.025121,0.002113,-0.000211,0.007614,-0.028025
2021-12-17,0.020735,-0.010710,0.001409,-0.005075,-0.014065
2021-12-20,-0.036934,-0.013578,0.000995,-0.025504,0.012126
2021-12-21,0.002876,0.018365,0.008474,0.008724,0.047921
2021-12-22,0.007648,0.007800,0.000470,0.014645,-0.020175
2021-12-23,0.007590,0.005248,-0.015843,0.005796,0.024708
2021-12-28,-0.013967,-0.000404,-0.008288,0.009734,0.000000
2021-12-29,-0.016053,0.000920,0.000605,0.016509,0.041864
2021-12-30,0.037428,0.000834,0.013363,-0.001090,-0.018146
2021-12-31,-0.000925,-0.000006,-0.023235,0.003819,-0.001980
2022-01-03,-0.025926,0.003610,-0.000162,-0.006088,0.076720
2022-01-04,0.017110,0.006424,0.020092,0.001859,0.024570
2022-01-05,-0.015888,-0.012930,-0.000880,-0.009279,0.022182
2022-01-06,-0.001899,0.002567,0.005186,0.004408,0.016422
2022-01-07,0.002854,0.000569,-0.004072,0.007131,0.021927
2022-01-10,-0.007590,-0.002722,-0.008834,-0.012309,0.005082
2022-01-11,0.025813,0.010221,0.005327,0.018308,-0.019101
2022-01-12,0.045666,0.003424,-0.016760,0.018087,-0.012028
2022-01-13,0.012478,-0.005459,-0.006125,0.005426,-0.008116
2022-01-14,0.002641,-0.002315,-0.001175,-0.015554,0.035652
2022-01-19,0.020408,-0.007783,0.009047,0.008245,-0.020375
2022-01-20,-0.021145,-0.009228,-0.023088,-0.019952,0.003284
2022-01-21,-0.018902,-0.015989,-0.003513,-0.025921,-0.046918
2022-01-24,-0.029358,0.001014,0.007198,-0.000457,-0.006869
2022-01-25,-0.013233,-0.004487,0.005314,0.000343,0.027666
2022-01-26,-0.018199,-0.006353,-0.008275,-0.008567,0.036455
2022-01-27,0.057561,-0.005198,-0.002121,-0.001152,-0.022186
2022-01-28,0.016605,0.015214,-0.004730,0.015456,-0.013835
2022-01-31,0.015427,0.015972,-0.007566,0.016583,0.000000
2022-02-01,0.009830,0.010201,-0.011095,0.010168,0.010101
2022-02-02,0.000000,0.004444,-0.007279,0.005862,-0.018889
2022-02-03,-0.014159,-0.013436,-0.000684,-0.002309,0.034541
2022-02-04,0.018851,0.001450,0.004182,-0.005511,0.056377
2022-02-07,0.013216,0.001268,0.008329,0.002881,-0.007254
2022-02-08,-0.001739,0.007831,-0.012071,0.017681,0.019833
2022-02-09,0.004355,0.012813,-0.000798,0.020415,-0.012794
2022-02-10,-0.033825,-0.012519,-0.004545,-0.017346,0.052877
2022-02-11,-0.017056,-0.011330,0.002713,-0.008122,-0.037420
2022-02-14,0.021918,-0.008022,0.000239,-0.007206,0.020972
2022-02-15,-0.007149,0.012977,-0.006849,0.019136,0.024549
2022-02-16,0.006301,0.001465,-0.010760,0.005072,0.000978
2022-02-17,-0.001789,-0.016595,-0.004285,-0.012669,-0.036639
2022-02-18,-0.008064,-0.006047,0.006776,-0.002175,-0.020284
2022-02-23,-0.044643,-0.012090,-0.008937,-0.018906,0.014887
2022-02-24,-0.018692,-0.001473,-0.009571,-0.012922,-0.004047
2022-02-25,0.013333,0.027005,0.022661,0.034336,0.008634
2022-02-28,0.004699,-0.006944,0.007262,-0.021206,-0.074018
2022-03-01,-0.000935,-0.015001,-0.000194,-0.019397,-0.071778
2022-03-02,0.008427,0.019401,0.000116,0.015847,0.092560
2022-03-03,-0.010214,-0.005703,-0.012114,-0.013551,-0.011260
2022-03-04,0.057223,-0.009690,-0.012872,-0.015353,-0.065076
2022-03-07,0.001775,-0.026128,0.005896,-0.020164,0.015661
2022-03-08,0.012400,-0.005239,0.009868,-0.005623,0.069103
2022-03-09,0.032371,0.022502,-0.010116,0.028998,0.040598
2022-03-10,0.026271,-0.003003,-0.009350,0.026193,0.032341
2022-03-11,-0.004955,-0.011040,-0.000359,-0.000342,-0.003481
2022-03-14,-0.034025,-0.003767,0.012735,0.008549,0.067864
2022-03-15,-0.025773,0.012828,0.009441,-0.000226,0.009346
2022-03-16,0.049383,0.023014,0.008162,0.032557,0.012963
2022-03-17,0.023529,0.013657,-0.017300,0.009415,0.001828
2022-03-18,0.052545,0.007830,-0.006795,0.008568,-0.020073
2022-03-21,-0.026521,-0.000359,-0.004286,-0.017959,0.077747
2022-03-22,-0.008013,0.007757,-0.016461,0.000876,0.025054
2022-03-23,-0.004039,-0.010573,-0.005106,-0.008753,-0.021913
2022-03-24,0.013788,0.008654,-0.017474,0.000442,0.008617
2022-03-25,-0.037600,0.005447,0.000435,-0.002648,0.064502
2022-03-28,0.003325,0.000353,-0.018524,-0.001106,-0.006019
2022-03-29,-0.007456,0.012860,0.005742,0.012182,-0.031086
2022-03-30,0.000835,-0.004819,-0.001658,-0.006674,-0.017500
2022-03-31,-0.030859,-0.015464,0.002838,-0.016191,-0.013147
2022-04-01,0.006885,0.007009,-0.006688,-0.000448,0.021487
2022-04-04,0.005128,0.002502,-0.017012,0.001568,0.014724
2022-04-05,-0.011054,-0.010975,-0.013613,-0.006375,0.059702
2022-04-06,0.006879,-0.003482,0.012386,-0.014294,0.020736
2022-04-07,-0.012810,0.002674,0.013869,0.002512,0.016481
2022-04-08,0.003460,0.003517,0.007826,0.009795,0.023002
2022-04-11,-0.003448,-0.009332,-0.011363,-0.001241,0.024696
2022-04-12,-0.006921,-0.004125,-0.000958,-0.000791,-0.019784
2022-04-13,0.004355,0.009037,-0.004368,0.019552,-0.013945
2022-04-14,-0.011275,-0.006216,0.003659,0.001884,0.052475
2022-04-19,0.001781,0.011702,-0.010339,0.018956,0.017820
2022-04-20,0.006222,0.006150,0.002794,0.027686,-0.025060
2022-04-21,-0.030919,-0.015632,-0.009475,-0.011607,0.027113
2022-04-22,-0.021878,-0.026817,0.000000,-0.017238,-0.003771
2022-04-25,-0.010252,-0.000131,0.037742,-0.016663,-0.027529
2022-04-26,-0.040490,-0.022456,0.016892,-0.020513,-0.019108
2022-04-27,-0.000981,0.003032,0.024937,0.016162,0.016595
2022-04-28,0.021611,0.018477,-0.006843,0.011425,0.015969
2022-04-29,-0.028846,-0.026036,-0.005198,-0.002326,0.008383
2022-05-02,-0.003960,-0.000382,0.006784,-0.012987,0.037755
2022-05-03,0.025845,0.007704,0.022811,0.017881,-0.012016
2022-05-04,0.027132,0.024799,-0.024898,0.025080,-0.014527
2022-05-05,0.003434,-0.028971,-0.007926,-0.030933,0.051080
2022-05-06,-0.028517,-0.005498,0.022201,-0.014682,0.018591
2022-05-09,-0.043053,-0.032678,0.010422,-0.026978,-0.014089
2022-05-10,-0.022495,-0.002134,0.015845,-0.006264,-0.027931
2022-05-11,0.002092,-0.008226,-0.005735,-0.009456,-0.024056
2022-05-12,-0.010438,0.001943,0.000575,-0.013907,-0.035604
2022-05-13,0.079114,0.021851,-0.000166,0.016015,0.041889
2022-05-16,-0.007820,0.000161,-0.014630,0.002235,-0.019761
2022-05-17,0.048276,0.018486,0.000277,0.035094,0.031630
2022-05-18,-0.040414,-0.032003,-0.024033,-0.033564,-0.027628
2022-05-19,0.010774,-0.000575,0.005954,0.004341,-0.010741
2022-05-20,0.021318,0.003000,-0.007549,-0.004322,-0.023818
2022-05-23,0.028463,0.017372,-0.010101,0.017951,0.025834
2022-05-24,0.000923,-0.003427,-0.013667,-0.003458,-0.034627
2022-05-25,-0.021198,0.007966,0.000893,0.013417,-0.003985
2022-05-26,0.052731,0.016338,0.001038,0.015407,0.002546
2022-05-27,0.014311,0.017787,-0.011321,0.010678,-0.004717
2022-06-01,0.007162,-0.007420,-0.004629,-0.013709,0.030591
2022-06-02,0.005333,0.015972,0.017990,0.015267,-0.006141
2022-06-03,-0.021220,-0.010235,-0.004112,-0.004152,0.015105
2022-06-06,0.004517,0.003246,-0.004316,0.003268,0.027393
2022-06-07,-0.001799,0.010797,0.004021,0.005728,-0.021725
2022-06-08,-0.031532,-0.010970,0.015295,-0.021220,0.019179
2022-06-09,-0.020465,-0.023439,0.006281,-0.029710,0.004952
2022-06-10,-0.019943,-0.024286,0.001062,-0.026694,0.036794
2022-06-13,-0.021318,-0.037676,0.016458,-0.045382,0.066540
2022-06-14,-0.027723,-0.005731,0.025963,-0.013012,0.034759
2022-06-15,0.020367,0.010425,0.000528,0.018013,-0.025266
2022-06-16,-0.035928,-0.031040,-0.012529,-0.035902,-0.025920
2022-06-17,-0.010352,-0.003192,0.000040,-0.002394,-0.020562
2022-06-22,-0.041096,-0.004265,-0.012415,-0.014632,-0.045661
2022-06-23,-0.037363,0.003438,0.013821,-0.016722,-0.027883
2022-06-24,0.044520,0.028428,0.008549,0.031565,0.018579
2022-06-27,0.021858,0.001603,0.000649,-0.001846,0.022080
2022-06-28,0.006417,-0.011323,-0.000878,-0.007796,0.003757
2022-06-29,0.000000,-0.004618,0.005690,-0.004794,-0.035246
2022-06-30,0.007439,-0.007668,-0.016272,-0.004282,-0.039121
2022-07-01,0.006329,0.010293,0.013723,0.005241,-0.027927
2022-07-06,0.003297,-0.002359,0.010679,0.005048,0.037024
2022-07-07,0.006572,0.014601,0.007948,0.019821,0.032612
2022-07-08,-0.013058,-0.002328,-0.016544,-0.000266,0.030918
2022-07-11,-0.026461,-0.009555,-0.015773,-0.016512,-0.035472
2022-07-12,-0.007927,-0.007405,0.023449,0.005957,-0.011033
2022-07-13,-0.017123,-0.003804,0.011028,-0.009152,-0.018256
2022-07-14,-0.036005,-0.011788,-0.008388,-0.016843,0.019284
2022-07-15,-0.018072,0.019648,0.005917,0.012020,-0.010135
2022-07-18,-0.007362,-0.003218,-0.002342,0.003413,0.010239
2022-07-19,0.054388,0.025232,0.004935,0.046530,0.019932
2022-07-20,-0.024619,0.000804,-0.004359,0.011441,0.005631
2022-07-21,-0.002404,0.006270,0.010549,0.001285,-0.041502
2022-07-22,0.037349,-0.005402,0.005045,-0.018357,-0.043643
2022-07-25,0.001161,0.007322,-0.000200,0.005361,0.013295
2022-07-26,-0.010441,-0.007084,-0.025543,-0.019381,-0.011702
2022-07-27,0.045721,0.016054,-0.001157,0.031967,-0.019017
2022-07-28,0.021300,0.011162,-0.020018,0.008612,-0.019386
2022-07-29,0.026345,0.008481,-0.011501,0.009430,-0.014547
2022-08-01,-0.023529,-0.002721,-0.002219,0.002273,-0.013626
2022-08-02,-0.005476,-0.008068,0.002475,-0.017508,0.051804
2022-08-03,-0.014317,0.006891,0.018075,0.005000,0.002554
2022-08-04,0.008939,-0.002813,0.000947,-0.009440,-0.026201
2022-08-05,0.023256,0.003220,-0.013554,-0.005538,0.061285
2022-08-08,0.024892,0.002132,-0.008923,0.014504,-0.026408
2022-08-09,0.010560,-0.002679,-0.010553,-0.005872,0.011573
2022-08-10,0.004180,0.018861,0.002661,0.031074,-0.003933
2022-08-11,-0.001040,0.003230,-0.005855,0.000124,0.036612
2022-08-12,0.030208,0.012911,0.012427,0.019923,-0.013504
2022-08-15,-0.030334,-0.000636,-0.015920,-0.010621,-0.020358
2022-08-16,0.010428,0.003321,0.004079,0.005553,0.011824
2022-08-17,0.012384,-0.007111,0.009055,-0.011658,0.024433
2022-08-18,-0.006116,0.001893,0.004524,0.003601,-0.004494
2022-08-19,-0.015385,-0.011138,0.000387,-0.007423,0.037847
2022-08-22,-0.021875,-0.015811,0.000271,-0.019319,0.016059
2022-08-23,0.034079,-0.000241,-0.002380,0.006482,0.005598
2022-08-24,-0.037075,0.003515,-0.010201,-0.000758,0.017027
2022-08-25,-0.011765,0.013200,0.001293,0.014533,-0.025757
2022-08-26,-0.031385,-0.026741,-0.000274,-0.027155,0.002974
2022-08-29,0.005587,-0.003911,-0.009043,-0.003329,0.024712
2022-08-30,-0.020000,-0.012397,-0.006973,-0.012333,0.000000
2022-08-31,-0.026077,-0.008719,0.018837,-0.002081,0.007395
2022-09-01,-0.022119,-0.001982,0.011675,-0.017857,0.042132
2022-09-02,-0.004762,-0.005578,0.011328,-0.013404,-0.022052
2022-09-07,-0.019837,0.014561,0.018103,0.009106,-0.022455
2022-09-08,0.005952,0.007895,-0.000095,-0.005387,0.008270
2022-09-09,0.034320,0.015307,-0.006366,0.024238,0.008809
2022-09-12,0.009153,0.010624,-0.012852,0.018509,0.012346
2022-09-13,-0.037415,-0.034613,-0.010551,-0.034008,0.017847
2022-09-14,0.009423,0.001513,0.019207,-0.009003,-0.002922
2022-09-15,-0.025671,-0.008164,-0.005222,-0.014644,0.013775
2022-09-16,-0.014371,-0.010061,0.016154,-0.018439,-0.003180
2022-09-19,0.035237,0.006899,0.000877,0.017384,0.012181
2022-09-20,0.000000,-0.013611,-0.015198,-0.041064,0.023209
2022-09-21,-0.019953,-0.016450,-0.005686,-0.015376,-0.017082
2022-09-22,0.031138,-0.008430,0.005621,-0.005254,0.056410
2022-09-23,-0.060395,-0.022640,-0.010618,-0.034918,-0.002967
2022-09-26,-0.028430,-0.015699,0.028013,-0.022043,0.048959
2022-09-27,0.024173,-0.002845,0.024835,0.000777,0.022176
2022-09-28,0.011180,0.021520,-0.002097,0.027027,-0.065338
2022-09-29,-0.017199,-0.016257,-0.000725,-0.021627,0.011336
2022-09-30,0.031250,-0.010002,0.004094,0.011439,0.015212
2022-10-03,0.058182,0.028469,0.003354,0.031178,-0.040221
2022-10-04,0.012600,0.033471,-0.046322,0.029643,-0.009312
2022-10-05,0.016968,-0.004013,0.002382,-0.011803,0.039259
2022-10-06,-0.005562,-0.012246,0.003748,-0.016606,0.017824
2022-10-07,-0.007830,-0.020523,0.004793,-0.017183,0.014898
2022-10-10,0.046223,-0.007587,-0.004157,0.017332,0.001288
2022-10-11,-0.034483,-0.006242,-0.002231,-0.000593,0.013117
2022-10-12,-0.005580,-0.004504,0.020302,-0.002816,-0.009393
2022-10-13,0.017957,0.025258,-0.000113,0.023636,0.012814
2022-10-14,-0.017641,-0.020279,-0.005991,-0.016991,0.014676
2022-10-17,0.043771,0.023215,0.012852,0.031319,0.001247
2022-10-18,0.011828,0.011922,-0.009393,0.004584,-0.004234
2022-10-19,-0.014878,-0.010074,-0.007117,-0.018822,0.032266
2022-10-20,0.017260,-0.007657,0.005611,-0.003778,0.023988
2022-10-21,0.024390,0.021934,-0.009983,0.020861,-0.003076
2022-10-24,-0.001035,0.005802,-0.010198,-0.001429,0.004985
2022-10-25,0.011399,0.015084,0.027656,0.018460,-0.029759
2022-10-26,0.004098,0.006302,0.001696,0.002529,-0.022639
2022-10-27,0.016327,0.002629,0.012925,-0.003083,-0.019427
2022-10-28,0.037149,0.015493,-0.008303,0.005764,0.018542
2022-10-31,-0.003872,-0.003285,-0.009496,-0.016075,0.016708
2022-11-01,-0.001944,0.002962,-0.020743,0.004120,-0.006132
2022-11-02,-0.030185,-0.019800,-0.007029,-0.026174,0.001728
2022-11-03,0.052209,-0.002909,0.000039,0.009443,0.016014
2022-11-04,0.033397,0.017094,-0.005386,0.035262,0.007759
2022-11-07,-0.018467,0.007200,-0.007188,0.013902,0.013956
2022-11-08,0.011289,0.005447,0.014808,0.004936,-0.020883
2022-11-09,-0.019535,-0.020252,-0.002004,-0.018420,0.006059
2022-11-10,-0.008539,0.044350,0.008205,0.049069,-0.077572
2022-11-11,0.042105,0.007744,0.030159,0.018285,-0.004179
2022-11-14,-0.007346,-0.008058,-0.011705,-0.009889,0.013638
2022-11-15,0.007400,0.009982,0.009877,0.003548,-0.017076
2022-11-16,-0.004591,-0.007526,0.000094,-0.006155,-0.028165
2022-11-17,-0.015683,-0.002705,0.012623,-0.010014,0.022481
2022-11-18,0.000000,0.005636,0.004279,0.003993,0.011391
2022-11-21,-0.016870,-0.002058,-0.007525,-0.002917,0.001833
2022-11-22,-0.004766,0.013320,-0.011651,0.013030,-0.017516
2022-11-23,-0.006705,0.004118,0.007352,0.004462,-0.013837
2022-11-28,-0.013566,-0.015073,0.016635,-0.025996,0.003251
2022-11-29,-0.011788,0.004100,-0.008098,0.009254,0.012152
2022-11-30,0.010934,0.022455,-0.017988,0.009568,-0.012006
2022-12-01,0.003933,-0.001198,-0.016440,0.012242,-0.046989
2022-12-02,-0.040157,0.000374,0.000388,-0.004291,-0.006517
2022-12-05,0.004082,-0.018534,0.006636,-0.013321,0.026526
2022-12-06,0.025406,-0.009456,0.011882,-0.007677,-0.023896
2022-12-07,0.001982,-0.001088,-0.008712,0.004935,-0.029889
2022-12-08,0.001978,0.005757,-0.005732,0.004646,0.024354
2022-12-09,0.027641,-0.007071,0.003901,0.008323,0.021770
2022-12-12,-0.007685,0.011616,0.002048,-0.001179,0.012335
2022-12-13,-0.068732,0.006068,0.016485,0.004479,-0.030463
2022-12-14,0.028067,-0.004341,-0.005356,-0.000785,0.000571
2022-12-15,-0.023256,-0.020181,-0.002947,-0.031933,-0.015130
2022-12-16,-0.003105,-0.010809,0.006556,-0.011897,0.009275
2022-12-19,-0.012917,-0.005336,-0.000996,-0.005746,0.028432
2022-12-20,0.013086,0.004190,-0.002810,0.004954,0.028763
2022-12-21,0.004306,0.014595,-0.017613,0.003971,0.000000
2022-12-22,-0.003215,-0.009069,0.000289,-0.009547,-0.004072
2022-12-23,-0.023656,0.007089,-0.006596,0.002892,0.022349
2022-12-28,0.015556,-0.011890,0.014336,-0.006031,0.006995
2022-12-29,0.003282,0.013559,-0.004818,0.010618,-0.013378
2022-12-30,0.007634,-0.003733,0.003380,-0.007368,0.011473
2023-01-04,0.010953,0.012924,0.022083,0.013836,-0.022146
2023-01-05,0.018418,-0.008137,-0.008835,-0.007296,0.002966
2023-01-06,0.020213,0.020646,-0.014788,0.026541,-0.040591
2023-01-09,0.007299,-0.001628,-0.023440,0.005436,-0.014570
2023-01-10,-0.002070,0.006041,0.005608,-0.009495,0.029571
2023-01-11,-0.008299,0.009029,-0.010545,0.004393,-0.018503
2023-01-12,0.036611,0.007014,-0.007656,0.014581,-0.029544
2023-01-13,-0.002018,0.003709,-0.009848,-0.004442,0.017976
2023-01-18,-0.040837,-0.014759,-0.009017,-0.005663,-0.045262
2023-01-19,-0.012461,-0.005080,0.016805,-0.004371,0.006519
2023-01-20,-0.042061,0.013354,-0.002372,0.008647,0.025611
2023-01-23,-0.002195,0.006499,0.006437,0.009101,0.011768
2023-01-24,0.018702,-0.000747,-0.000077,0.001961,-0.015887
2023-01-25,-0.002160,0.001327,-0.012966,0.001044,-0.002018
2023-01-26,-0.029221,0.006080,-0.012883,0.020459,0.008954
2023-01-27,-0.010033,-0.001457,-0.001864,-0.004342,0.007157
2023-01-30,0.019144,-0.009001,0.008781,-0.013210,0.009380
2023-01-31,0.014365,0.013749,0.001508,0.019496,-0.006195
2023-02-01,0.010893,0.005292,-0.008348,0.012111,-0.037404
2023-02-02,-0.034483,0.000083,-0.003687,0.007054,-0.000294
2023-02-03,0.008929,-0.007640,-0.000851,-0.012383,0.040047
2023-02-06,-0.009956,-0.006503,0.019924,-0.017477,0.028879
2023-02-07,-0.006704,0.007943,-0.000796,0.006058,0.011007
2023-02-08,-0.005624,-0.005424,0.012360,-0.018578,-0.005716
2023-02-09,-0.006787,-0.006660,-0.001881,-0.001958,0.008212
2023-02-10,0.012528,0.005186,0.017309,-0.013996,0.016563
2023-02-13,0.020247,0.008897,-0.014371,0.018307,-0.007212
2023-02-14,-0.002205,-0.001691,-0.010565,-0.002215,0.011837
2023-02-15,0.018784,-0.000563,0.006417,-0.007312,0.012763
2023-02-16,-0.007592,-0.008885,0.005104,-0.009733,0.008926
2023-02-17,-0.003279,-0.002118,-0.000230,-0.004914,-0.003903
2023-02-22,0.004515,-0.002677,-0.000039,-0.001224,-0.008091
2023-02-23,0.010112,0.003483,-0.002961,0.000408,-0.011216
2023-02-24,-0.012236,-0.007730,-0.002912,-0.011978,0.018046
2023-02-27,0.005631,0.001841,0.013940,0.011158,-0.006837
2023-02-28,0.022396,-0.004128,-0.001555,0.003542,-0.001530
2023-03-01,-0.009858,0.000475,0.006962,0.010725,0.019918
2023-03-02,-0.007743,0.005715,-0.011001,0.003627,0.019780
2023-03-03,0.033445,0.012660,0.004113,0.008967,-0.026762
2023-03-06,0.001079,-0.001700,-0.001000,-0.014856,0.004793
2023-03-07,-0.006466,-0.016268,-0.008124,-0.018177,-0.002009
2023-03-08,0.003254,0.000105,0.007337,0.014811,0.000252
2023-03-09,-0.028108,-0.019420,-0.008786,-0.014730,-0.012827
2023-03-10,-0.040044,-0.016288,0.003752,-0.014813,-0.058599
2023-03-13,-0.024334,-0.008715,0.010051,-0.008353,-0.048714
2023-03-14,0.016627,0.012217,0.005771,-0.000281,0.034993
2023-03-15,-0.022196,-0.018882,0.001144,-0.016852,-0.040132
2023-03-16,0.004779,0.011487,0.006741,0.008428,0.026632
2023-03-17,-0.019025,-0.015638,-0.010876,-0.015864,-0.052999
2023-03-20,0.000000,0.012237,0.009217,0.013529,0.025331
2023-03-21,-0.010909,0.014092,-0.007977,0.010366,0.035909
2023-03-22,-0.004902,-0.016340,0.000993,-0.017147,-0.029395
2023-03-23,-0.023399,-0.003260,-0.000916,-0.004004,-0.026857
2023-03-24,0.018915,0.004461,0.011573,0.002728,-0.007634
2023-03-27,-0.004950,0.009234,-0.009742,-0.000572,0.043787
2023-03-28,0.017413,0.003659,-0.009151,0.002006,0.010204
2023-03-29,0.020782,0.011680,-0.006292,0.007578,0.000561
2023-03-30,0.008383,0.005067,-0.005848,0.008656,-0.004206
2023-03-31,-0.024940,0.011468,-0.008083,0.007175,-0.016052
2023-04-03,0.021924,0.007340,-0.005969,0.004610,-0.018317
2023-04-04,-0.009535,-0.007338,0.000158,-0.004450,-0.027114
2023-04-05,-0.024067,-0.000381,0.001501,-0.011034,-0.014984
2023-04-06,-0.014797,0.000707,-0.007396,0.003954,0.000304
2023-04-11,0.041820,0.006076,0.002157,0.019347,0.005564
2023-04-12,0.009445,-0.001288,-0.012102,-0.004676,-0.003786
2023-04-13,-0.017544,0.008384,-0.017406,0.008429,0.009062
2023-04-14,-0.021428,-0.001862,0.001993,-0.010688,0.020278
2023-04-17,-0.004866,0.004266,-0.003654,0.005956,0.019591
2023-04-18,0.009780,0.001061,0.006336,-0.000413,-0.005291
2023-04-19,-0.020581,-0.001998,0.009009,-0.002892,0.008399
2023-04-20,-0.014833,-0.004515,0.018057,-0.008841,-0.015825
2023-04-21,-0.023839,-0.000257,-0.005242,-0.004320,0.007052
2023-04-24,0.012853,0.001783,0.000040,0.000000,-0.015406
2023-04-25,-0.030457,-0.015582,-0.002873,-0.024636,-0.033855
2023-04-26,-0.011780,-0.008784,0.003914,-0.007606,0.010601
2023-04-27,0.009271,0.013334,-0.001999,0.005206,0.027972
2023-04-28,0.045932,0.007403,-0.013246,0.020285,-0.021542
2023-05-01,-0.012547,-0.000643,0.001969,-0.001410,0.035342
2023-05-02,0.021601,-0.014225,0.000381,-0.007908,-0.037773
2023-05-03,-0.002487,-0.005292,0.010125,0.011956,-0.010468
2023-05-04,-0.013716,-0.007626,-0.008733,-0.005204,-0.015281
2023-05-05,0.063211,0.017410,-0.002363,0.022480,0.028350
2023-05-08,-0.004756,0.000676,-0.006202,0.005255,0.021764
2023-05-09,-0.009558,-0.002499,0.011370,-0.005777,0.000000
2023-05-10,0.016888,-0.000237,-0.004413,-0.000138,-0.023289
2023-05-11,-0.007118,-0.005609,-0.008624,0.000277,-0.012213
2023-05-12,0.029868,-0.001095,-0.002711,-0.006917,0.019429
2023-05-15,0.015081,0.004998,-0.001887,0.010308,0.012994
2023-05-16,0.005714,-0.012616,-0.006565,-0.009927,0.011688
2023-05-17,0.004546,0.012206,0.010536,0.002507,0.009017
2023-05-18,0.030543,0.002058,-0.000344,-0.000972,0.018710
2023-05-19,-0.004391,-0.001376,0.005407,0.005840,0.012061
2023-05-22,0.002205,-0.000357,0.006526,-0.003179,0.007313
2023-05-23,0.011001,-0.009569,-0.006144,0.005686,-0.005647
2023-05-24,-0.023939,-0.009846,0.001027,-0.018753,0.005679
2023-05-25,-0.025641,-0.003123,-0.002535,-0.012929,0.025544
2023-05-26,0.038902,0.006859,0.015448,0.008969,-0.001049
2023-05-31,-0.006719,-0.007169,0.003328,-0.012933,-0.017027
2023-06-01,0.009019,0.009669,0.003972,0.004896,-0.007974
2023-06-02,0.042458,0.020897,-0.008250,0.029231,0.023004
2023-06-05,0.010718,-0.004560,-0.011270,-0.000974,0.000542
2023-06-06,0.010604,0.007633,-0.006254,0.013935,0.001625
2023-06-07,-0.026233,0.005057,-0.002761,-0.001876,0.022979
2023-06-08,0.003233,0.002134,0.002117,0.010660,-0.018499
2023-06-09,-0.004296,-0.000176,-0.000061,-0.006523,0.008347
2023-06-12,0.033441,0.003133,-0.008980,0.003493,0.005341
2023-06-13,0.005219,0.007674,-0.003547,0.010163,0.019655
2023-06-14,0.000000,-0.001599,0.000082,0.004824,-0.011201
2023-06-15,0.038421,0.011738,-0.009463,0.007269,-0.017914
2023-06-16,0.001000,-0.001973,-0.001205,-0.003949,0.010998
2023-06-21,-0.013225,0.000516,0.002596,-0.014793,-0.001609
2023-06-22,-0.011340,-0.003596,-0.005638,-0.007017,0.020414
2023-06-23,-0.004171,-0.008420,0.001562,-0.012578,-0.015794
2023-06-26,0.001047,0.003193,0.003305,0.005296,-0.005349
2023-06-27,-0.023013,0.008244,-0.003803,0.005125,0.013176
2023-06-28,-0.029979,-0.001874,0.009062,0.006799,-0.015393
2023-06-29,-0.001104,0.007685,0.008315,-0.003658,0.038814
2023-06-30,0.018784,0.008803,0.001051,0.012285,-0.009081
2023-07-03,0.011931,0.002683,-0.014705,0.006277,0.010212
2023-07-06,-0.025082,-0.012242,0.001508,-0.015682,0.024335
2023-07-07,0.024608,0.001915,0.014751,0.018919,0.002227
2023-07-10,-0.014192,0.004929,-0.009718,0.005026,-0.010864
2023-07-11,0.002215,0.009425,0.005605,0.008335,-0.006490
2023-07-12,0.013260,0.007169,-0.009534,0.019975,-0.029899
2023-07-13,0.009815,0.005969,-0.007132,0.010535,-0.025900
2023-07-14,0.001080,-0.004136,-0.004588,-0.008019,0.015421
2023-07-17,-0.007551,0.000869,-0.001397,-0.000943,-0.005761
2023-07-18,0.005435,0.006375,0.003697,0.008227,-0.002107
2023-07-19,-0.017297,0.004607,0.000728,-0.004147,-0.012404
2023-07-20,-0.002200,0.002019,-0.004034,-0.002821,0.029931
2023-07-21,0.017641,0.001562,0.001461,-0.015356,-0.004411
2023-07-24,0.026002,0.004912,-0.004065,0.010123,0.005212
2023-07-25,0.001056,0.000979,-0.010864,0.019773,0.014260
2023-07-26,0.036920,0.002017,0.004952,0.007835,-0.015593
2023-07-27,0.010173,-0.008991,-0.002674,-0.000659,0.041807
2023-07-28,0.006042,0.005695,0.001140,0.000000,-0.010718
2023-07-31,0.017017,0.003913,-0.003859,0.006197,-0.002520
2023-08-01,-0.004921,-0.004309,0.000296,-0.009828,0.023238
2023-08-02,-0.017804,-0.011125,0.014244,-0.018528,0.006665
2023-08-03,0.018127,-0.003037,0.003840,0.000809,0.027219
2023-08-04,0.016815,-0.003371,0.022036,0.007545,-0.030795
2023-08-07,-0.001946,0.008535,-0.006305,0.003611,0.004434
2023-08-08,-0.010721,-0.001967,0.002784,-0.009993,-0.012751
2023-08-09,-0.010837,-0.002509,-0.000082,-0.000808,-0.003477
2023-08-10,0.002988,-0.000034,0.000633,-0.003098,0.016949
2023-08-11,0.015889,0.000506,-0.002081,-0.003378,0.021569
2023-08-14,0.000000,-0.001693,0.003986,-0.000271,0.003839
2023-08-15,-0.023460,-0.012704,0.010405,-0.014104,0.008843
2023-08-16,0.001001,-0.005857,0.004252,-0.001788,0.008766
2023-08-17,0.009000,-0.005293,0.000742,-0.003721,0.011743
2023-08-18,0.009911,0.001004,-0.002286,-0.002213,-0.013231
2023-08-21,-0.017664,-0.000251,-0.001729,-0.002495,0.021407
2023-08-22,0.007992,-0.003552,0.002376,0.007365,-0.003224
2023-08-23,0.006938,0.008476,-0.008356,0.006760,-0.030037
2023-08-24,-0.009842,-0.008864,-0.016609,-0.011373,0.008814
2023-08-25,0.011928,0.005350,0.005190,0.010949,0.000944
2023-08-28,0.010805,0.007147,-0.002029,0.009048,-0.006369
2023-08-29,0.022352,0.010196,0.000452,0.016576,-0.021367
2023-08-30,-0.006654,0.002040,-0.004371,0.004945,-0.000970
2023-08-31,-0.031579,-0.004594,0.007648,-0.007847,-0.006071
2023-09-01,0.016798,0.005714,0.013379,0.003485,0.019546
2023-09-06,-0.020731,-0.003196,0.006179,-0.008279,0.005155
2023-09-07,-0.011089,-0.001720,0.002074,-0.005474,-0.006993
2023-09-08,-0.008155,0.000933,-0.000181,-0.006743,-0.000470
2023-09-11,0.041110,0.004437,0.001387,0.016209,0.007046
2023-09-12,-0.005923,0.000280,-0.010757,-0.006817,-0.005597
2023-09-13,0.012910,-0.001709,0.003489,-0.000274,-0.003518
2023-09-14,0.028431,0.010224,-0.006307,0.024303,0.009179
2023-09-15,0.017159,-0.007197,-0.009603,0.005094,0.007929
2023-09-18,-0.001875,-0.001325,-0.000246,-0.000667,-0.000694
2023-09-19,0.013146,-0.001474,-0.002733,0.003470,0.010651
2023-09-20,0.037998,-0.004356,0.002493,-0.007581,-0.003665
2023-09-21,0.008929,-0.016269,0.002672,-0.005227,0.030122
2023-09-22,-0.010619,-0.002057,0.011499,-0.008891,-0.009375
2023-09-25,-0.006261,0.001556,-0.000203,0.005165,0.023434
2023-09-26,-0.020702,-0.013605,0.006972,-0.004733,0.003523
2023-09-27,-0.020221,0.000852,0.003603,-0.009375,0.014919
2023-09-28,0.001876,0.005416,0.011231,0.010287,-0.006269
2023-09-29,0.006554,-0.005160,-0.001864,0.004887,-0.005221
2023-10-02,-0.007442,-0.010923,0.001987,-0.021346,0.024054
2023-10-03,-0.000937,-0.012251,0.003708,-0.016151,0.025411
2023-10-04,0.000938,0.001827,0.020705,0.012348,-0.013953
2023-10-05,0.001874,0.000138,-0.002265,0.000277,-0.003802
2023-10-06,0.020580,0.009356,0.002018,0.012194,0.014204
2023-10-09,0.010999,0.006840,-0.003737,0.002464,0.002717
2023-10-10,0.012693,0.008628,-0.002041,0.010925,-0.029602
2023-10-11,0.002686,0.002430,-0.016397,0.009591,-0.012889
2023-10-12,-0.008036,-0.010216,-0.000277,-0.016591,0.025462
2023-10-13,0.030603,-0.000382,-0.000733,0.001088,-0.017615
2023-10-16,-0.005240,0.010494,0.000456,0.012639,0.017930
2023-10-17,0.004390,0.003673,-0.002100,-0.004161,0.028650
2023-10-18,-0.033217,-0.013925,-0.000040,-0.022507,0.011760
2023-10-19,0.003617,-0.008391,0.003712,-0.014201,0.017129
2023-10-20,-0.019820,-0.010730,0.001345,-0.019301,-0.012831
2023-10-23,-0.010110,-0.005807,-0.006241,-0.011409,-0.017465
2023-10-24,-0.027855,0.005336,-0.003776,0.012839,0.000413
2023-10-25,-0.001910,-0.007430,-0.004250,-0.008973,0.023347
2023-10-26,0.005742,-0.003716,0.000741,0.008192,-0.021805
2023-10-27,-0.012369,-0.012311,-0.001882,-0.001568,0.000000
2023-10-30,-0.016378,0.010228,-0.006674,0.006710,0.006192
2023-10-31,0.000980,0.006294,0.018996,0.003262,0.000000
2023-11-01,0.012720,0.005587,-0.002378,0.003534,-0.017641
2023-11-02,0.016425,0.022000,-0.015971,0.027328,-0.025057
2023-11-03,-0.008555,0.009300,-0.000162,0.023173,-0.023774
2023-11-06,0.012464,-0.002242,-0.010842,0.004690,0.022817
2023-11-07,0.006629,-0.003368,-0.003082,-0.010804,-0.019520
2023-11-08,0.022578,-0.002359,-0.002580,-0.005394,-0.010501
2023-11-09,-0.002760,-0.007622,0.007759,-0.003932,0.023657
2023-11-10,0.023063,0.010060,0.005011,0.007214,-0.000432
2023-11-13,-0.012624,0.000955,-0.008213,-0.004460,0.000864
2023-11-14,-0.010959,0.021394,0.002620,0.033256,-0.041235
2023-11-15,0.004617,0.002056,-0.008499,0.010510,0.021166
2023-11-16,0.003677,-0.003075,-0.000740,-0.012741,-0.019846
2023-11-17,-0.013736,0.006166,0.000267,0.010666,-0.000900
2023-11-20,0.010213,0.004311,-0.008848,-0.004430,-0.004278
2023-11-21,-0.006434,-0.001263,0.006769,-0.004842,-0.000905
2023-11-22,0.004625,0.002920,0.009790,0.001315,-0.000453
2023-11-27,0.005525,-0.003312,-0.000326,-0.000918,-0.018560
2023-11-28,-0.004579,-0.000109,-0.001102,0.006828,-0.012076
2023-11-29,0.014719,0.002124,-0.005250,0.009650,-0.014991
2023-11-30,-0.015412,0.007884,0.007043,-0.006717,0.018965
2023-12-01,-0.024862,0.010872,0.003874,0.014434,-0.028952
2023-12-04,-0.011331,-0.001902,-0.004254,-0.008845,0.014671
2023-12-05,-0.010506,-0.006763,0.008352,-0.010993,-0.027285
2023-12-06,0.000000,-0.001902,-0.003115,0.002223,-0.011988
2023-12-07,-0.002896,0.002764,-0.005378,0.005350,0.001941
2023-12-08,0.020509,0.004394,0.001816,-0.001817,0.028094
2023-12-11,0.004854,0.004114,-0.003424,0.003120,-0.001413
2023-12-12,-0.009662,0.000707,0.008872,-0.014906,-0.007785
2023-12-13,0.028293,0.016872,0.005631,0.023684,-0.041132
2023-12-14,0.011385,0.009855,-0.009286,0.026221,-0.025539
2023-12-15,0.001876,-0.006821,-0.000773,-0.009018,-0.000509
2023-12-18,0.004682,0.002825,0.001029,0.000253,0.006619
2023-12-19,0.015843,0.008503,-0.004829,0.023503,-0.008093
2023-12-20,0.003670,-0.015697,-0.006005,-0.013086,-0.011474
2023-12-21,0.017368,0.011503,0.009884,0.011759,0.004385
2023-12-22,0.015274,0.002722,-0.006674,0.004698,0.001798
2023-12-27,0.006999,0.002304,-0.011550,0.003551,-0.024961
2023-12-28,-0.006950,-0.000459,0.002618,-0.003539,0.016099
2023-12-29,-0.006124,-0.002231,0.004994,-0.004409,0.004156
2024-01-03,0.008969,-0.007301,0.014447,-0.029871,-0.009883
2024-01-04,-0.012444,-0.000176,-0.000670,0.021720,0.021500
2024-01-05,-0.007201,0.002544,-0.004798,0.001751,0.012779
2024-01-08,0.017226,0.007586,-0.007136,0.014355,-0.009896
2024-01-09,-0.019608,-0.006651,0.001714,-0.014029,0.004248
2024-01-10,-0.002727,0.002731,0.007414,-0.006116,0.002737
2024-01-11,0.010939,-0.002245,-0.002793,-0.000754,-0.013151
2024-01-12,-0.006312,0.001098,-0.004436,0.001885,-0.006789
2024-01-17,-0.004677,-0.007005,0.012895,-0.013655,0.009838
2024-01-18,-0.018797,0.005656,0.001848,-0.002199,0.009255
2024-01-19,0.006705,0.006816,-0.001601,-0.000778,0.000483
2024-01-22,-0.016175,0.002985,-0.004356,-0.002595,-0.012542
2024-01-23,0.014507,0.001274,0.017057,0.003513,0.011725
2024-01-24,-0.004766,-0.001881,-0.007237,-0.001815,0.008691
2024-01-25,0.010536,0.007172,-0.003978,0.008573,-0.011010
2024-01-26,0.018957,0.003528,-0.003386,0.005795,0.006776
2024-01-29,-0.040930,0.005398,-0.000448,-0.004097,-0.016586
2024-01-30,0.018429,0.002867,0.007449,-0.007971,-0.007822
2024-01-31,-0.009524,-0.010435,0.000020,-0.012960,-0.022666
2024-02-01,-0.004808,0.012090,0.000323,-0.002232,-0.026216
2024-02-02,-0.002899,-0.000795,-0.007452,-0.009212,0.044007
2024-02-05,0.003876,-0.005683,0.003650,-0.011024,0.032482
2024-02-06,0.041506,0.007686,0.003447,0.007252,-0.017771
2024-02-07,0.001854,0.004484,0.002496,0.007867,0.004890
2024-02-08,-0.012026,0.002324,0.001411,-0.000529,0.014599
2024-02-09,-0.001873,0.001365,0.004548,0.004500,0.004077
2024-02-12,0.023452,0.003276,-0.007773,0.008960,-0.003582
2024-02-13,-0.025665,-0.015227,-0.000182,-0.027818,0.034516
2024-02-14,-0.013170,0.010057,-0.000040,0.003493,-0.011353
2024-02-15,0.004767,0.011296,0.003292,0.019813,-0.006328
2024-02-16,0.015180,-0.001470,0.000825,0.005776,0.012972
2024-02-21,0.023809,0.002452,-0.006053,0.003909,0.011696
2024-02-22,0.007156,0.010493,0.001725,0.002856,0.000463
2024-02-23,-0.012434,0.002901,0.005573,-0.004789,-0.015484
2024-02-26,0.008993,-0.002805,0.006267,-0.003382,0.009155
2024-02-27,0.027629,0.001805,-0.002924,0.019314,0.003722
2024-02-28,0.001735,-0.001400,-0.009339,0.014083,-0.009502
2024-02-29,-0.017316,0.001920,0.007076,0.000505,-0.005147
2024-03-01,0.022907,0.006863,0.000503,0.006435,-0.016933
2024-03-04,0.018949,0.001152,-0.003441,0.000376,0.009330
2024-03-05,0.000000,-0.004463,-0.001575,-0.010904,-0.019436
2024-03-06,-0.002536,0.007445,0.002467,0.003041,-0.007977
2024-03-07,0.014407,0.007111,-0.002723,0.011117,-0.002924
2024-03-08,-0.006683,-0.002120,-0.001982,0.001374,-0.000733
2024-03-11,-0.010093,-0.001449,0.008865,0.007611,0.003668
2024-03-12,0.011895,0.006179,-0.000028,0.002972,0.012427
2024-03-13,0.004198,0.002480,-0.001748,-0.000370,0.008905
2024-03-14,-0.003344,-0.007346,0.000101,-0.009633,0.025286
2024-03-15,0.023490,-0.002135,0.004729,0.007482,0.001396
2024-03-18,-0.004918,0.001918,-0.004938,-0.007674,0.008364
2024-03-19,0.028830,0.005227,0.012349,0.018835,-0.009908
2024-03-20,0.004003,0.008583,0.000119,0.017385,-0.005585
2024-03-21,-0.004785,0.004635,-0.012684,0.009507,-0.000468
2024-03-22,-0.000801,-0.005604,0.001671,-0.002384,-0.012409
2024-03-25,-0.004812,-0.001926,0.005307,0.001792,0.008298
2024-03-26,0.020145,-0.000994,-0.005739,0.002624,-0.004467
2024-03-27,0.013428,0.010856,0.000704,0.009041,-0.008975
2024-03-28,-0.003897,0.003146,0.002934,-0.005187,0.002383
2024-04-02,0.004680,-0.005965,0.008059,-0.001785,0.008316
2024-04-03,-0.009317,0.002160,0.002137,0.000358,-0.002291
2024-04-04,-0.013323,-0.009046,-0.005094,-0.002622,-0.010563
2024-04-05,-0.016680,0.007773,0.003731,0.001195,0.016013
2024-04-08,0.000000,0.001772,-0.000494,0.002625,0.010507
2024-04-09,-0.002423,0.000927,-0.006133,0.004166,-0.013110
2024-04-10,-0.017004,-0.012322,-0.003245,-0.013512,0.044434
2024-04-11,-0.010708,-0.001789,0.011702,0.000721,0.003509
2024-04-12,-0.009159,-0.015415,0.004777,-0.023292,-0.016827
2024-04-15,-0.011765,-0.007490,0.005245,-0.009834,0.028673
2024-04-16,-0.013605,-0.005309,0.013015,-0.010056,0.006698
2024-04-17,-0.001724,-0.000605,0.019638,-0.015425,-0.015883
2024-04-18,0.000864,-0.000882,-0.010008,0.000764,0.013522
2024-04-19,0.017256,0.004065,0.001739,0.011200,-0.006886
2024-04-22,-0.005089,0.008215,-0.006773,0.002014,0.001734
2024-04-23,0.000853,0.010827,-0.007779,-0.000753,-0.005408
2024-04-24,0.000000,-0.001949,-0.006814,-0.001006,0.011744
2024-04-25,-0.011073,-0.001493,0.002924,-0.000755,0.011608
2024-04-26,0.005168,0.001788,0.002546,-0.003778,-0.007862
2024-04-29,-0.015424,0.003817,-0.008355,0.011756,-0.011780
2024-04-30,-0.021758,-0.012772,0.000293,-0.011494,0.015605
2024-05-01,0.002669,-0.001531,0.015028,0.002528,-0.019420
2024-05-02,0.022183,0.006979,0.000096,0.030383,-0.005223
2024-05-03,0.012153,0.005584,-0.016190,0.002080,-0.015533
2024-05-06,0.007719,0.009324,-0.007710,0.006227,-0.002444
2024-05-07,-0.115745,0.001694,0.000789,-0.004975,-0.005792
2024-05-08,-0.002887,0.000098,-0.000315,0.004512,0.006498
2024-05-09,0.000000,0.007289,0.002878,0.005585,-0.009573
2024-05-10,-0.028958,0.001922,0.010397,-0.001690,0.012362
2024-05-13,-0.020875,-0.001547,-0.003412,0.002781,-0.005107
2024-05-14,-0.009137,0.004790,0.006039,0.010010,-0.008034
2024-05-15,0.008197,0.008654,-0.005122,0.006687,-0.020023
2024-05-16,0.025406,-0.003325,0.001131,0.001660,0.004821
2024-05-17,0.006938,0.003869,-0.000974,-0.000237,0.009824
2024-05-20,0.004921,-0.002863,-0.005187,0.005567,0.003846
2024-05-21,-0.059745,0.000125,0.000216,0.000353,-0.005184
2024-05-22,-0.022917,-0.005522,0.003684,-0.011657,0.004531
2024-05-23,0.049040,-0.011415,0.005701,-0.007505,0.009247
2024-05-24,-0.033537,0.004556,-0.001553,0.010923,-0.001788
2024-05-29,-0.007315,-0.011780,-0.002011,-0.017795,0.018054
2024-05-30,0.006316,0.003230,0.007905,0.006931,-0.015138
2024-05-31,-0.021967,0.012958,0.000000,0.003019,-0.008783
2024-06-03,-0.039572,-0.004243,0.008131,0.001324,-0.024812
2024-06-04,-0.012249,-0.004025,0.000877,-0.010461,-0.014993
2024-06-05,-0.002255,0.006190,0.007373,-0.003524,-0.010839
2024-06-06,0.037288,0.001168,0.002402,0.003170,-0.001865
2024-06-07,-0.001089,-0.004480,-0.008169,-0.013978,0.034805
2024-06-10,0.017448,0.002886,0.002538,0.000000,0.008804
2024-06-11,-0.017149,-0.006565,0.015627,-0.007037,-0.014545
2024-06-12,-0.005453,0.004846,0.002261,-0.004161,-0.024750
2024-06-13,0.002193,-0.004584,0.006729,0.004685,-0.013271
2024-06-14,-0.008753,-0.005922,-0.007295,-0.004537,-0.005899
2024-06-17,-0.007726,0.004770,-0.000821,-0.003292,0.015666
2024-06-18,-0.006674,0.003664,0.012469,0.005081,-0.014489
2024-06-21,0.015784,-0.001125,0.005533,-0.004926,0.000705
2024-06-24,0.025527,0.007280,-0.004819,0.003427,-0.002114
2024-06-25,-0.009740,-0.004176,-0.006787,-0.003922,-0.002354
2024-06-26,0.006557,-0.003169,0.011393,-0.012700,0.018405
2024-06-27,0.130293,0.000850,0.013173,0.009648,-0.006487
2024-06-28,-0.013449,0.000967,-0.003984,-0.001529,0.012826
2024-07-01,-0.003895,-0.003853,0.016617,-0.003445,0.031315
2024-07-02,-0.007820,0.003961,0.011284,-0.009859,-0.009600
2024-07-03,0.019704,0.003521,0.003625,0.012414,-0.018260
2024-07-08,-0.023952,-0.000609,-0.002754,-0.002959,-0.000702
2024-07-09,-0.007157,-0.002172,-0.000163,-0.005033,0.007262
2024-07-10,-0.001030,0.009231,-0.009743,0.008171,-0.004651
2024-07-11,0.004124,0.009034,-0.000443,0.012093,-0.020327
2024-07-12,-0.010267,0.006865,0.004303,0.013728,-0.000954
2024-07-15,0.028008,0.001036,-0.002795,-0.004138,0.009549
2024-07-16,0.008073,0.013826,0.004426,0.019768,-0.014661
2024-07-17,-0.009009,-0.003660,-0.004131,0.002223,-0.005040
2024-07-18,-0.026262,-0.010621,0.011688,-0.004435,0.010371
2024-07-19,-0.004149,-0.005817,0.010114,-0.004579,0.011936
2024-07-22,-0.002083,0.007231,-0.004028,0.014172,0.004954
2024-07-23,-0.007307,-0.001122,0.009025,-0.010174,-0.004930
2024-07-24,-0.014721,-0.011336,0.002621,-0.014241,0.011088
2024-07-25,-0.004269,0.001969,0.012229,0.007915,-0.006999
2024-07-26,-0.016077,0.011994,-0.001857,0.003490,-0.013158
2024-07-29,0.023965,-0.001353,-0.003590,0.006086,-0.005238
2024-07-30,0.012766,0.002223,-0.001483,-0.002469,-0.008377
2024-07-31,0.002101,0.006966,-0.000606,0.010272,-0.008207
2024-08-01,-0.013627,-0.011586,0.008109,-0.024746,-0.032368
2024-08-02,-0.013815,-0.017897,0.016618,-0.015073,-0.046278
2024-08-05,-0.006466,-0.024065,-0.004156,-0.028440,-0.001846
2024-08-06,-0.003254,0.011135,-0.001013,0.011551,0.027213
2024-08-07,0.008705,-0.004672,-0.011432,-0.009992,0.020576
2024-08-08,0.038835,0.019469,-0.003483,0.009307,0.007308
2024-08-09,0.034268,0.004456,-0.015916,0.001039,-0.013760
2024-08-12,-0.004016,-0.003326,-0.007176,-0.001297,-0.008371
2024-08-13,0.008064,0.010761,-0.002615,0.010912,-0.014582
2024-08-14,0.003000,0.005205,-0.006592,0.001157,-0.008307
2024-08-15,-0.017946,0.011268,0.002420,0.007188,0.027749
2024-08-16,0.013198,0.002526,0.002926,0.006754,-0.008660
2024-08-19,0.021042,0.006840,-0.002480,0.016456,-0.006423
2024-08-20,0.004907,-0.004226,-0.012008,0.001743,-0.012671
2024-08-21,0.010742,0.005332,0.013412,0.007583,-0.010477
2024-08-22,-0.021256,-0.002732,0.000803,-0.010117,0.022234
2024-08-23,0.012833,0.012871,0.019772,0.029166,-0.014241
2024-08-26,-0.015595,0.000362,-0.018870,0.002059,0.002889
2024-08-27,0.000990,0.000990,0.001878,-0.003142,0.003929
2024-08-28,0.000000,-0.002870,0.002220,-0.010427,0.002087
2024-08-29,-0.019782,0.004464,0.009859,-0.000613,0.006769
2024-08-30,-0.017154,0.007451,0.011776,0.003800,0.011378
2024-09-04,0.014463,-0.000815,0.005770,-0.007303,-0.019771
2024-09-05,0.007128,-0.006520,-0.000974,0.007731,-0.009820
2024-09-06,-0.016178,-0.011382,-0.013205,-0.010393,-0.005628
2024-09-09,-0.003083,0.010531,0.005227,0.001125,-0.003504
2024-09-10,0.005155,-0.001987,-0.002198,0.006619,-0.013795
2024-09-11,0.004103,0.002359,0.014075,-0.000248,0.001920
2024-09-12,-0.012257,0.006428,0.000795,0.015513,0.007391
2024-09-13,0.010341,0.007036,-0.007358,0.012098,-0.008152
2024-09-16,-0.015353,0.007054,-0.002369,0.006399,-0.007945
2024-09-17,0.008316,-0.001589,-0.019327,0.006359,0.005799
2024-09-18,-0.005155,-0.001572,-0.004034,-0.001907,0.011807
2024-09-19,0.003109,0.012339,-0.003776,0.016603,0.014925
2024-09-20,-0.024793,-0.003020,-0.006794,-0.017272,-0.003209
2024-09-23,-0.009534,0.003700,0.016538,0.000478,0.002951
2024-09-24,0.039572,0.003143,0.004081,0.016013,-0.000802
2024-09-25,-0.024691,-0.006427,-0.015607,-0.005646,0.012045
2024-09-26,0.050633,0.006219,0.004422,0.018926,0.002645
2024-09-27,0.006024,-0.000026,-0.006778,-0.000348,-0.011079
2024-09-30,-0.001996,0.000780,-0.000644,0.000697,0.014137
2024-10-01,0.009000,-0.002178,0.002816,-0.004410,-0.015518
2024-10-02,0.001982,0.000404,-0.004497,-0.005478,0.011221
2024-10-03,-0.008902,-0.004831,0.003005,-0.005274,0.017173
2024-10-04,0.022954,0.007788,0.006617,0.012843,0.034026
2024-10-07,-0.004878,-0.005445,-0.004017,-0.011633,0.011304
2024-10-08,-0.014706,0.000140,0.007315,-0.011299,0.001739
2024-10-09,-0.029851,0.005766,0.007371,-0.000238,0.008430
2024-10-10,-0.003077,-0.002613,0.011094,-0.011312,0.007131
2024-10-11,-0.005144,0.011039,-0.002573,0.012044,-0.005615
2024-10-14,0.020682,0.005242,0.005178,-0.007854,0.006138
2024-10-15,-0.020263,-0.006856,-0.002834,-0.013434,-0.014641
2024-10-16,-0.003102,0.007459,0.010242,-0.000608,-0.005448
2024-10-17,0.008299,0.001502,0.002831,-0.011679,0.019920
2024-10-18,0.010288,0.001488,-0.002858,0.003816,-0.005615
2024-10-21,0.008147,-0.008272,-0.002813,-0.009810,0.026762
2024-10-22,0.025253,-0.002827,0.009262,-0.001610,0.005261
2024-10-23,-0.000985,-0.003577,0.000211,0.001612,0.009039
2024-10-24,0.005917,-0.001710,-0.000492,-0.001981,-0.009901
2024-10-25,0.020588,-0.005340,-0.003957,0.004343,0.007619
2024-10-28,0.000000,0.004801,0.003851,0.000865,0.010870
2024-10-29,-0.006724,-0.004756,0.004289,-0.016294,-0.000935
2024-10-30,0.008704,-0.002077,0.008721,0.010039,-0.001872
2024-10-31,-0.015340,-0.009133,0.000399,0.000621,0.004219
2024-11-01,-0.004869,0.000758,0.004703,-0.000124,0.017974
2024-11-04,0.011742,-0.000527,-0.019324,0.004595,-0.011924
2024-11-05,0.016441,0.011453,0.019916,0.013473,-0.004641
2024-11-06,-0.007612,0.018712,-0.008773,-0.003415,0.031942
2024-11-07,-0.006711,0.002426,-0.011324,0.011994,-0.019205
2024-11-08,-0.018340,0.003071,0.002855,-0.023582,-0.008063
2024-11-11,-0.006883,0.003949,0.007978,-0.003839,0.000464
2024-11-12,0.016832,-0.008123,0.003312,-0.017655,0.028784
2024-11-13,0.001947,-0.000396,-0.001251,-0.009239,0.004287
2024-11-14,0.019436,-0.005636,0.010038,-0.001661,-0.007414
2024-11-15,0.014299,-0.004450,-0.003031,0.007677,0.002263
2024-11-18,0.000000,0.003698,0.001088,0.007492,-0.003162
2024-11-19,-0.014098,-0.000009,-0.008318,-0.003781,-0.007929
2024-11-20,0.006673,0.001566,0.004420,0.008477,0.006166
2024-11-21,0.000000,0.011098,-0.000191,-0.001506,0.005901
2024-11-22,-0.006629,0.007770,0.007521,0.008921,-0.004964
2024-11-25,-0.016206,0.004816,-0.002545,0.020174,-0.032880
2024-11-26,-0.012597,-0.000045,-0.000362,-0.012451,0.008675
2024-11-27,-0.014720,-0.000476,0.002139,-0.005810,-0.013947
2024-12-02,-0.010628,-0.002901,-0.006768,-0.006758,0.004308
2024-12-03,0.027344,-0.001356,0.013996,0.006433,0.006435
2024-12-04,0.026616,0.000138,-0.002262,-0.003810,-0.010182
2024-12-05,0.000926,-0.001543,-0.000712,0.000000,0.000000
2024-12-06,-0.008326,-0.002463,-0.004719,-0.002097,-0.006938
2024-12-09,0.019590,-0.005049,0.012978,0.008531,0.011563
2024-12-10,-0.021043,-0.006216,-0.001922,-0.014221,0.005239
2024-12-11,-0.000935,0.000459,-0.005151,0.003731,0.011845
2024-12-12,-0.021515,-0.006130,-0.015318,-0.002726,0.012409
2024-12-13,-0.014340,-0.002009,0.007291,-0.014784,0.017345
2024-12-16,0.001940,-0.005154,0.007472,-0.001766,-0.000455
2024-12-17,0.009680,-0.005608,0.017613,-0.002461,-0.002729
2024-12-18,-0.021782,-0.027188,-0.007174,-0.039425,0.024857
2024-12-19,-0.002024,-0.001514,0.030427,-0.008738,0.016911
2024-12-20,-0.010142,0.008504,-0.021832,0.016428,-0.010066
2024-12-23,0.016393,0.004585,-0.010956,0.003679,0.016578
2024-12-24,0.019153,0.006996,0.018030,0.003011,-0.001739
2024-12-27,-0.002979,-0.006508,-0.005548,0.000000,0.008736
2024-12-30,0.002988,-0.008345,0.007351,-0.004045,-0.016021
2024-12-31,0.004965,0.001005,-0.002551,0.000131,0.006161
2025-01-02,0.002964,-0.000088,0.019764,-0.001310,0.000437
2025-01-03,0.001971,0.008320,-0.023651,0.000000,0.004590
2025-01-06,0.005900,0.000370,0.004828,0.009575,0.004787
2025-01-07,-0.004888,-0.002468,-0.010549,-0.011173,0.014075
2025-01-08,-0.003929,0.001398,-0.002387,-0.005124,0.002135
2025-01-13,0.009931,0.004447,0.011815,0.013456,0.005653
2025-01-14,-0.004916,0.006789,-0.002047,-0.000263,-0.003123
2025-01-15,0.006917,0.012831,-0.006335,0.012886,-0.028196
2025-01-16,-0.013739,0.006483,-0.007036,0.001428,-0.010101
2025-01-17,0.025871,0.003005,0.006271,0.013482,0.000651
2025-01-22,0.004808,-0.003316,-0.001542,-0.013407,0.005466
2025-01-23,0.013397,0.007624,-0.013321,0.007493,0.008480
2025-01-24,0.008499,0.000936,-0.002744,0.012858,-0.002587
2025-01-27,0.014981,-0.000874,-0.002515,0.004605,-0.021185
2025-01-28,-0.009225,-0.000469,-0.002792,-0.006566,0.005080
2025-01-29,0.001862,-0.002161,-0.006194,-0.001621,0.000879
2025-01-30,-0.005576,0.011981,0.000102,0.004247,-0.009440
2025-01-31,0.009346,-0.008301,0.003039,-0.001244,0.012633
2025-02-03,0.004630,-0.006425,-0.005771,-0.007721,-0.005690
2025-02-04,-0.033180,0.004745,-0.005890,-0.007656,-0.006604
2025-02-05,-0.013346,0.008229,-0.008456,0.001391,-0.020164
2025-02-06,0.017391,0.001425,0.007955,0.018565,0.004071
2025-02-07,-0.022792,-0.005859,-0.007307,-0.018847,0.010586
2025-02-10,-0.008746,0.003912,0.007413,-0.000758,0.001337
2025-02-11,-0.004902,0.002502,-0.002809,-0.005059,0.009793
2025-02-12,-0.004926,-0.005251,-0.003871,-0.006737,0.022041
2025-02-13,0.018812,0.005930,-0.000017,0.022012,-0.024154
2025-02-14,0.007775,-0.002517,0.000434,0.001002,-0.011713
2025-02-19,-0.000983,-0.000602,-0.004114,-0.005867,-0.001981
2025-02-20,-0.001968,-0.003873,0.005573,0.005776,-0.007718
2025-02-21,-0.007890,-0.013316,-0.003322,-0.013109,-0.017778
2025-02-24,-0.013917,-0.001123,0.005209,-0.000506,-0.006109
2025-02-25,-0.001008,0.003266,0.008166,0.004050,-0.021625
2025-02-26,-0.007063,0.000442,-0.006490,-0.009202,-0.011401
2025-02-27,-0.006098,-0.006256,0.010696,-0.006234,0.008473
2025-02-28,-0.017382,0.011109,0.006429,-0.008450,-0.012602
2025-03-03,-0.021852,-0.010221,0.007090,0.005552,-0.012054
2025-03-04,-0.004255,-0.016542,0.023825,-0.008988,0.007177
2025-03-05,0.029915,0.013286,-0.022390,0.022674,0.013064
2025-03-06,-0.006224,-0.012566,-0.024738,-0.001140,0.004924
2025-03-07,0.001044,0.003420,0.003989,0.010401,0.007233
2025-03-10,-0.009385,-0.018938,0.003453,-0.024730,-0.024091
2025-03-11,-0.004211,-0.007825,0.012105,-0.002317,0.017802
2025-03-12,-0.006343,-0.000026,-0.007569,-0.002967,0.006996
2025-03-13,-0.002128,-0.009244,-0.001859,-0.012034,-0.010190
2025-03-14,0.009595,0.018851,0.000121,0.020956,0.007955
2025-03-17,0.013728,0.013694,-0.009985,0.008467,-0.000464
2025-03-18,0.007292,-0.003751,-0.010893,-0.004198,-0.005806
2025-03-19,0.003102,0.008225,-0.001051,0.003194,-0.005840
2025-03-20,0.013402,-0.002250,-0.004231,-0.002929,-0.005404
2025-03-21,-0.030519,-0.004247,0.004568,-0.025543,0.004489
2025-03-24,-0.010493,0.012846,0.009817,-0.000262,0.018579
2025-03-25,-0.001060,-0.001308,0.005445,0.004588,-0.005541
2025-03-26,-0.007431,-0.004706,-0.010832,-0.004176,0.007198
2025-03-27,0.003209,-0.002610,0.006160,0.000262,0.007146
2025-03-28,-0.012793,-0.013536,0.001012,-0.005371,-0.026093
2025-03-31,0.003240,0.006516,0.003276,-0.006454,-0.002115
2025-04-01,0.006459,0.000125,-0.010368,0.003712,-0.021196
2025-04-02,-0.002139,0.006932,-0.003001,0.004755,0.009625
2025-04-03,-0.024652,-0.039193,-0.003098,-0.039963,-0.033603
2025-04-04,-0.040659,-0.061201,-0.005844,-0.047926,-0.017263
2025-04-07,-0.025200,-0.010215,0.037195,-0.016108,0.042660
2025-04-08,-0.003525,-0.014346,0.012597,-0.026751,0.025752
2025-04-09,0.054245,0.070397,0.016859,0.073896,0.032379
2025-04-10,-0.010067,-0.027606,-0.032461,-0.033007,-0.001364
2025-04-11,-0.001130,0.018394,0.011378,0.017501,0.022531
2025-04-14,0.016968,0.011669,-0.003416,0.011372,-0.028711
2025-04-15,-0.020022,-0.000120,-0.001705,-0.006887,-0.009395
2025-04-16,0.007946,-0.010005,0.005193,-0.005378,-0.010178
2025-04-17,0.007883,0.006657,-0.003263,0.011525,0.012620
2025-04-23,0.012155,0.009534,-0.015016,0.001247,-0.000456
2025-04-24,0.003275,0.014187,-0.002885,0.006920,-0.018692
2025-04-25,-0.015234,0.000232,-0.004331,-0.006460,-0.009059
2025-04-28,-0.007735,0.003806,0.001057,0.013697,-0.011721
2025-04-29,-0.003341,0.006192,-0.005594,-0.004504,-0.010199
2025-04-30,-0.010056,0.001311,-0.005820,-0.006169,0.000959
2025-05-01,-0.007901,-0.003369,0.009413,-0.003311,0.012928
2025-05-02,0.020478,0.017682,0.000740,0.003599,0.021508
2025-05-05,-0.013378,-0.004304,-0.001797,-0.007585,0.004859
2025-05-06,-0.002260,-0.006272,0.003423,-0.011117,-0.008059
2025-05-07,0.007928,0.004182,0.004660,0.009415,-0.007660
2025-05-08,0.008989,0.002689,0.005566,0.014200,0.022924
2025-05-09,-0.008909,0.000260,-0.014448,-0.009883,0.000457
2025-05-12,0.037079,0.020309,-0.002367,0.030223,0.018743
2025-05-13,0.028169,0.000600,0.003824,0.009151,0.009423
2025-05-14,-0.001054,-0.004813,-0.012228,0.000000,0.006446
2025-05-15,0.002110,0.007959,0.006434,-0.001734,-0.016122
2025-05-16,-0.003158,0.007550,0.007948,0.005477,-0.003143
2025-05-19,0.002112,0.002058,-0.003983,-0.001461,0.007656
2025-05-20,-0.014752,-0.001646,-0.002505,0.007318,0.001341
2025-05-21,0.007487,-0.016768,0.004039,-0.008321,0.025664
2025-05-22,-0.002123,-0.002198,-0.003988,-0.007725,-0.009356
2025-05-23,-0.004255,-0.001527,0.012667,-0.003087,-0.009664
2025-05-28,-0.015351,-0.007612,-0.005153,-0.013994,0.009698
2025-05-29,-0.004454,0.003298,0.009100,0.006218,-0.011838
2025-05-30,-0.029083,0.002024,-0.004149,-0.006851,-0.001808
2025-06-02,0.011521,0.002576,0.009832,-0.005952,0.010417
2025-06-03,0.017084,0.003913,-0.008460,0.003674,-0.000448
2025-06-04,-0.013438,-0.001259,-0.006100,0.003525,-0.021301
2025-06-05,0.073780,-0.000203,-0.001011,0.009457,0.006644
2025-06-06,0.010571,0.008151,-0.008434,-0.005086,0.026400
2025-06-09,0.006276,-0.000544,-0.003922,0.010492,-0.006209
2025-06-10,-0.006237,0.004011,-0.001025,0.003861,-0.001785
2025-06-11,0.000000,0.000213,0.002717,-0.006630,-0.013858
2025-06-12,0.001046,0.003996,-0.006515,-0.003871,-0.012466
2025-06-13,0.019854,-0.010813,0.000271,-0.019566,0.015378
2025-06-16,0.010246,0.005350,0.000289,0.008963,0.006329
2025-06-17,-0.027383,-0.008447,-0.008684,-0.016288,-0.013252
2025-06-18,-0.002086,-0.000861,0.000401,0.004452,0.000910
2025-06-23,-0.004251,0.007037,0.005173,0.003451,-0.012571
2025-06-24,0.004269,0.010454,-0.004458,0.009081,-0.006250
2025-06-25,-0.014878,-0.006425,0.003003,-0.019225,0.000000
2025-06-26,0.011866,0.008401,0.008638,0.016822,-0.009318
2025-06-27,-0.008529,0.004059,-0.014538,0.006153,0.007054
2025-06-30,0.011828,0.004481,0.000237,-0.003125,-0.012374
2025-07-01,-0.010627,0.005473,-0.008798,0.011723,0.004965
2025-07-02,0.023630,0.002705,0.005267,0.021558,0.009880
2025-07-03,0.004197,0.006256,-0.005935,0.002506,0.012812
2025-07-08,0.000000,-0.000177,0.012603,0.006909,0.004551
2025-07-09,-0.024705,0.003226,-0.007581,0.006054,-0.016535
2025-07-10,-0.009912,0.003391,0.024917,0.007221,0.000921
2025-07-11,-0.001112,-0.006308,-0.009083,-0.004514,0.017717
2025-07-14,-0.005568,0.001644,0.007376,-0.004401,0.000904
2025-07-15,0.014558,-0.010061,0.002710,-0.011788,0.014005
2025-07-16,0.003311,0.005466,-0.006443,0.003660,-0.007574
2025-07-17,-0.001100,0.005066,0.002810,-0.004457,0.001796
2025-07-18,-0.002203,-0.002329,-0.003593,-0.019536,-0.006946
2025-07-21,0.009934,-0.001319,0.005679,0.009686,-0.013538
2025-07-22,0.005465,0.007035,-0.002259,0.017130,-0.008234
2025-07-23,0.020652,0.012733,-0.000287,0.018324,0.011993
2025-07-24,-0.003195,-0.003270,-0.008537,-0.005425,0.004558
2025-07-25,0.011752,0.004653,0.000653,0.015698,-0.004991
2025-07-28,-0.012672,-0.006165,0.008188,-0.016634,0.007752
2025-07-29,-0.001069,-0.002868,0.003881,-0.007192,-0.020362
2025-07-30,0.006424,-0.006294,-0.002434,-0.016635,0.010624
2025-07-31,-0.013830,-0.008358,0.000395,-0.032196,-0.003656
2025-08-01,0.004315,-0.009324,0.004197,0.005075,-0.032110
2025-08-04,-0.015038,0.010912,-0.010877,0.001964,-0.004739
2025-08-05,0.006543,-0.001550,-0.007548,0.011198,-0.000952
2025-08-06,0.015168,0.001562,0.001255,0.011074,0.005720
2025-08-07,0.069370,-0.001137,-0.008014,0.022590,0.005687
2025-08-08,0.008982,0.002858,-0.008170,-0.004418,0.009661
2025-08-11,-0.017804,-0.002002,0.003325,-0.009010,-0.002800
2025-08-12,0.010070,0.011061,0.001841,0.012485,0.004681
2025-08-13,-0.002991,0.007626,-0.007552,0.009248,-0.012812
2025-08-14,-0.001000,-0.002839,-0.001851,-0.008367,0.012978
2025-08-15,-0.005005,-0.000276,0.003320,-0.001875,0.008153
2025-08-18,-0.021127,0.000652,-0.001608,-0.006843,0.003004
2025-08-19,-0.012333,0.000212,0.006537,0.006755,-0.008984
2025-08-20,-0.002081,0.002156,0.011388,-0.000268,-0.001395
2025-08-21,-0.001043,-0.002250,-0.005173,-0.003758,0.007914
2025-08-22,0.035491,0.015924,-0.000797,0.034761,-0.016166
2025-08-25,-0.004032,-0.007071,-0.007960,-0.004557,0.003521
2025-08-26,-0.015182,0.003905,-0.002140,-0.005101,-0.003977
2025-08-27,0.007194,0.002365,0.003974,-0.008151,-0.004697
2025-08-28,0.002041,0.001544,-0.002486,0.005037,-0.007315
2025-08-29,-0.009165,-0.000642,-0.000867,0.002374,0.004754
2025-09-03,-0.006243,-0.001747,0.005259,-0.002940,-0.015431
2025-09-04,-0.002094,0.007132,-0.003457,0.004155,-0.008312
2025-09-05,0.010493,-0.001035,-0.000753,0.014949,-0.021552
2025-09-08,-0.008307,0.001779,-0.005841,0.002499,-0.009790
2025-09-09,0.001047,0.000919,0.001497,-0.010232,0.006920
2025-09-10,-0.013598,0.004787,0.002454,-0.007820,-0.010309
2025-09-11,0.014846,0.011227,-0.005816,0.010687,-0.005208
2025-09-12,-0.011494,-0.007399,-0.002555,-0.010574,0.012466
2025-09-15,0.002114,0.000948,-0.006904,0.001069,-0.006649
2025-09-16,0.009494,-0.000907,-0.006690,0.008273,-0.001983
2025-09-17,0.001045,0.003027,-0.003650,-0.003838,0.012419
2025-09-18,-0.001044,0.003006,0.002700,-0.009566,0.006869
2025-09-19,-0.004180,-0.000483,-0.001092,-0.010999,0.008528
2025-09-22,-0.010493,0.002256,0.003054,0.003662,0.000966
2025-09-23,0.009544,0.000267,0.002594,0.002162,-0.005552
2025-09-24,-0.016807,-0.003004,-0.009879,-0.010383,0.006553
2025-09-25,0.001068,-0.006819,0.009145,-0.010219,0.006028
2025-09-26,-0.013874,0.006586,0.006342,0.006332,0.003595
2025-09-29,0.001082,0.000933,-0.003998,0.001642,-0.010986
2025-09-30,0.016216,0.003116,-0.003847,0.002595,0.001690
2025-10-01,-0.001064,0.003499,-0.000413,0.005313,-0.010125
2025-10-02,0.003195,-0.001480,0.001748,-0.000407,-0.004384
2025-10-03,0.010616,0.005435,0.001464,0.005151,0.007583
2025-10-06,-0.016807,0.001823,-0.000375,-0.024140,0.010439
2025-10-07,-0.022436,-0.004682,-0.004386,-0.013544,-0.008409
2025-10-08,-0.016393,0.002895,0.008021,-0.001121,0.000485
2025-10-09,-0.007778,-0.008172,-0.003474,-0.010659,0.004601
2025-10-10,-0.013438,-0.020946,0.007872,-0.021690,-0.023385
2025-10-13,0.004540,0.013503,0.027114,0.011158,0.000000
2025-10-14,-0.005650,0.005540,-0.010664,-0.001003,-0.007159
2025-10-15,-0.009091,0.003287,0.003184,0.002726,0.005967
2025-10-16,0.008028,-0.008992,-0.005874,-0.000429,-0.017301
2025-10-17,0.010239,0.001613,-0.001557,0.004007,0.007797
2025-10-20,0.001126,0.008721,-0.006381,0.006557,-0.005241
2025-10-21,-0.007874,-0.001251,-0.006918,-0.001416,-0.005770
2025-10-22,0.015873,-0.002617,0.003353,0.004113,-0.002523
2025-10-23,0.011161,0.005071,0.002358,0.015819,0.009613
2025-10-24,0.006622,0.003433,-0.003056,0.007647,0.001503
2025-10-27,0.000000,0.004220,0.001003,0.001380,0.000000
2025-10-28,0.013158,-0.004593,-0.002784,-0.003583,-0.003503
2025-10-29,-0.008658,-0.007544,-0.002959,-0.026276,0.018830
2025-10-30,-0.009825,-0.003481,0.000075,-0.009374,0.008625
2025-10-31,-0.004410,0.000400,0.004517,-0.005161,0.001955
2025-11-03,0.002215,-0.002003,-0.001375,-0.010520,0.001219
2025-11-04,0.006630,-0.006251,-0.003665,-0.003204,-0.004140
2025-11-05,0.003293,0.003705,0.007657,0.006867,0.016630
2025-11-06,-0.008753,-0.003423,-0.006913,0.007546,-0.015396
2025-11-07,-0.016556,0.005643,-0.001698,0.004033,0.000000
2025-11-10,-0.017957,0.007373,-0.003477,0.001148,0.004153
2025-11-11,0.011429,0.006970,-0.007729,0.010030,0.002433
2025-11-12,0.025989,0.004172,-0.003592,0.002695,-0.013349
2025-11-13,-0.011013,-0.012516,0.003908,-0.002122,0.011562
2025-11-14,-0.007795,-0.002979,0.000983,-0.012619,0.008755
2025-11-17,0.017957,-0.011963,-0.000170,-0.013929,-0.003616
2025-11-18,0.008820,-0.001925,0.006402,-0.009611,-0.002419
2025-11-19,-0.006557,-0.000204,-0.001501,-0.004411,0.002425
2025-11-20,-0.011001,-0.012065,0.001334,-0.011667,-0.006533
2025-11-21,-0.004449,0.012628,0.000694,0.016886,-0.010472
2025-11-24,-0.005587,0.004468,0.013090,-0.003233,-0.006153
2025-11-25,-0.003371,0.013169,-0.002832,0.017691,-0.008915
2025-11-26,0.010147,0.007489,-0.001374,0.012313,-0.000999
2025-12-01,-0.007821,-0.007249,-0.003735,-0.010514,0.019666
2025-12-02,0.019144,-0.000738,0.003824,-0.002010,-0.002441
2025-12-03,0.018784,0.007156,-0.005508,0.011079,-0.007097
2025-12-04,0.007592,0.001393,-0.003793,0.006831,0.012571
2025-12-05,-0.005382,-0.001178,0.000603,0.000565,0.007546
2025-12-08,0.000000,-0.004900,0.024259,-0.003390,0.007973
2025-12-09,0.003247,-0.002231,-0.001489,-0.013466,0.003356
2025-12-10,0.018339,0.012862,0.000276,0.024425,-0.005256
2025-12-11,-0.032839,0.008257,0.007051,0.004348,-0.005524
2025-12-12,-0.012048,-0.004977,-0.011755,-0.005726,0.012799
2025-12-15,-0.001109,0.001167,0.002349,0.006882,-0.002861
2025-12-16,-0.009989,-0.008531,-0.000886,0.002194,-0.007891
2025-12-17,0.007848,-0.003940,0.017383,0.004520,0.000482
2025-12-18,0.061179,0.002383,0.001997,0.002531,-0.008432
2025-12-19,-0.007338,0.005322,0.000507,-0.008837,0.008503
2025-12-22,-0.029567,0.008547,0.003351,0.000708,0.004336
2025-12-23,0.011970,0.001828,0.009062,0.008344,0.000000
2025-12-24,-0.003226,0.003494,-0.012791,0.003086,-0.007916
2025-12-26,0.005394,0.000785,0.000181,0.002936,0.000000
2025-12-29,-0.006438,-0.003624,0.004167,0.002788,-0.004836
2025-12-30,0.009719,-0.000806,0.004799,0.006395,0.003401
2025-12-31,-0.001069,-0.006508,-0.016681,-0.005249,0.007990
2026-01-02,0.019272,0.010451,0.007450,0.011804,0.005765
2026-01-05,-0.017857,0.008915,-0.017292,0.004666,-0.005254
2026-01-06,-0.004278,0.006184,-0.002601,0.001776,0.003361
2026-01-07,0.000000,-0.010172,-0.006565,-0.008046,-0.009811
2026-01-08,-0.004296,0.006464,0.002215,0.010448,0.010875
2026-01-09,0.030205,0.004718,0.000501,0.028708,-0.002869
2026-01-12,0.011518,0.004612,-0.003026,0.002910,0.003836
2026-01-13,-0.005176,-0.001784,0.000633,-0.002242,-0.003821
2026-01-14,0.005203,0.002904,-0.000447,0.013746,-0.007432
2026-01-15,0.008282,0.003855,0.004617,0.000782,0.004831
2026-01-16,-0.010267,-0.000076,-0.005226,-0.000130,0.017067
2026-01-21,0.019874,0.011271,0.001043,0.017833,-0.009779
2026-01-22,0.011282,0.003110,-0.010327,0.003792,-0.000940
2026-01-23,-0.001014,-0.001755,-0.006599,0.002866,-0.002354
2026-01-26,-0.006091,0.003163,0.000984,-0.002078,-0.006134
2026-01-27,0.004086,0.002150,-0.001853,0.001432,0.002374
2026-01-28,0.006104,-0.003415,-0.018090,-0.009878,0.006630
2026-01-29,-0.036400,0.003305,0.002604,-0.006695,-0.005646
2026-01-30,-0.016789,-0.006825,-0.001520,-0.013083,0.003312
2026-02-02,-0.005336,0.007321,0.012680,-0.006427,0.008017
2026-02-03,0.009657,-0.000194,0.000837,0.012129,-0.000234
2026-02-04,0.004251,0.004125,-0.004164,0.031425,0.000234
2026-02-05,0.013757,-0.010545,0.000095,-0.008908,-0.015205
2026-02-06,0.010438,0.022851,0.006205,0.014329,-0.000950
2026-02-09,0.017562,0.003781,-0.010360,0.013869,-0.001902
2026-02-10,0.000000,0.002458,-0.004659,0.015706,-0.012149
2026-02-11,0.135025,0.003488,0.000886,0.026312,0.006028
2026-02-12,0.004472,-0.012390,0.000481,0.001823,-0.016299
2026-02-13,-0.004452,0.005920,0.002924,-0.001577,-0.011696
2026-02-18,-0.008204,0.003721,-0.004462,-0.000990,0.006663
2026-02-19,0.005515,-0.001249,0.002663,-0.010533,-0.000981
2026-02-20,0.004570,0.004038,-0.004891,0.007765,0.002699
2026-02-23,0.000910,-0.010136,-0.006201,-0.019883,-0.013950
2026-02-24,0.030000,0.007277,-0.001082,0.003170,0.000993
2026-02-25,0.009709,0.002947,-0.003655,-0.007457,0.003719
2026-02-26,0.001748,0.003074,-0.005396,0.000637,-0.007658
2026-02-27,-0.011344,-0.001292,0.002420,-0.002545,-0.013692
2026-03-02,-0.013239,-0.003462,-0.001363,-0.023220,0.021706
2026-03-03,-0.029517,-0.017720,0.007934,-0.022597,0.001976
2026-03-04,-0.009217,0.003829,0.020695,0.006281,0.005917
2026-03-05,-0.020465,-0.012853,-0.008944,-0.015139,0.016176
2026-03-06,-0.012346,-0.011912,0.006367,-0.009844,-0.003136
2026-03-09,0.025962,0.004561,-0.003781,-0.004630,0.000726
2026-03-10,0.002812,-0.003275,-0.007285,0.003694,0.000000
2026-03-11,-0.009346,-0.002619,-0.008242,-0.006407,0.017408
2026-03-12,-0.042453,-0.016405,-0.002131,-0.021951,0.015447
2026-03-13,-0.013793,-0.003063,0.017956,-0.011362,0.002808
2026-03-16,0.012987,0.009416,0.016248,0.011067,-0.015169
2026-03-17,-0.001972,0.002559,-0.017958,0.004631,-0.004265
2026-03-18,-0.009881,-0.014292,-0.007739,-0.023467,0.013565
2026-03-19,-0.028942,-0.002526,0.013326,-0.022171,0.005166
2026-03-20,-0.032888,-0.014780,-0.008020,-0.021943,0.025695
2026-03-23,0.040383,0.013602,0.017625,0.027071,-0.012981
2026-03-24,-0.011236,0.002763,-0.014872,0.003204,0.013383
2026-03-25,0.014463,0.007115,-0.000057,0.015822,-0.014572
2026-03-26,-0.020367,-0.012819,0.000803,-0.011718,0.020333
2026-03-27,-0.001040,-0.009681,-0.000325,-0.004482,0.005435
2026-03-30,0.000000,-0.002351,0.000554,0.004067,-0.022072
2026-03-31,0.041623,0.023528,0.004964,0.026327,-0.007140
2026-04-01,0.007992,0.004133,-0.013526,0.003383,0.001856
2026-04-02,-0.023786,0.000592,-0.007376,-0.009271,-0.001389
2026-04-07,-0.065285,-0.000229,-0.003800,-0.014633,0.001845
2026-04-08,0.024390,0.024648,0.002394,0.035755,-0.011973
2026-04-09,0.019481,0.001433,-0.009785,-0.006264,0.000466
2026-04-10,-0.002123,-0.004215,-0.000863,0.002801,0.005590
2026-04-13,0.011702,0.009082,-0.017819,0.006984,-0.004633
2026-04-14,0.018927,0.003287,-0.002118,0.004161,-0.009542
2026-04-15,-0.016512,-0.002642,-0.001922,-0.009394,0.006109
2026-04-16,-0.001049,0.000001,0.001525,-0.004183,0.006305
2026-04-17,0.013655,0.010549,-0.001064,0.016804,-0.014621
2026-04-20,-0.006217,-0.000836,0.003852,0.001377,0.000942
2026-04-21,-0.011470,-0.009767,-0.010766,-0.019942,0.009882
2026-04-22,0.006329,0.002170,0.011227,-0.007297,0.000466
2026-04-23,-0.019916,-0.002132,-0.004613,-0.007634,0.006754
2026-04-24,-0.026738,-0.000792,0.009208,-0.018091,-0.003007
2026-04-27,0.000000,-0.001268,-0.010277,0.000000,0.006032
2026-04-28,-0.003297,-0.003050,0.004117,-0.002611,0.004151
2026-04-29,-0.015435,-0.003682,-0.001060,-0.005673,0.014699
2026-04-30,-0.006719,0.017279,0.004645,0.001463,-0.006338
2026-05-01,-0.018038,-0.004471,-0.009566,0.003944,-0.002734
2026-05-04,-0.018257,-0.006410,-0.003536,-0.017169,0.015532
2026-05-05,0.005848,0.005032,0.006638,0.011251,-0.006748
2026-05-06,0.016279,0.011983,-0.011535,0.021666,-0.013587
2026-05-07,0.003433,-0.011728,0.001009,-0.010603,0.008265
2026-05-08,0.011402,-0.003005,0.002560,-0.001593,-0.006375
2026-05-11,-0.014656,0.001247,-0.006390,-0.011749,0.010541
2026-05-12,0.001144,0.001940,-0.001404,-0.003816,0.012018
2026-05-13,-0.020571,-0.001816,0.000673,-0.008988,0.004033
2026-05-14,-0.003501,0.005585,0.023464,-0.001784,-0.004463
2026-05-15,-0.038642,-0.013091,-0.004139,-0.030235,0.030038
2026-05-18,0.019488,0.004436,0.011251,0.003686,0.006094
2026-05-19,-0.027479,-0.004493,-0.010824,-0.011324,0.009518
2026-05-20,0.038083,0.009829,0.010503,0.020121,-0.020356
2026-05-21,0.000000,0.004602,-0.009193,0.003186,0.003062
2026-05-22,-0.016568,0.004240,0.001077,-0.006050,-0.006106
2026-05-27,0.003601,-0.001220,0.006806,0.013043,-0.002671
2026-05-28,-0.011962,0.001512,0.005630,0.006956,-0.005802
2026-05-29,-0.009685,-0.000433,-0.004179,-0.004703,-0.000449
2026-06-01,-0.007335,0.001846,-0.002474,-0.009008,0.004940
2026-06-02,-0.007389,0.006246,-0.000119,0.005811,-0.004469
2026-06-03,-0.002481,-0.008706,-0.003553,-0.007407,0.008081
2026-06-04,-0.001244,0.012729,0.011293,0.005821,-0.003117
2026-06-05,0.018680,-0.013417,-0.003289,-0.011723,0.013178
2026-06-08,-0.007335,-0.001389,0.022981,-0.003754,0.003527
2026-06-09,0.003695,0.006755,0.005042,0.009194,-0.005272
2026-06-10,-0.015951,-0.012842,-0.002499,-0.016726,0.003092
2026-06-11,0.016209,0.014387,0.000385,0.022175,-0.017393
2026-06-12,0.009816,0.007812,-0.015081,0.011590,0.005378
2026-06-15,0.026732,0.003300,-0.010345,0.014514,-0.004012
2026-06-16,-0.003550,0.001283,0.002806,-0.004092,-0.009174
2026-06-17,-0.016627,-0.009883,0.005281,-0.015260,0.007904
2026-06-18,0.013285,0.001277,0.003959,0.002533,-0.002689
2026-06-23,-0.020706,-0.005619,0.000990,-0.014158,-0.003548
2026-06-24,0.008706,0.001275,0.007990,0.014512,-0.020254
2026-06-25,-0.001233,0.004988,0.001885,0.009686,-0.002272
2026-06-26,-0.046914,0.003325,-0.002573,-0.014168,-0.004554
2026-06-29,-0.006477,0.004790,-0.004505,-0.006288,0.000457
2026-06-30,0.011734,0.001324,0.002144,-0.002109,0.010059
2026-07-01,0.006443,-0.004072,-0.001368,-0.004982,0.012902
2026-07-02,0.008963,0.009264,0.008870,0.012593,0.002235
2026-07-07,0.003759,-0.002416,-0.007870,-0.002080,0.011163
2026-07-08,-0.009988,-0.009425,0.005308,-0.015634,0.008832
2026-07-09,0.007566,0.003625,-0.001431,0.004992,-0.006566
2026-07-10,0.010013,0.002020,-0.005732,0.019416,0.006609
2026-07-13,0.004957,-0.001213,-0.005084,-0.009597,0.008755
2026-07-14,0.004932,-0.002069,0.007851,0.010137,-0.005207
2026-07-15,0.004908,0.001087,-0.011655,0.006641,-0.008724
2026-07-16,0.001221,0.003340,0.000590,0.010849,0.005280
2026-07-17,0.001220,-0.005649,0.004459,0.003481,-0.006128
2026-07-20,0.003654,-0.006186,0.002620,-0.010984,0.012552
2026-07-21,0.000000,0.009317,-0.004408,0.002630,0.006525
2026-07-22,0.025485,0.001236,-0.003311,0.018948,0.006266
2026-07-23,-0.013018,-0.001900,-0.004916,-0.020312,0.009878
2026-07-24,-0.005995,0.004884,0.006797,0.012411,-0.005103
2026-07-27,-0.008444,0.004499,-0.002825,0.010239,-0.008121
2026-07-28,0.023114,0.005430,0.007974,0.020128,-0.007972
2026-07-29,-0.013080,-0.011750,0.002747,-0.005598,0.003910
2026-07-30,0.016867,0.008073,-0.001947,0.014354,0.008871
2026-07-31,0.009479,-0.001274,-0.009557,-0.001804,0.017585
2026-08-03,0.001174,0.006139,-0.001063,0.010563,-0.012434
2026-08-04,-0.021102,0.008548,0.005953,0.008802,-0.012591
2026-08-05,0.000000,0.002082,0.007995,-0.007089,-0.002161
2026-08-06,-0.011976,-0.001214,-0.001011,-0.004531,0.011479
2026-08-07,-0.003636,0.004541,-0.003250,0.014483,-0.002141
2026-08-10,-0.012165,0.002954,-0.007654,-0.004895,0.008369
2026-08-11,-0.034483,0.000717,0.004604,-0.008334,-0.003192
2026-08-12,0.022959,0.002959,0.013220,-0.003996,-0.000427
2026-08-13,-0.003741,0.002061,0.004233,0.001383,-0.008757
2026-08-14,0.015019,0.000485,0.000847,-0.000414,0.011851
2026-08-17,-0.030826,-0.004185,0.004212,-0.016860,0.005962
2026-08-18,0.008906,-0.003587,-0.003677,-0.003936,-0.003810
2026-08-19,0.051702,0.003172,0.002268,0.013971,-0.011262
2026-08-20,0.019185,-0.006436,-0.007211,-0.005289,0.009241
2026-08-21,0.032941,0.007349,0.003168,0.014272,0.008944
2026-08-24,0.033030,-0.000082,-0.010745,-0.001104,-0.007176
2026-08-25,-0.004410,0.001699,0.003309,0.002900,-0.013818
2026-08-26,-0.009967,-0.001073,-0.001533,-0.002892,0.005389
2026-08-27,0.002237,-0.003761,0.000194,0.000414,0.001715
2026-08-28,-0.006696,-0.002590,0.002662,-0.004141,0.010274
2026-08-31,-0.020225,-0.005013,0.005832,-0.006099,0.008051
2026-09-01,0.016055,-0.004606,-0.001830,-0.006276,0.007987
2026-09-02,0.031603,0.006007,-0.005693,-0.000140,0.000000
2026-09-03,0.001094,0.009169,-0.011549,-0.000281,-0.007089
2026-09-04,0.002186,-0.003273,0.001630,0.007161,0.004620
2026-09-09,0.004334,-0.006616,-0.008173,-0.005605,0.006450
2026-09-10,0.017260,-0.007014,0.003658,-0.006623,0.022121
2026-09-11,-0.007423,0.007909,-0.000118,0.003688,0.006270
2026-09-14,-0.017094,-0.005185,0.001648,-0.007066,-0.002814
2026-09-15,0.003261,-0.003178,0.005242,0.006120,0.007055
2026-09-16,-0.014084,-0.008054,0.000954,0.000283,0.002002
2026-09-17,0.017582,0.006493,0.001556,0.012445,-0.011786
2026-09-18,0.003240,-0.003769,-0.005203,-0.013549,0.010309
2026-09-21,-0.004306,0.003663,0.003240,0.003115,-0.007003
2026-09-22,0.032432,-0.002391,-0.005894,0.014681,0.001007
2026-09-23,-0.035602,-0.007525,-0.002055,-0.018225,0.029388
2026-09-24,-0.046688,-0.001332,0.012628,-0.018563,0.009386
2026-09-25,-0.010251,0.004035,0.004318,0.000722,0.004262
