Data,SUZ,NYA,USDBRL,WOOD,US10Y
2008-11-04,4.601917,6345.089844,2.091800,23.692453,3.765000
2008-11-05,4.453771,6012.169922,2.111300,22.991373,3.694000
2008-11-06,4.136904,5667.399902,2.135800,21.516916,3.707000
2008-11-07,4.136904,5871.979980,2.145500,22.304739,3.780000
2008-11-10,4.136904,5802.049805,2.122500,21.748199,3.760000
2008-11-11,4.136904,5634.370117,2.174000,20.953154,3.755000
2008-11-12,4.136904,5320.700195,2.230500,20.490583,3.665000
2008-11-13,4.136904,5715.790039,2.282500,20.989298,3.818000
2008-11-14,4.136904,5452.629883,2.226500,20.758005,3.750000
2008-11-17,4.136904,5323.359863,2.252500,20.382168,3.684000
2008-11-18,4.136904,5365.660156,2.248500,20.049686,3.535000
2008-11-19,4.136904,5011.990234,2.339000,18.914940,3.391000
2008-11-20,3.997577,4651.209961,2.347500,17.418798,3.144000
2008-11-21,3.997577,4959.790039,2.405000,18.213850,3.167000
2008-11-24,3.997577,5313.759766,2.274600,19.767813,3.340000
2008-11-25,3.997577,5375.359863,2.253500,19.977415,3.092000
2008-11-26,3.997577,5547.379883,2.258000,20.468897,3.001000
2008-11-28,3.997577,5599.299805,2.256700,20.497812,2.957000
2008-12-01,3.997577,5092.660156,2.345000,18.474047,2.719000
2008-12-02,3.597820,5308.950195,2.328000,19.384737,2.693000
2008-12-03,3.339153,5405.549805,2.345500,19.261868,2.676000
2008-12-04,3.339153,5232.259766,2.430800,19.276325,2.570000
2008-12-05,3.339153,5401.250000,2.566000,19.030579,2.657000
2008-12-08,3.339153,5639.680176,2.511000,20.656822,2.734000
2008-12-09,3.339153,5522.459961,2.434500,20.468897,2.669000
2008-12-10,3.339153,5631.069824,2.382000,21.343454,2.684000
2008-12-11,1.175758,5504.729980,2.239500,20.093058,2.648000
2008-12-12,1.175758,5543.959961,2.349500,20.273745,2.589000
2008-12-15,1.175758,5497.899902,2.311500,20.252066,2.533000
2008-12-16,1.175758,5804.970215,2.317000,21.480778,2.363000
2008-12-17,1.175758,5769.799805,2.320000,21.459097,2.190000
2008-12-18,1.175758,5617.759766,2.346000,21.068798,2.074000
2008-12-19,1.175758,5616.120117,2.370500,20.794147,2.131000
2008-12-22,3.510813,5520.819824,2.358300,20.035231,2.141000
2008-12-23,3.510813,5468.279785,2.326100,20.158102,2.163000
2008-12-24,3.510813,5487.330078,2.326100,20.158102,2.179000
2008-12-26,3.510813,5538.189941,2.326100,20.136423,2.137000
2008-12-29,3.510813,5534.640137,2.349300,20.035231,2.096000
2008-12-30,3.510813,5670.000000,2.324000,20.418304,2.087000
2008-12-31,3.510813,5757.049805,2.324000,21.242258,2.244000
2009-01-02,3.510813,5915.729980,2.313000,20.967611,2.416000
2009-01-05,3.510813,5908.430176,2.216500,21.083256,2.488000
2009-01-06,3.510813,5968.839844,2.139000,21.726519,2.505000
2009-01-07,3.510813,5799.049805,2.172500,20.873648,2.494000
2009-01-08,3.510813,5837.140137,2.214600,20.317112,2.445000
2009-01-09,3.510813,5702.370117,2.243100,20.165335,2.407000
2009-01-12,3.510813,5551.029785,2.272000,19.283550,2.309000
2009-01-13,3.510813,5538.839844,2.248300,19.240187,2.297000
2009-01-14,3.510813,5328.680176,2.305100,18.416224,2.213000
2009-01-15,3.510813,5347.750000,2.322600,18.510181,2.201000
2009-01-16,3.510813,5387.500000,2.290000,19.160681,2.304000
2009-01-20,3.510813,5058.060059,2.312500,18.090977,2.345000
2009-01-21,3.661310,5273.990234,2.303800,17.715132,2.526000
2009-01-22,3.661310,5171.680176,2.300300,18.365629,2.594000
2009-01-23,3.661310,5195.549805,2.300200,18.575235,2.622000
2009-01-26,3.661310,5244.609863,2.263800,18.669195,2.643000
2009-01-27,3.661310,5315.439941,2.267000,18.900486,2.519000
2009-01-28,3.661310,5501.459961,2.237000,19.442562,2.656000
2009-01-29,3.661310,5300.899902,2.240000,18.907717,2.815000
2009-01-30,3.661310,5195.790039,2.263000,18.293352,2.844000
2009-02-02,3.661310,5166.470215,2.340000,17.859694,2.719000
2009-02-03,3.661310,5268.020020,2.307000,18.221075,2.842000
2009-02-04,3.661310,5242.750000,2.286900,17.968107,2.914000
2009-02-05,3.661310,5326.009766,2.290000,18.170483,2.900000
2009-02-06,3.661310,5475.279785,2.259300,18.575235,2.979000
2009-02-09,3.661310,5479.879883,2.238500,19.088408,3.027000
2009-02-10,3.661310,5214.709961,2.263500,18.127113,2.847000
2009-02-11,3.661310,5252.680176,2.259800,18.141567,2.762000
2009-02-12,3.661310,5256.450195,2.286000,17.613953,2.727000
2009-02-13,3.661310,5206.759766,2.256000,17.989792,2.882000
2009-02-17,3.661310,4939.109863,2.315000,17.086325,2.662000
2009-02-18,3.661310,4924.540039,2.349000,16.674351,2.728000
2009-02-19,3.661310,4881.160156,2.353300,16.544247,2.857000
2009-02-20,3.661310,4804.509766,2.390500,16.334646,2.772000
2009-02-23,3.661310,4633.779785,2.379000,15.604645,2.777000
2009-02-24,3.661310,4821.740234,2.383000,16.016623,2.799000
2009-02-25,3.661310,4753.169922,2.394000,15.713057,2.945000
2009-02-26,3.661310,4713.020020,2.344000,15.257715,2.978000
2009-02-27,3.386183,4617.029785,2.369000,15.142071,3.041000
2009-03-02,3.386183,4360.979980,2.437000,13.848310,2.919000
2009-03-03,3.386183,4334.700195,2.439000,13.660385,2.938000
2009-03-04,3.386183,4464.890137,2.371000,14.173558,3.011000
2009-03-05,3.386183,4267.600098,2.378000,13.472463,2.819000
2009-03-06,3.386183,4284.490234,2.372400,13.147217,2.828000
2009-03-09,3.386183,4226.310059,2.365200,13.046030,2.886000
2009-03-10,3.386183,4499.379883,2.343400,14.043456,2.982000
2009-03-11,3.386183,4505.379883,2.336800,14.534941,2.916000
2009-03-12,3.386183,4684.990234,2.318200,14.816822,2.892000
2009-03-13,3.386183,4721.000000,2.306500,15.113156,2.885000
2009-03-16,3.386183,4728.910156,2.209500,14.737319,2.951000
2009-03-17,3.386183,4868.140137,2.275900,15.185439,3.003000
2009-03-18,3.386183,4975.299805,2.299700,15.705833,2.533000
2009-03-19,3.386183,4937.220215,2.251000,15.857613,2.597000
2009-03-20,3.386183,4832.129883,2.264000,15.178205,2.625000
2009-03-23,3.386183,5185.859863,2.270000,16.703253,2.660000
2009-03-24,3.386183,5064.330078,2.243900,16.284048,2.654000
2009-03-25,3.386183,5127.000000,2.238700,15.929891,2.772000
2009-03-26,3.386183,5230.529785,2.235400,16.739397,2.733000
2009-03-27,3.386183,5096.640137,2.275400,16.312963,2.761000
2009-03-30,3.386183,4899.049805,2.323000,15.655237,2.714000
2009-03-31,3.386183,4978.979980,2.307000,16.219004,2.685000
2009-04-01,3.386183,5085.759766,2.278500,16.378006,2.658000
2009-04-02,3.386183,5267.100098,2.227000,17.187515,2.752000
2009-04-03,3.386183,5318.750000,2.199300,17.310385,2.907000
2009-04-06,3.386183,5249.479980,2.221500,17.534445,2.939000
2009-04-07,3.386183,5120.669922,2.225900,16.898401,2.909000
2009-04-08,3.386183,5176.410156,2.197300,16.406919,2.847000
2009-04-09,3.386183,5376.439941,2.175000,18.025928,2.926000
2009-04-14,3.386183,5301.500000,2.177100,18.062071,2.786000
2009-04-15,3.386183,5384.970215,2.194000,18.249987,2.759000
2009-04-16,3.386183,5454.270020,2.177000,18.156031,2.830000
2009-04-17,3.386183,5480.600098,2.182600,19.182364,2.930000
2009-04-20,3.386183,5220.120117,2.230300,18.098202,2.843000
2009-04-21,3.386183,5339.589844,2.239000,18.618601,2.902000
2009-04-22,3.386183,5290.609863,2.201000,18.842659,2.964000
2009-04-23,3.386183,5372.100098,2.207500,19.290781,2.927000
2009-04-24,3.386183,5468.410156,2.193500,20.244837,2.996000
2009-04-27,3.386183,5389.830078,2.196200,19.955730,2.921000
2009-04-28,3.386183,5369.850098,2.154300,19.941273,3.002000
2009-04-29,3.386183,5516.140137,2.159100,20.613451,3.096000
2009-04-30,3.386183,5513.359863,2.168900,20.837505,3.124000
2009-05-01,3.386183,5568.759766,2.180000,20.938700,3.174000
2009-05-04,3.386183,5800.220215,2.132600,22.391466,3.157000
2009-05-05,3.386183,5770.759766,2.146900,22.290281,3.157000
2009-05-06,3.386183,5890.549805,2.111500,22.839594,3.152000
2009-05-07,3.386183,5800.089844,2.103300,21.524145,3.295000
2009-05-08,3.386183,6000.390137,2.073000,22.875727,3.293000
2009-05-11,5.408487,5849.299805,2.049800,22.449289,3.180000
2009-05-12,5.408487,5859.140137,2.059500,22.152956,3.175000
2009-05-13,5.408487,5666.470215,2.100900,20.598997,3.105000
2009-05-14,5.408487,5733.450195,2.098500,20.902561,3.107000
2009-05-15,5.408487,5662.890137,2.078400,20.873648,3.123000
2009-05-18,5.408487,5865.870117,2.077200,21.683155,3.211000
2009-05-19,5.408487,5872.220215,2.044800,21.834940,3.243000
2009-05-20,5.408487,5870.390137,2.017400,22.109591,3.202000
2009-05-21,5.408487,5780.540039,2.037500,21.683155,3.353000
2009-05-22,5.408487,5789.620117,2.023800,21.386822,3.448000
2009-05-26,5.408487,5936.580078,2.033700,22.051769,3.493000
2009-05-27,5.408487,5823.560059,2.012000,21.625336,3.695000
2009-05-28,5.408487,5917.060059,2.004200,21.827703,3.672000
2009-05-29,5.408487,6004.069824,1.965300,22.210777,3.465000
2009-06-02,6.208002,6182.870117,1.941000,22.926323,3.644000
2009-06-03,6.208002,6033.899902,1.945200,22.304739,3.551000
2009-06-04,5.949336,6110.759766,1.942100,22.723944,3.716000
2009-06-05,5.949336,6082.640137,1.956000,22.492659,3.862000
2009-06-08,5.949336,6068.560059,1.975100,22.369787,3.889000
2009-06-09,5.949336,6101.569824,1.942600,22.449289,3.858000
2009-06-10,5.949336,6098.060059,1.947700,22.283058,3.936000
2009-06-11,5.949336,6163.129883,1.947000,22.543251,3.862000
2009-06-12,5.949336,6148.609863,1.920500,22.261370,3.788000
2009-06-15,5.949336,5967.259766,1.957500,21.401272,3.713000
2009-06-16,5.949336,5886.759766,1.967500,21.177214,3.674000
2009-06-17,5.949336,5864.549805,1.979000,20.917017,3.647000
2009-06-18,5.949336,5906.200195,1.911000,20.837505,3.834000
2009-06-19,5.949336,5934.240234,1.951100,20.909790,3.789000
2009-06-22,5.949336,5725.069824,2.012000,19.882269,3.693000
2009-06-23,5.949336,5759.490234,1.999900,19.882269,3.640000
2009-06-24,5.949336,5795.720215,1.962000,20.339754,3.685000
2009-06-25,5.949336,5911.029785,1.960600,20.615690,3.546000
2009-06-26,5.949336,5906.959961,1.930000,20.819019,3.506000
2009-06-29,5.949336,5962.500000,1.954200,21.065916,3.492000
2009-06-30,5.949336,5905.149902,1.962800,20.775448,3.523000
2009-07-01,5.949336,5954.009766,1.928000,21.058649,3.544000
2009-07-02,5.949336,5775.240234,1.953300,20.405106,3.495000
2009-07-06,5.949336,5770.000000,1.924000,20.267132,3.506000
2009-07-07,5.949336,5654.640137,1.964700,19.744303,3.460000
2009-07-08,5.949336,5624.569824,2.000400,19.294083,3.289000
2009-07-09,5.949336,5667.370117,1.942500,19.555496,3.413000
2009-07-10,5.949336,5627.520020,2.013000,19.584539,3.295000
2009-07-13,5.949336,5761.370117,1.987400,19.969410,3.346000
2009-07-14,5.949336,5805.580078,1.966400,20.303446,3.447000
2009-07-15,5.949336,5993.160156,1.935500,21.225670,3.596000
2009-07-16,5.949336,6043.049805,1.889100,21.516132,3.557000
2009-07-17,5.949336,6038.109863,1.925400,21.516132,3.651000
2009-07-20,5.949336,6141.299805,1.904000,22.227770,3.585000
2009-07-21,5.949336,6154.390137,1.906200,22.423830,3.477000
2009-07-22,5.949336,6151.399902,1.902200,22.561804,3.554000
2009-07-23,6.208002,6302.520020,1.884800,23.222607,3.709000
2009-07-24,6.208002,6337.459961,1.893700,23.229876,3.670000
2009-07-27,6.208002,6364.660156,1.880500,23.600216,3.713000
2009-07-28,6.208002,6328.669922,1.881000,23.534855,3.688000
2009-07-29,6.208002,6280.569824,1.899000,23.389626,3.664000
2009-07-30,6.208002,6384.310059,1.876600,24.130310,3.641000
2009-07-31,6.208002,6424.279785,1.863400,24.239235,3.501000
2009-08-03,6.208002,6565.649902,1.833000,24.878250,3.639000
2009-08-04,6.208002,6569.140137,1.830600,25.241329,3.679000
2009-08-05,6.208002,6558.189941,1.832000,25.480968,3.764000
2009-08-06,6.208002,6517.669922,1.828400,24.870991,3.746000
2009-08-07,6.208002,6586.709961,1.823200,25.633457,3.854000
2009-08-10,6.208002,6550.049805,1.845000,24.987175,3.771000
2009-08-11,6.208002,6463.620117,1.851000,24.805635,3.693000
2009-08-12,6.777069,6538.870117,1.833000,25.190506,3.701000
2009-08-13,6.777069,6604.100098,1.830300,25.306690,3.591000
2009-08-14,6.777069,6537.819824,1.841500,24.776587,3.558000
2009-08-17,6.777069,6352.109863,1.800000,23.926989,3.491000
2009-08-18,6.777069,6437.069824,1.800000,24.297327,3.526000
2009-08-19,6.777069,6479.279785,1.860400,24.522434,3.463000
2009-08-20,6.777069,6553.399902,1.840000,24.907303,3.435000
2009-08-21,6.777069,6676.259766,1.829000,25.342997,3.556000
2009-08-24,6.777069,6671.140137,1.797300,25.292171,3.494000
2009-08-25,6.777069,6697.220215,1.837200,25.299429,3.450000
2009-08-26,6.777069,6687.939941,1.872000,25.205021,3.438000
2009-08-27,6.777069,6722.310059,1.879200,25.815004,3.462000
2009-08-28,6.777069,6709.040039,1.823300,25.727865,3.451000
2009-08-31,6.777069,6643.240234,1.874000,25.270380,3.401000
2009-09-01,6.842912,6487.810059,1.913000,24.464342,3.375000
2009-09-02,6.527809,6474.790039,1.887900,24.210184,3.295000
2009-09-03,6.527809,6546.600098,1.866500,24.253759,3.328000
2009-09-04,6.737093,6637.129883,1.843200,24.769339,3.442000
2009-09-08,6.737093,6726.069824,1.823300,25.263123,3.469000
2009-09-09,7.054548,6772.399902,1.836000,25.437399,3.479000
2009-09-10,7.195640,6850.810059,1.816000,25.880354,3.342000
2009-09-11,6.962839,6843.819824,1.808500,25.742388,3.343000
2009-09-14,7.219154,6879.990234,1.814000,26.279739,3.406000
2009-09-15,7.219154,6917.069824,1.803600,26.410454,3.452000
2009-09-16,7.219154,7038.140137,1.796400,26.766266,3.471000
2009-09-17,7.219154,7002.169922,1.807400,26.621037,3.398000
2009-09-18,7.219154,7016.919922,1.805900,26.708178,3.474000
2009-09-21,7.219154,6968.589844,1.771400,26.497587,3.487000
2009-09-22,7.219154,7047.129883,1.803000,27.107565,3.456000
2009-09-23,7.219154,6964.689941,1.787700,26.875195,3.418000
2009-09-24,7.219154,6862.310059,1.753500,25.931187,3.381000
2009-09-25,7.219154,6823.509766,1.799000,25.945713,3.329000
2009-09-28,7.219154,6939.759766,1.741300,26.272480,3.302000
2009-09-29,7.219154,6926.819824,1.784600,26.279739,3.292000
2009-09-30,7.219154,6910.879883,1.772100,26.250700,3.307000
2009-10-01,7.219154,6718.049805,1.779600,25.480968,3.194000
2009-10-02,7.219154,6674.569824,1.745500,25.292171,3.221000
2009-10-05,7.219154,6795.129883,1.768300,25.604408,3.224000
2009-10-06,7.219154,6899.680176,1.747000,25.974758,3.248000
2009-10-07,7.219154,6912.649902,1.758400,26.011063,3.175000
2009-10-08,7.219154,6990.669922,1.738000,26.591993,3.255000
2009-10-09,7.219154,7015.540039,1.737700,26.657349,3.384000
2009-10-12,7.219154,7051.160156,1.739700,26.846149,3.380000
2009-10-13,7.219154,7031.870117,1.729000,26.788054,3.312000
2009-10-14,7.219154,7182.379883,1.703400,27.528738,3.423000
2009-10-15,7.219154,7204.049805,1.701500,27.514219,3.470000
2009-10-16,7.219154,7133.959961,1.706000,27.347202,3.417000
2009-10-19,7.219154,7222.209961,1.706700,27.579567,3.395000
2009-10-20,7.219154,7158.270020,1.752600,27.296371,3.337000
2009-10-21,7.219154,7107.209961,1.730700,27.303631,3.411000
2009-10-22,7.219154,7182.910156,1.724300,27.390772,3.421000
2009-10-23,7.219154,7066.799805,1.664200,27.071251,3.475000
2009-10-26,7.219154,6960.089844,1.715800,26.642828,3.554000
2009-10-27,6.819396,6932.040039,1.732000,26.628302,3.462000
2009-10-28,6.179784,6765.689941,1.754200,25.284906,3.411000
2009-10-29,6.179784,6955.310059,1.733000,25.945713,3.501000
2009-10-30,6.179784,6739.450195,1.702400,24.929085,3.392000
2009-11-02,6.179784,6784.939941,1.760800,25.313955,3.422000
2009-11-03,6.179784,6812.700195,1.740500,25.582630,3.473000
2009-11-04,6.179784,6830.430176,1.717000,25.778690,3.546000
2009-11-05,6.179784,6950.140137,1.720500,26.061897,3.533000
2009-11-06,6.784123,6958.290039,1.715100,26.018326,3.503000
2009-11-09,6.784123,7135.330078,1.697900,26.896984,3.486000
2009-11-10,6.751203,7126.419922,1.708300,26.984114,3.482000
2009-11-11,6.751203,7155.359863,1.717200,27.122086,3.474000
2009-11-12,6.697118,7063.049805,1.733700,26.497587,3.446000
2009-11-13,6.697118,7119.890137,1.723400,26.708178,3.429000
2009-11-16,6.697118,7237.100098,1.708000,27.267328,3.331000
2009-11-17,6.697118,7234.060059,1.710000,27.339941,3.319000
2009-11-18,6.697118,7226.709961,1.716000,27.441607,3.366000
2009-11-19,6.697118,7117.640137,1.730000,26.896984,3.349000
2009-11-20,6.697118,7084.470215,1.732700,26.817099,3.356000
2009-11-23,6.697118,7186.330078,1.726500,27.441607,3.364000
2009-11-24,6.697118,7170.259766,1.728400,27.063995,3.317000
2009-11-25,6.697118,7232.120117,1.731000,27.361725,3.279000
2009-11-27,6.697118,7070.089844,1.742500,26.751741,3.231000
2009-11-30,6.697118,7092.359863,1.747700,27.136618,3.201000
2009-12-01,6.697118,7212.080078,1.724600,27.906347,3.275000
2009-12-02,6.697118,7222.419922,1.717000,28.116928,3.323000
2009-12-03,6.697118,7157.049805,1.704000,27.877300,3.380000
2009-12-04,6.697118,7182.709961,1.721200,28.218590,3.483000
2009-12-07,6.697118,7155.729980,1.724000,28.385607,3.448000
2009-12-08,6.697118,7056.259766,1.747900,28.037050,3.392000
2009-12-09,6.697118,7067.620117,1.760300,28.305723,3.423000
2009-12-10,6.697118,7104.500000,1.769700,28.022533,3.482000
2009-12-11,6.697118,7125.120117,1.759100,28.262161,3.540000
2009-12-14,6.697118,7186.490234,1.744500,28.734165,3.546000
2009-12-15,6.697118,7141.439941,1.750600,28.450964,3.603000
2009-12-16,6.697118,7180.770020,1.744300,28.625244,3.596000
2009-12-17,6.697118,7063.750000,1.790300,28.116928,3.487000
2009-12-18,6.697118,7086.189941,1.786500,28.037050,3.546000
2009-12-21,6.697118,7147.149902,1.779500,28.462898,3.682000
2009-12-22,6.697118,7184.180176,1.779600,28.770205,3.744000
2009-12-23,6.697118,7217.200195,1.761500,29.004351,3.748000
2009-12-24,6.697118,7255.000000,1.727200,29.260437,3.807000
2009-12-28,6.697118,7261.240234,1.736000,29.406784,3.842000
2009-12-29,8.655931,7252.189941,1.736000,29.662870,3.809000
2009-12-30,8.655931,7241.240234,1.739000,29.289711,3.784000
2009-12-31,8.655931,7184.959961,1.743000,29.033619,3.843000
2010-01-04,8.655931,7326.740234,1.719000,29.633614,3.841000
2010-01-05,9.090962,7354.870117,1.737000,30.277504,3.755000
2010-01-06,9.090962,7377.700195,1.731500,30.731144,3.808000
2010-01-07,9.100367,7393.930176,1.738900,30.555546,3.822000
2010-01-08,8.757046,7425.350098,1.732000,30.709196,3.808000
2010-01-11,9.050985,7449.049805,1.731000,30.687246,3.818000
2010-01-12,9.050985,7370.450195,1.737300,30.284817,3.719000
2010-01-13,9.050985,7430.140137,1.745900,30.621395,3.783000
2010-01-14,8.940465,7448.520020,1.764100,30.343361,3.734000
2010-01-15,8.940465,7356.790039,1.764400,29.801897,3.676000
2010-01-19,8.667687,7443.680176,1.774200,30.226286,3.707000
2010-01-20,8.667687,7329.830078,1.789500,29.662870,3.659000
2010-01-21,8.293797,7174.459961,1.800800,28.411680,3.611000
2010-01-22,8.293797,7030.609863,1.818800,27.958038,3.598000
2010-01-25,8.293797,7073.129883,1.783500,28.236067,3.630000
2010-01-26,7.997504,7028.319824,1.833600,27.936077,3.630000
2010-01-27,7.997504,7035.609863,1.849600,27.672665,3.644000
2010-01-28,7.997504,6956.990234,1.868000,27.299509,3.658000
2010-01-29,7.855826,6883.779785,1.872900,27.072672,3.609000
2010-02-01,7.912852,7008.229980,1.862400,27.577549,3.654000
2010-02-02,7.795275,7101.439941,1.830400,28.177530,3.635000
2010-02-03,7.795275,7042.620117,1.850000,27.804379,3.703000
2010-02-04,7.548368,6787.859863,1.880400,26.779999,3.610000
2010-02-05,7.548368,6782.750000,1.882700,26.604393,3.546000
2010-02-08,7.548368,6713.870117,1.871500,26.436106,3.592000
2010-02-09,7.764706,6835.160156,1.843000,27.182438,3.633000
2010-02-10,7.764706,6819.120117,1.850600,27.416580,3.694000
2010-02-11,7.764706,6898.720215,1.851500,27.614132,3.733000
2010-02-12,7.764706,6874.560059,1.858500,27.401945,3.693000
2010-02-16,7.764706,7013.350098,1.842500,28.155596,3.664000
2010-02-17,7.764706,7035.200195,1.833000,28.287291,3.742000
2010-02-18,7.764706,7080.379883,1.819000,28.616550,3.803000
2010-02-19,7.764706,7083.250000,1.803500,28.543381,3.782000
2010-02-22,7.764706,7078.529785,1.808000,28.272659,3.799000
2010-02-23,7.842307,6974.600098,1.819600,27.760469,3.691000
2010-02-24,7.842307,7030.669922,1.818600,27.848280,3.695000
2010-02-25,7.595397,7013.450195,1.836000,27.811687,3.642000
2010-02-26,7.595397,7035.040039,1.806000,27.826324,3.595000
2010-03-01,7.372002,7100.750000,1.798000,28.528751,3.606000
2010-03-02,8.143301,7135.970215,1.732500,28.631187,3.614000
2010-03-03,8.536004,7164.660156,1.788000,28.938499,3.625000
2010-03-04,8.536004,7173.069824,1.788500,28.901915,3.606000
2010-03-05,8.778209,7291.310059,1.778000,29.465326,3.682000
2010-03-08,8.778209,7292.529785,1.784700,29.560442,3.708000
2010-03-09,8.500731,7294.020020,1.781000,29.326298,3.701000
2010-03-10,8.500731,7327.669922,1.768000,29.384838,3.720000
2010-03-11,8.500731,7353.240234,1.769000,29.538481,3.720000
2010-03-12,8.500731,7362.850098,1.761000,29.918970,3.710000
2010-03-15,8.500731,7350.959961,1.761400,29.838486,3.704000
2010-03-16,8.500731,7426.700195,1.766200,30.189699,3.653000
2010-03-17,9.276731,7474.129883,1.762000,30.636026,3.642000
2010-03-18,9.382550,7443.569824,1.771000,30.475056,3.672000
2010-03-19,9.688246,7386.850098,1.795000,30.028728,3.687000
2010-03-22,9.370792,7419.020020,1.799000,30.365309,3.663000
2010-03-23,9.382550,7478.859863,1.780600,30.694569,3.680000
2010-03-24,9.382550,7408.160156,1.793300,30.357986,3.829000
2010-03-25,8.895786,7385.600098,1.799000,29.977503,3.901000
2010-03-26,8.895786,7403.580078,1.823000,30.087261,3.855000
2010-03-29,8.895786,7464.899902,1.808500,30.197008,3.864000
2010-03-30,9.460149,7460.720215,1.793800,30.372622,3.868000
2010-03-31,9.401361,7447.799805,1.780500,30.255554,3.833000
2010-04-01,9.401361,7539.049805,1.765400,30.796999,3.859000
2010-04-05,9.935156,7600.930176,1.760500,31.023825,3.994000
2010-04-06,9.935156,7604.439941,1.753000,31.294544,3.968000
2010-04-07,9.935156,7546.180176,1.777000,31.045784,3.863000
2010-04-08,9.935156,7565.330078,1.773000,31.294544,3.896000
2010-04-09,9.935156,7629.049805,1.771000,31.536009,3.888000
2010-04-12,9.935156,7641.750000,1.756200,31.572603,3.846000
2010-04-13,9.429578,7638.350098,1.713500,31.777470,3.811000
2010-04-14,9.641216,7728.959961,1.746000,32.018921,3.855000
2010-04-15,10.088003,7719.660156,1.750000,31.821386,3.848000
2010-04-16,9.913992,7584.620117,1.756200,31.587227,3.770000
2010-04-19,9.913992,7596.560059,1.760300,31.550640,3.807000
2010-04-20,9.913992,7669.109863,1.752500,32.033569,3.805000
2010-04-21,9.913992,7644.669922,1.748000,32.362835,3.738000
2010-04-22,9.913992,7642.830078,1.763500,32.575016,3.772000
2010-04-23,9.913992,7701.609863,1.762800,33.065250,3.817000
2010-04-26,9.913992,7677.649902,1.744000,32.970131,3.815000
2010-04-27,9.175616,7463.089844,1.765000,31.462851,3.690000
2010-04-28,9.022767,7499.720215,1.758100,31.353083,3.773000
2010-04-29,9.022767,7589.290039,1.731000,31.894545,3.728000
2010-04-30,8.916950,7474.399902,1.728700,31.448215,3.663000
2010-05-03,8.916950,7543.120117,1.731000,32.062832,3.705000
2010-05-04,8.916950,7337.250000,1.749300,30.636026,3.613000
2010-05-05,8.782913,7258.020020,1.779800,29.992136,3.550000
2010-05-06,7.477820,7011.919922,1.834100,29.458002,3.398000
2010-05-07,7.477820,6916.180176,1.849500,28.250708,3.429000
2010-05-10,8.641821,7257.620117,1.774900,30.131157,3.539000
2010-05-11,8.641821,7221.660156,1.775500,29.772635,3.535000
2010-05-12,8.641821,7316.359863,1.773500,30.526272,3.567000
2010-05-13,8.641821,7234.370117,1.770000,29.962877,3.564000
2010-05-14,7.712973,7077.640137,1.802500,29.194599,3.442000
2010-05-17,8.100973,7063.830078,1.803300,29.355562,3.472000
2010-05-18,8.100973,6959.209961,1.816000,28.960455,3.376000
2010-05-19,8.100973,6927.209961,1.829700,28.514114,3.359000
2010-05-20,6.466669,6653.000000,1.884800,27.350723,3.264000
2010-05-21,6.466669,6775.450195,1.846800,27.914125,3.200000
2010-05-24,6.466669,6666.740234,1.862200,27.753159,3.227000
2010-05-25,6.466669,6665.830078,1.868500,27.401945,3.158000
2010-05-26,7.774700,6631.359863,1.863000,27.445841,3.218000
2010-05-27,7.774700,6893.290039,1.816000,28.448269,3.338000
2010-05-28,7.774700,6791.569824,1.814300,28.462898,3.301000
2010-06-01,7.774700,6661.100098,1.834000,27.928753,3.296000
2010-06-02,7.774700,6839.609863,1.831000,28.587290,3.334000
2010-06-03,8.153882,6860.390137,1.819400,28.558016,3.379000
2010-06-04,8.153882,6600.270020,1.838900,27.336088,3.195000
2010-06-07,7.613034,6512.419922,1.874000,27.014141,3.184000
2010-06-08,7.348487,6596.120117,1.860000,27.394629,3.168000
2010-06-09,7.627730,6559.709961,1.842000,27.401945,3.187000
2010-06-10,7.627730,6783.509766,1.812300,28.455578,3.319000
2010-06-11,7.627730,6814.759766,1.811600,28.887280,3.216000
2010-06-14,8.127429,6817.970215,1.801700,29.370193,3.275000
2010-06-15,8.127429,6989.879883,1.784600,29.889700,3.310000
2010-06-16,8.127429,6976.080078,1.786800,29.699472,3.282000
2010-06-17,8.127429,6982.040039,1.785400,29.706787,3.190000
2010-06-18,8.127429,6988.250000,1.772300,29.838486,3.223000
2010-06-21,8.127429,6978.859863,1.763600,29.895140,3.243000
2010-06-22,8.344942,6858.950195,1.766900,29.262360,3.166000
2010-06-23,8.344942,6850.049805,1.801100,29.380089,3.115000
2010-06-24,8.480154,6730.240234,1.778500,28.688444,3.123000
2010-06-25,8.480154,6763.930176,1.780000,28.945969,3.113000
2010-06-28,8.480154,6736.600098,1.782000,28.710516,3.032000
2010-06-29,7.833487,6520.089844,1.807800,27.452322,2.967000
2010-06-30,7.671820,6469.649902,1.790900,27.371380,2.951000
2010-07-01,7.671820,6462.029785,1.798900,27.408176,2.927000
2010-07-02,7.671820,6434.810059,1.774500,27.099142,2.979000
2010-07-06,7.671820,6486.089844,1.767000,27.010845,2.932000
2010-07-07,7.671820,6685.779785,1.765000,27.739281,2.980000
2010-07-08,7.671820,6755.810059,1.768300,28.070377,3.020000
2010-07-09,7.671820,6808.709961,1.756400,28.423555,3.056000
2010-07-12,7.671820,6794.479980,1.760000,28.394123,3.046000
2010-07-13,7.671820,6907.779785,1.756000,29.174068,3.114000
2010-07-14,7.671820,6903.359863,1.766000,29.026905,3.050000
2010-07-15,7.671820,6916.810059,1.770000,29.100489,2.978000
2010-07-16,7.671820,6709.509766,1.782600,28.261686,2.939000
2010-07-19,7.671820,6739.640137,1.786300,28.423555,2.964000
2010-07-20,7.671820,6820.040039,1.773700,29.372728,2.932000
2010-07-21,7.965760,6731.160156,1.771400,28.923904,2.892000
2010-07-22,8.178574,6901.910156,1.760200,29.718559,2.932000
2010-07-23,8.259700,6965.109863,1.760500,30.057013,2.994000
2010-07-26,8.509548,7046.000000,1.765600,30.520565,2.994000
2010-07-27,8.494851,7044.990234,1.760700,30.263035,3.047000
2010-07-28,8.415488,6999.180176,1.762300,29.917221,3.001000
2010-07-29,8.415488,6994.569824,1.764800,29.784773,2.999000
2010-07-30,8.406670,6998.990234,1.758500,29.718559,2.907000
2010-08-02,8.774095,7174.899902,1.742900,30.476416,2.963000
2010-08-03,8.774095,7146.990234,1.753700,30.366041,2.914000
2010-08-04,8.671215,7182.140137,1.753700,30.432278,2.952000
2010-08-05,8.759398,7174.270020,1.752600,30.498493,2.915000
2010-08-06,8.759398,7153.720215,1.753500,30.483776,2.824000
2010-08-09,8.759398,7188.299805,1.707500,30.579424,2.822000
2010-08-10,8.774095,7139.750000,1.751000,30.152672,2.781000
2010-08-11,8.465458,6902.709961,1.760000,29.012188,2.685000
2010-08-12,8.465458,6881.939941,1.768500,29.115196,2.735000
2010-08-13,8.465458,6861.040039,1.766400,29.225573,2.688000
2010-08-16,8.465458,6871.580078,1.722000,29.122566,2.575000
2010-08-17,8.465458,6959.790039,1.755400,29.843630,2.645000
2010-08-18,8.465458,6968.080078,1.747800,29.917221,2.641000
2010-08-19,8.465458,6850.450195,1.748800,29.247650,2.579000
2010-08-20,8.465458,6813.149902,1.760600,29.048979,2.612000
2010-08-23,8.465458,6784.970215,1.712800,28.739950,2.607000
2010-08-24,8.465458,6681.029785,1.761300,28.320553,2.499000
2010-08-25,8.465458,6696.120117,1.760900,28.202820,2.538000
2010-08-26,8.465458,6665.259766,1.764900,28.224899,2.499000
2010-08-27,8.465458,6794.910156,1.756300,28.813530,2.652000
2010-08-30,8.465458,6695.279785,1.699200,28.416197,2.545000
2010-08-31,8.421367,6704.149902,1.755000,28.475060,2.477000
2010-09-01,8.415488,6910.979980,1.750100,29.519882,2.582000
2010-09-02,8.759398,6966.250000,1.740000,29.954010,2.628000
2010-09-03,8.494851,7055.029785,1.739500,30.123236,2.706000
2010-09-07,8.494851,6959.939941,1.724900,29.696480,2.609000
2010-09-08,8.494851,6999.939941,1.730000,29.873072,2.654000
2010-09-09,8.494851,7034.370117,1.719200,29.836273,2.761000
2010-09-10,8.494851,7067.509766,1.723200,29.976080,2.795000
2010-09-13,8.494851,7156.180176,1.668000,30.513214,2.741000
2010-09-14,8.818185,7162.080078,1.716500,30.557346,2.666000
2010-09-15,8.635942,7179.790039,1.701500,30.388124,2.723000
2010-09-16,8.627124,7169.479980,1.721200,30.321901,2.759000
2010-09-17,8.627124,7154.649902,1.717500,30.336611,2.746000
2010-09-20,8.627124,7266.020020,1.665500,30.424915,2.706000
2010-09-21,8.477213,7245.950195,1.726500,30.233604,2.594000
2010-09-22,8.371395,7210.850098,1.724500,29.998154,2.548000
2010-09-23,8.371395,7141.509766,1.674300,29.505167,2.555000
2010-09-24,8.347882,7301.040039,1.717700,30.343975,2.612000
2010-09-27,8.347882,7263.370117,1.664400,30.160019,2.517000
2010-09-28,8.524247,7310.319824,1.709000,30.491129,2.456000
2010-09-29,8.524247,7299.310059,1.709000,30.594137,2.506000
2010-09-30,8.700610,7281.069824,1.703500,30.572073,2.517000
2010-10-01,8.700610,7335.910156,1.696100,30.836948,2.526000
2010-10-04,8.700610,7272.529785,1.633500,30.380764,2.479000
2010-10-05,8.700610,7434.180176,1.697500,31.197487,2.474000
2010-10-06,8.412549,7448.330078,1.669000,31.175409,2.399000
2010-10-07,8.500731,7425.009766,1.684000,30.910528,2.396000
2010-10-08,8.500731,7478.419922,1.677800,31.131256,2.381000
2010-10-12,8.500731,7489.620117,1.661300,31.307854,2.422000
2010-10-13,8.500731,7561.500000,1.670000,31.874409,2.431000
2010-10-14,8.436063,7546.589844,1.652500,31.734613,2.495000
2010-10-15,8.150942,7520.600098,1.660600,31.719900,2.576000
2010-10-18,8.171518,7571.100098,1.606400,31.867050,2.491000
2010-10-19,7.854064,7423.649902,1.672000,31.057684,2.475000
2010-10-20,8.245003,7523.810059,1.690000,31.815554,2.470000
2010-10-21,8.245003,7515.669922,1.675000,31.955349,2.531000
2010-10-22,8.245003,7522.910156,1.694000,32.190800,2.563000
2010-10-25,7.792336,7546.379883,1.643900,32.558697,2.554000
2010-10-26,8.230306,7530.799805,1.699800,32.264385,2.636000
2010-10-27,8.286154,7480.870117,1.702300,31.999508,2.712000
2010-10-28,8.286154,7504.850098,1.719000,31.837626,2.661000
2010-10-29,8.506609,7513.350098,1.713500,32.176083,2.612000
2010-11-01,8.506609,7509.209961,1.646200,32.257019,2.628000
2010-11-02,8.506609,7582.140137,1.704300,32.374756,2.594000
2010-11-03,8.506609,7608.410156,1.701000,32.624916,2.619000
2010-11-04,8.630064,7782.430176,1.689000,33.360706,2.484000
2010-11-05,8.630064,7800.660156,1.674700,33.360706,2.536000
2010-11-08,8.630064,7782.200195,1.679000,33.485798,2.563000
2010-11-09,8.597730,7702.310059,1.696000,32.985455,2.659000
2010-11-10,8.680033,7747.459961,1.696000,33.301842,2.648000
2010-11-11,8.680033,7723.240234,1.710000,33.323917,2.648000
2010-11-12,8.347882,7623.240234,1.721500,32.676426,2.756000
2010-11-15,8.391973,7617.509766,1.670400,32.551346,2.911000
2010-11-16,7.951064,7472.629883,1.720000,31.705179,2.847000
2010-11-17,7.951064,7488.759766,1.736000,31.822916,2.864000
2010-11-18,7.951064,7619.939941,1.726200,32.382107,2.902000
2010-11-19,8.018670,7641.080078,1.711000,32.433617,2.875000
2010-11-22,8.018670,7610.299805,1.673000,32.521915,2.813000
2010-11-23,8.018670,7470.770020,1.720800,31.808199,2.762000
2010-11-24,8.148002,7579.259766,1.733500,32.345318,2.914000
2010-11-26,8.148002,7500.540039,1.715500,32.006863,2.864000
2010-11-29,8.148002,7483.339844,1.729600,31.852346,2.822000
2010-11-30,8.071577,7430.939941,1.717000,31.469717,2.797000
2010-12-01,8.071577,7603.729980,1.714500,32.168732,2.964000
2010-12-02,8.150942,7712.250000,1.705900,33.169407,3.000000
2010-12-03,8.150942,7751.580078,1.701500,33.323917,3.017000
2010-12-06,8.150942,7740.689941,1.636100,33.176769,2.941000
2010-12-07,8.189155,7739.640137,1.681300,33.110535,3.165000
2010-12-08,8.189155,7750.319824,1.677000,32.882450,3.236000
2010-12-09,8.230306,7782.140137,1.692000,32.867733,3.223000
2010-12-10,8.230306,7823.299805,1.703600,33.059040,3.296000
2010-12-13,8.386095,7850.020020,1.705000,33.331268,3.283000
2010-12-14,8.386095,7855.220215,1.693000,33.353355,3.455000
2010-12-15,8.386095,7798.779785,1.693000,32.801502,3.520000
2010-12-16,7.962821,7840.240234,1.698900,32.705853,3.477000
2010-12-17,7.962821,7835.310059,1.704300,32.588135,3.330000
2010-12-20,7.962821,7846.959961,1.666200,32.592648,3.349000
2010-12-21,7.962821,7906.100098,1.706600,33.095673,3.326000
2010-12-22,7.962821,7931.759766,1.700000,33.260849,3.346000
2010-12-23,7.962821,7925.359863,1.699000,33.328415,3.393000
2010-12-27,8.083336,7920.939941,1.690700,33.501110,3.351000
2010-12-28,8.083336,7931.669922,1.685000,33.583706,3.481000
2010-12-29,8.083336,7961.479980,1.690200,33.831467,3.341000
2010-12-30,8.274396,7951.910156,1.678000,33.756386,3.369000
2010-12-31,8.274396,7964.020020,1.662000,33.748882,3.305000
2011-01-03,8.274396,8043.970215,1.615500,34.529724,3.342000
2011-01-04,8.274396,8022.180176,1.646500,34.372051,3.346000
2011-01-05,8.274396,8040.040039,1.667500,34.672375,3.483000
2011-01-06,7.998094,8000.899902,1.675000,34.514698,3.419000
2011-01-07,7.892275,7980.319824,1.685900,34.709911,3.328000
2011-01-10,7.833487,7966.089844,1.635500,34.634842,3.304000
2011-01-11,7.833487,8018.680176,1.689000,34.927643,3.341000
2011-01-12,7.833487,8122.979980,1.641600,35.378139,3.355000
2011-01-13,7.833487,8119.430176,1.624700,35.363121,3.301000
2011-01-14,7.904034,8174.120117,1.669000,35.550827,3.333000
2011-01-18,7.660063,8190.910156,1.682100,35.535809,3.364000
2011-01-19,7.733549,8104.919922,1.671500,35.145401,3.337000
2011-01-20,7.857003,8076.720215,1.670000,34.965199,3.459000
2011-01-21,7.657124,8105.750000,1.635200,35.348103,3.416000
2011-01-24,7.877579,8157.419922,1.619300,36.061367,3.408000
2011-01-25,8.209730,8141.129883,1.670500,36.121449,3.319000
2011-01-26,7.936367,8193.639648,1.667700,36.489334,3.428000
2011-01-27,7.936367,8207.059570,1.618300,36.631992,3.385000
2011-01-28,7.906972,8062.640137,1.672300,35.911209,3.329000
2011-01-31,7.906972,8139.160156,1.634300,36.204033,3.378000
2011-02-01,8.083336,8290.089844,1.667000,36.924805,3.443000
2011-02-02,8.083336,8272.570312,1.665200,36.647015,3.489000
2011-02-03,8.083336,8289.049805,1.662700,36.579430,3.541000
2011-02-04,7.589518,8288.500000,1.668400,36.744610,3.652000
2011-02-07,7.660063,8336.639648,1.624200,36.917305,3.644000
2011-02-08,7.660063,8379.849609,1.627900,37.022411,3.725000
2011-02-09,7.660063,8343.990234,1.664500,36.737099,3.642000
2011-02-10,7.660063,8337.129883,1.662000,36.526871,3.708000
2011-02-11,7.660063,8374.889648,1.664100,36.999889,3.646000
2011-02-14,7.557184,8405.150391,1.615500,36.969860,3.614000
2011-02-15,7.566002,8383.669922,1.666500,36.917305,3.616000
2011-02-16,7.566002,8453.759766,1.668600,37.187584,3.621000
2011-02-17,7.566002,8497.410156,1.669000,37.270176,3.574000
2011-02-18,7.698275,8507.900391,1.662000,37.037422,3.589000
2011-02-22,7.698275,8325.860352,1.667500,36.016338,3.461000
2011-02-23,7.333790,8292.919922,1.670700,35.543320,3.487000
2011-02-24,7.398457,8276.290039,1.671000,35.490753,3.438000
2011-02-25,7.398457,8378.040039,1.662700,35.963772,3.425000
2011-02-28,7.398457,8438.549805,1.660000,36.264084,3.414000
2011-03-01,7.962821,8315.849609,1.658800,35.640923,3.414000
2011-03-02,7.436670,8338.759766,1.657400,35.783581,3.464000
2011-03-03,7.613034,8465.450195,1.654200,36.496841,3.572000
2011-03-04,7.545428,8413.049805,1.649500,36.068878,3.492000
2011-03-07,7.545428,8337.019531,1.639900,35.640923,3.497000
2011-03-08,7.545428,8394.040039,1.652100,35.896194,3.544000
2011-03-09,7.545428,8379.440430,1.654000,35.858658,3.469000
2011-03-10,7.392579,8200.070312,1.654700,35.010246,3.393000
2011-03-11,7.480760,8248.530273,1.659000,35.633415,3.393000
2011-03-14,7.495457,8193.959961,1.656100,35.663441,3.347000
2011-03-15,7.492518,8092.109863,1.664900,35.303059,3.323000
2011-03-16,7.492518,7929.870117,1.663200,34.462151,3.212000
2011-03-17,7.492518,8064.859863,1.676000,35.385643,3.248000
2011-03-18,7.492518,8116.399902,1.679500,35.761055,3.277000
2011-03-21,7.613034,8256.360352,1.663700,36.309139,3.323000
2011-03-22,8.056881,8228.410156,1.663600,36.038845,3.332000
2011-03-23,8.082455,8248.830078,1.659300,36.271614,3.348000
2011-03-24,8.082455,8311.610352,1.660000,36.601955,3.404000
2011-03-25,8.082455,8321.780273,1.657500,36.586945,3.444000
2011-03-28,8.082455,8296.519531,1.649900,36.804676,3.448000
2011-03-29,8.082455,8345.379883,1.660000,37.285191,3.491000
2011-03-30,8.082455,8416.690430,1.655900,37.713158,3.455000
2011-03-31,8.465458,8404.980469,1.628500,38.156136,3.454000
2011-04-01,8.465458,8469.339844,1.627200,38.531532,3.451000
2011-04-04,8.730002,8482.410156,1.612000,38.554062,3.431000
2011-04-05,8.730002,8488.389648,1.605200,38.403896,3.487000
2011-04-06,8.721186,8508.230469,1.607000,38.343834,3.545000
2011-04-07,8.818185,8489.330078,1.614700,37.908363,3.555000
2011-04-08,8.818185,8483.940430,1.592900,37.735676,3.570000
2011-04-11,8.774095,8445.769531,1.570300,37.375282,3.570000
2011-04-12,8.774095,8360.459961,1.577100,36.827198,3.500000
2011-04-13,8.774095,8367.309570,1.591000,36.647015,3.466000
2011-04-14,8.230306,8374.160156,1.592000,36.849724,3.485000
2011-04-18,8.230306,8277.110352,1.568600,36.316650,3.371000
2011-04-19,8.230306,8332.030273,1.589000,36.767143,3.356000
2011-04-20,8.303791,8457.650391,1.578500,37.089985,3.400000
2011-04-21,8.186214,8504.360352,1.569000,37.367790,3.400000
2011-04-25,8.186214,8485.250000,1.561300,37.014893,3.363000
2011-04-26,8.818185,8554.990234,1.575000,37.705647,3.320000
2011-04-27,8.671215,8609.280273,1.564500,37.608040,3.368000
2011-04-28,8.597730,8639.730469,1.566500,37.818264,3.312000
2011-04-29,8.597730,8671.410156,1.586300,37.525459,3.296000
2011-05-02,8.597730,8649.610352,1.563300,37.397812,3.286000
2011-05-03,8.597730,8584.679688,1.576500,36.924805,3.255000
2011-05-04,8.597730,8506.610352,1.587500,36.331673,3.223000
2011-05-05,8.597730,8397.400391,1.605000,35.956253,3.168000
2011-05-06,8.142123,8425.900391,1.625000,36.189014,3.157000
2011-05-09,8.406670,8478.190430,1.599400,36.466805,3.142000
2011-05-10,8.406670,8550.490234,1.615500,36.797169,3.195000
2011-05-11,8.597730,8428.089844,1.607000,36.294128,3.157000
2011-05-12,8.597730,8456.179688,1.619900,36.369205,3.230000
2011-05-13,8.597730,8371.669922,1.616500,35.648434,3.187000
2011-05-16,8.777033,8336.589844,1.635600,35.640923,3.149000
2011-05-17,8.368458,8333.070312,1.630800,35.610897,3.121000
2011-05-18,7.951064,8407.480469,1.618000,35.993797,3.171000
2011-05-19,7.653010,8427.950195,1.611300,35.978775,3.171000
2011-05-20,7.653891,8357.530273,1.615900,35.535809,3.152000
2011-05-23,7.653891,8236.549805,1.611300,34.800007,3.134000
2011-05-24,7.653891,8252.459961,1.637300,34.732445,3.123000
2011-05-25,7.653891,8295.370117,1.628500,34.589783,3.129000
2011-05-26,7.653891,8341.660156,1.626500,34.732445,3.061000
2011-05-27,7.653891,8386.339844,1.622300,34.754967,3.064000
2011-05-31,7.653891,8477.280273,1.593000,35.558334,3.050000
2011-06-01,7.653891,8281.589844,1.578700,34.552254,2.966000
2011-06-02,7.653891,8277.759766,1.592000,33.170761,3.030000
2011-06-03,7.653891,8222.150391,1.577500,32.570107,2.997000
2011-06-06,7.689456,8115.870117,1.568800,32.044548,3.002000
2011-06-07,7.689456,8131.689941,1.580200,32.847900,3.011000
2011-06-08,7.210337,8081.350098,1.577000,32.577610,2.962000
2011-06-09,7.201519,8149.649902,1.581500,32.780338,2.998000
2011-06-10,7.257367,8016.390137,1.586900,31.946939,2.971000
2011-06-13,7.257367,8017.060059,1.594800,31.736704,2.991000
2011-06-14,7.257367,8132.770020,1.589000,31.954453,3.099000
2011-06-15,6.848791,7967.810059,1.579100,31.106031,2.973000
2011-06-16,6.716517,7963.600098,1.597000,31.008425,2.909000
2011-06-17,6.716517,8000.109863,1.606100,31.076002,2.944000
2011-06-20,6.716517,8032.220215,1.589800,31.106031,2.963000
2011-06-21,6.716517,8156.270020,1.594000,31.946793,2.985000
2011-06-22,6.716517,8101.839844,1.587500,32.198086,2.993000
2011-06-23,6.628336,8054.080078,1.587000,31.969624,2.909000
2011-06-24,6.446093,7974.720215,1.590500,31.672621,2.871000
2011-06-27,6.399064,8031.080078,1.590000,31.802088,2.927000
2011-06-28,6.399064,8135.979980,1.595000,32.068623,3.045000
2011-06-29,6.349093,8228.500000,1.578000,32.586475,3.108000
2011-06-30,6.349093,8319.099609,1.569700,33.150024,3.158000
2011-07-01,6.349093,8425.480469,1.561400,33.660244,3.197000
2011-07-05,6.349093,8404.629883,1.551500,33.934410,3.136000
2011-07-06,6.349093,8396.480469,1.563700,33.873486,3.095000
2011-07-07,6.349093,8476.129883,1.569200,34.223804,3.149000
2011-07-08,6.349093,8410.190430,1.554500,33.751629,3.016000
2011-07-11,5.990487,8228.730469,1.561800,32.875858,2.917000
2011-07-12,5.990487,8192.750000,1.580000,32.586475,2.908000
2011-07-13,5.990487,8246.799805,1.574700,32.990086,2.891000
2011-07-14,5.990487,8191.129883,1.567700,32.502708,2.944000
2011-07-15,5.990487,8227.040039,1.576500,32.495083,2.908000
2011-07-18,5.881730,8135.529785,1.568000,32.068623,2.909000
2011-07-19,5.731820,8254.379883,1.575000,32.860634,2.891000
2011-07-20,5.752396,8281.830078,1.565000,32.883476,2.933000
2011-07-21,5.752396,8411.450195,1.561500,33.119556,3.010000
2011-07-22,6.331456,8408.200195,1.552300,32.853024,2.964000
2011-07-25,6.375547,8357.570312,1.553900,32.746395,3.004000
2011-07-26,6.266790,8331.669922,1.544100,32.563614,2.951000
2011-07-27,6.072790,8153.209961,1.533700,31.855391,2.980000
2011-07-28,5.834699,8124.029785,1.563100,31.786858,2.951000
2011-07-29,5.805305,8079.439941,1.562800,31.817320,2.805000
2011-08-01,5.914062,8040.930176,1.546500,31.505077,2.740000
2011-08-02,5.778850,7831.979980,1.557800,30.423689,2.624000
2011-08-03,5.437881,7853.200195,1.563300,30.278990,2.599000
2011-08-04,4.988153,7428.399902,1.563000,28.466522,2.458000
2011-08-05,5.320304,7419.069824,1.576800,28.565525,2.558000
2011-08-08,4.879395,6895.970215,1.593000,26.258039,2.339000
2011-08-09,4.891153,7258.040039,1.596900,28.154293,2.182000
2011-08-10,4.891153,7101.240234,1.628200,27.103357,2.137000
2011-08-11,4.676577,7257.580078,1.621900,28.481752,2.336000
2011-08-12,4.703032,7303.879883,1.623300,28.519831,2.237000
2011-08-15,5.085154,7482.709961,1.611400,29.098612,2.285000
2011-08-16,4.994032,7394.490234,1.588700,28.717823,2.214000
2011-08-17,4.994032,7418.939941,1.584100,28.801603,2.165000
2011-08-18,4.994032,7079.410156,1.578500,27.354668,2.083000
2011-08-19,4.994032,6970.100098,1.607000,26.912964,2.071000
2011-08-22,4.826486,6980.620117,1.595300,26.981508,2.088000
2011-08-23,4.670699,7209.589844,1.602500,27.765898,2.137000
2011-08-24,4.767699,7273.129883,1.597300,28.177134,2.260000
2011-08-25,4.767699,7149.669922,1.607300,27.598364,2.222000
2011-08-26,4.767699,7245.819824,1.609000,27.941057,2.188000
2011-08-29,5.049881,7450.299805,1.600000,28.634064,2.271000
2011-08-30,5.085154,7464.000000,1.594300,28.717823,2.176000
2011-08-31,5.085154,7528.390137,1.586500,28.961521,2.218000
2011-09-01,5.085154,7443.459961,1.582500,28.260904,2.146000
2011-09-02,4.902911,7250.729980,1.599000,27.621210,1.996000
2011-09-06,4.902911,7148.129883,1.649300,27.811592,1.979000
2011-09-07,4.879395,7355.169922,1.660000,28.451292,2.036000
2011-09-08,5.008729,7257.359863,1.653500,28.123831,1.986000
2011-09-09,5.008729,7045.009766,1.651600,27.621210,1.915000
2011-09-12,5.008729,7047.120117,1.674900,27.354668,1.930000
2011-09-13,5.029305,7109.950195,1.703500,27.842052,1.994000
2011-09-14,4.864699,7199.120117,1.711500,28.085743,2.011000
2011-09-15,5.182153,7329.100098,1.724000,28.611216,2.085000
2011-09-16,5.182153,7348.180176,1.709100,28.710213,2.076000
2011-09-19,5.182153,7234.629883,1.710500,28.375137,1.940000
2011-09-20,5.076336,7217.109863,1.784600,28.146666,1.947000
2011-09-21,5.076336,6981.330078,1.791600,27.225203,1.875000
2011-09-22,4.353244,6726.620117,1.833900,26.417967,1.715000
2011-09-23,4.188638,6770.729980,1.876800,26.547428,1.808000
2011-09-26,4.309154,6940.810059,1.855800,26.760668,1.904000
2011-09-27,4.309154,7043.120117,1.846000,27.392744,2.016000
2011-09-28,4.029911,6876.939941,1.802000,26.730202,2.002000
2011-09-29,4.029911,6974.910156,1.817700,27.042435,1.957000
2011-09-30,3.938790,6791.649902,1.827700,26.120964,1.924000
2011-10-03,3.785940,6571.450195,1.847000,25.328955,1.785000
2011-10-04,3.453789,6722.979980,1.887700,25.945812,1.781000
2011-10-05,3.712456,6844.160156,1.850100,26.250435,1.905000
2011-10-06,3.850607,6997.640137,1.833700,26.783510,1.986000
2011-10-07,3.880002,6925.799805,1.806700,26.379890,2.068000
2011-10-10,3.880002,7173.450195,1.762300,27.354668,2.076000
2011-10-11,3.880002,7161.259766,1.746900,27.369896,2.160000
2011-10-12,3.921154,7263.689941,1.738800,27.948675,2.226000
2011-10-13,3.921154,7229.080078,1.774000,27.682127,2.169000
2011-10-14,4.103395,7350.459961,1.743100,28.040054,2.232000
2011-10-17,4.103395,7188.660156,1.730700,27.232821,2.155000
2011-10-18,4.103395,7341.729980,1.767000,27.887754,2.151000
2011-10-19,4.103395,7240.259766,1.757500,27.506969,2.159000
2011-10-20,3.927031,7273.899902,1.761300,27.331825,2.180000
2011-10-21,4.029911,7431.100098,1.787000,28.040054,2.203000
2011-10-24,4.029911,7547.629883,1.767600,28.641680,2.234000
2011-10-25,4.029911,7400.819824,1.749300,28.001974,2.128000
2011-10-26,3.988759,7506.149902,1.761500,28.443676,2.203000
2011-10-27,4.168062,7813.990234,1.758000,29.921074,2.395000
2011-10-28,4.379699,7803.939941,1.709000,29.715458,2.306000
2011-10-31,4.379699,7563.379883,1.687100,28.672134,2.175000
2011-11-01,4.379699,7337.149902,1.692400,27.872522,2.001000
2011-11-02,4.379699,7461.100098,1.742000,28.192366,2.006000
2011-11-03,4.379699,7605.140137,1.733300,28.885372,2.066000
2011-11-04,4.085759,7552.229980,1.731500,28.573141,2.050000
2011-11-07,4.085759,7590.430176,1.749000,28.687370,1.994000
2011-11-08,4.085759,7671.910156,1.749900,29.030062,2.065000
2011-11-09,3.941728,7353.450195,1.739500,27.545048,1.955000
2011-11-10,3.941728,7423.640137,1.756600,27.842052,2.056000
2011-11-11,3.941728,7576.180176,1.760000,28.291372,2.056000
2011-11-14,3.730092,7493.290039,1.739900,27.849674,2.043000
2011-11-15,3.935850,7509.049805,1.759500,27.895367,2.057000
2011-11-16,3.756547,7392.020020,1.769300,27.605972,2.024000
2011-11-17,3.838850,7274.160156,1.770300,27.400362,1.958000
2011-11-18,3.838850,7282.470215,1.764500,27.491743,2.012000
2011-11-21,3.600759,7134.470215,1.777800,26.943436,1.962000
2011-11-22,3.497880,7094.890137,1.804200,26.821592,1.939000
2011-11-23,3.439092,6919.919922,1.811700,26.181885,1.879000
2011-11-25,3.171608,6898.180176,1.875500,26.151426,1.967000
2011-11-28,3.306819,7120.549805,1.880300,26.760668,1.958000
2011-11-29,3.306819,7149.709961,1.854700,27.034817,1.996000
2011-11-30,3.489062,7484.500000,1.841500,28.436060,2.068000
2011-12-01,3.489062,7450.430176,1.808000,28.093370,2.117000
2011-12-02,3.489062,7453.549805,1.799000,28.207602,2.042000
2011-12-05,3.489062,7531.009766,1.795200,28.413218,2.054000
2011-12-06,3.630153,7539.319824,1.779600,28.375137,2.093000
2011-12-07,3.630153,7559.709961,1.791000,28.367523,2.017000
2011-12-08,3.630153,7369.520020,1.798700,27.347052,1.972000
2011-12-09,3.630153,7502.879883,1.817000,28.078129,2.052000
2011-12-12,3.515517,7363.490234,1.797300,27.430817,2.009000
2011-12-13,3.515517,7277.620117,1.809200,27.027208,1.962000
2011-12-14,3.515517,7184.750000,1.857700,26.829201,1.901000
2011-12-15,3.447911,7217.120117,1.876300,27.027208,1.913000
2011-12-16,3.447911,7237.660156,1.858800,27.042435,1.854000
2011-12-19,3.033456,7142.450195,1.853000,26.708197,1.813000
2011-12-20,3.080486,7360.970215,1.866500,27.637913,1.925000
2011-12-21,3.080486,7388.520020,1.841800,27.876102,1.967000
2011-12-22,3.080486,7460.750000,1.855300,28.183451,1.951000
2011-12-23,3.356789,7518.660156,1.851000,28.429319,2.030000
2011-12-27,3.227456,7508.370117,1.857500,28.506155,2.009000
2011-12-28,3.233335,7396.990234,1.860000,28.175760,1.908000
2011-12-29,3.256850,7485.629883,1.876700,28.582998,1.897000
2011-12-30,3.256850,7477.029785,1.865200,28.575312,1.871000
2012-01-03,3.395001,7624.319824,1.870100,29.136211,1.960000
2012-01-04,3.395001,7612.149902,1.834500,29.044018,1.995000
2012-01-05,3.395001,7599.970215,1.818400,28.944126,1.993000
2012-01-06,3.395001,7557.680176,1.843000,28.997911,1.961000
2012-01-09,3.395001,7584.660156,1.847600,28.921078,1.960000
2012-01-10,3.321517,7668.899902,1.841000,29.389782,1.972000
2012-01-11,3.218637,7661.979980,1.799000,29.505030,1.904000
2012-01-12,3.218637,7681.259766,1.803500,29.804689,1.933000
2012-01-13,3.365608,7632.029785,1.780900,29.597235,1.853000
2012-01-17,3.682180,7670.470215,1.779300,30.242653,1.850000
2012-01-18,3.682180,7766.950195,1.779500,30.649885,1.897000
2012-01-19,3.682180,7819.359863,1.768300,31.133951,1.972000
2012-01-20,3.682180,7829.339844,1.755500,31.072489,2.028000
2012-01-23,3.682180,7855.520020,1.760100,31.064798,2.067000
2012-01-24,3.865304,7840.649902,1.752000,30.911135,2.064000
2012-01-25,3.865304,7914.810059,1.758400,30.926491,2.007000
2012-01-26,3.865304,7883.899902,1.760000,31.195410,1.931000
2012-01-27,3.865304,7876.609863,1.852500,31.057116,1.898000
2012-01-30,3.865304,7834.399902,1.738000,30.719040,1.837000
2012-01-31,3.715395,7838.479980,1.746300,30.488529,1.799000
2012-02-01,3.715395,7931.430176,1.744800,30.880396,1.846000
2012-02-02,4.115153,7945.430176,1.731700,31.003323,1.825000
2012-02-03,4.115153,8060.430176,1.718100,31.571913,1.949000
2012-02-06,4.115153,8048.040039,1.715300,31.241516,1.901000
2012-02-07,4.115153,8069.700195,1.723700,31.241516,1.966000
2012-02-08,4.115153,8082.979980,1.724700,31.279936,1.975000
2012-02-09,4.115153,8081.250000,1.718400,31.395195,2.047000
2012-02-10,4.115153,7992.049805,1.715500,30.734407,1.969000
2012-02-13,4.115153,8056.229980,1.718800,31.256886,1.990000
2012-02-14,4.115153,8029.609863,1.715200,30.949537,1.924000
2012-02-15,4.115153,7998.649902,1.716100,30.888069,1.931000
2012-02-16,4.115153,8092.189941,1.727700,31.356770,1.993000
2012-02-17,4.115153,8114.509766,1.715500,31.533495,2.010000
2012-02-21,4.115153,8115.419922,1.717200,31.472031,2.045000
2012-02-22,4.473759,8094.390137,1.714500,31.203100,2.005000
2012-02-23,4.350305,8136.149902,1.705100,31.349094,1.984000
2012-02-24,4.350305,8151.970215,1.712800,31.364452,1.977000
2012-02-27,4.350305,8143.560059,1.706600,31.487402,1.922000
2012-02-28,4.350305,8171.540039,1.705900,31.779373,1.929000
2012-02-29,4.350305,8113.240234,1.697700,31.594969,1.977000
2012-03-01,4.203335,8175.109863,1.716600,31.879261,2.037000
2012-03-02,4.203335,8125.169922,1.713500,32.017563,1.986000
2012-03-05,4.394395,8091.279785,1.729300,31.810112,2.005000
2012-03-06,4.056365,7920.350098,1.737800,30.964920,1.944000
2012-03-07,4.056365,7979.779785,1.759300,31.349094,1.972000
2012-03-08,4.056365,8082.479980,1.765800,31.879261,2.014000
2012-03-09,4.056365,8102.100098,1.761300,32.017563,2.038000
2012-03-12,3.968183,8086.279785,1.789100,31.894617,2.031000
2012-03-13,3.968183,8234.480469,1.798800,32.455528,2.107000
2012-03-14,4.041668,8185.270020,1.791300,32.025249,2.274000
2012-03-15,4.041668,8246.719727,1.803400,32.163551,2.281000
2012-03-16,4.041668,8270.400391,1.799400,32.225021,2.298000
2012-03-19,4.041668,8297.469727,1.797500,32.240387,2.379000
2012-03-20,4.041668,8241.269531,1.820700,31.863897,2.372000
2012-03-21,4.041668,8219.339844,1.814100,31.702539,2.294000
2012-03-22,4.041668,8141.319824,1.819200,31.326044,2.275000
2012-03-23,4.079881,8180.049805,1.818100,31.479715,2.237000
2012-03-26,4.079881,8288.780273,1.809300,31.940725,2.244000
2012-03-27,4.079881,8239.330078,1.817100,31.909996,2.187000
2012-03-28,3.924092,8188.350098,1.821200,31.533495,2.196000
2012-03-29,3.794758,8166.370117,1.823400,31.464354,2.159000
2012-03-30,3.738910,8206.929688,1.820800,31.779373,2.216000
2012-04-02,3.738910,8281.120117,1.825700,31.979137,2.193000
2012-04-03,3.938790,8216.540039,1.832800,31.625702,2.284000
2012-04-04,3.938790,8106.830078,1.829200,31.080173,2.243000
2012-04-05,3.938790,8081.350098,1.827500,30.957237,2.175000
2012-04-09,3.647790,7992.310059,1.821900,30.749771,2.037000
2012-04-10,3.647790,7841.910156,1.819000,29.873846,1.988000
2012-04-11,3.647790,7912.850098,1.832500,30.196548,2.028000
2012-04-12,3.647790,8039.950195,1.834600,30.688313,2.049000
2012-04-13,3.527274,7931.089844,1.826200,30.327173,1.998000
2012-04-16,3.550790,7949.560059,1.837400,30.496210,1.974000
2012-04-17,3.550790,8064.040039,1.845700,30.957237,2.009000
2012-04-18,3.550790,8030.370117,1.858400,30.596102,1.982000
2012-04-19,3.589001,7995.910156,1.877700,30.511576,1.952000
2012-04-20,3.589001,8025.439941,1.879500,30.703667,1.970000
2012-04-23,3.527274,7940.740234,1.871800,30.096657,1.933000
2012-04-24,3.624274,7988.009766,1.879800,30.388638,1.961000
2012-04-25,3.483183,8070.790039,1.879300,30.703667,1.984000
2012-04-26,3.483183,8123.069824,1.878800,30.865019,1.959000
2012-04-27,3.483183,8151.910156,1.883800,31.026377,1.933000
2012-04-30,3.483183,8119.060059,1.886000,30.772810,1.915000
2012-05-01,3.483183,8164.040039,1.905800,30.596102,1.956000
2012-05-02,3.365608,8124.319824,1.906400,30.480843,1.922000
2012-05-03,3.350910,8049.890137,1.922200,30.350214,1.924000
2012-05-04,3.350910,7933.290039,1.909800,29.950678,1.880000
2012-05-07,3.350910,7948.770020,1.926900,29.958368,1.877000
2012-05-08,3.303880,7887.259766,1.918800,29.750906,1.837000
2012-05-09,3.233335,7820.250000,1.937900,29.420511,1.835000
2012-05-10,3.136335,7852.750000,1.969500,29.382095,1.884000
2012-05-11,3.112819,7815.879883,1.952000,29.159271,1.841000
2012-05-14,3.112819,7705.439941,1.965200,28.552259,1.788000
2012-05-15,2.939394,7635.810059,1.992600,28.229553,1.777000
2012-05-16,2.745395,7592.819824,1.999900,28.045141,1.765000
2012-05-17,2.796835,7480.419922,1.999400,27.407402,1.702000
2012-05-18,2.796835,7427.740234,2.007700,27.207626,1.702000
2012-05-21,2.796835,7542.979980,2.022000,27.730118,1.735000
2012-05-22,2.796835,7542.580078,2.032300,27.684015,1.793000
2012-05-23,2.533758,7540.899902,2.087300,27.760853,1.721000
2012-05-24,2.533758,7552.339844,2.027100,27.514973,1.759000
2012-05-25,2.533758,7534.330078,2.027400,27.476557,1.745000
2012-05-29,2.533758,7615.029785,1.981900,27.937571,1.731000
2012-05-30,2.533758,7471.399902,1.992000,27.338251,1.625000
2012-05-31,2.189849,7463.959961,2.014900,27.468874,1.581000
2012-06-01,2.260395,7292.229980,2.025300,26.623678,1.467000
2012-06-04,2.260395,7285.529785,2.038800,26.454639,1.527000
2012-06-05,2.260395,7338.620117,2.052900,26.669777,1.556000
2012-06-06,2.113425,7517.459961,2.021500,27.284466,1.651000
2012-06-07,2.113425,7519.830078,2.031600,27.445818,1.654000
2012-06-08,2.113425,7553.770020,2.029600,27.507292,1.637000
2012-06-11,2.113425,7459.290039,2.022000,27.215315,1.600000
2012-06-12,1.945880,7557.819824,2.063700,27.530344,1.661000
2012-06-13,1.901789,7506.419922,2.066800,27.361303,1.599000
2012-06-14,1.790092,7582.819824,2.070900,27.622545,1.611000
2012-06-15,1.866516,7664.259766,2.057800,28.029772,1.587000
2012-06-18,2.022304,7662.290039,2.048200,28.068193,1.584000
2012-06-19,2.116364,7766.259766,2.060100,28.590677,1.620000
2012-06-20,1.987031,7757.919922,2.027900,28.630468,1.642000
2012-06-21,1.940001,7566.109863,2.022500,27.998566,1.618000
2012-06-22,1.919719,7616.589844,2.062200,28.232603,1.672000
2012-06-25,1.925303,7491.870117,2.066000,27.631903,1.608000
2012-06-26,1.925303,7527.080078,2.060300,27.858143,1.628000
2012-06-27,1.840061,7598.049805,2.074700,28.177992,1.621000
2012-06-28,1.690152,7597.500000,2.074500,28.177992,1.577000
2012-06-29,1.757758,7801.839844,2.076800,29.238958,1.659000
2012-07-02,1.678394,7832.149902,2.008700,29.262365,1.580000
2012-07-03,1.678394,7901.669922,1.984600,29.683636,1.631000
2012-07-05,1.816546,7837.770020,2.026300,29.488604,1.597000
2012-07-06,1.816546,7756.609863,2.018700,29.137545,1.544000
2012-07-09,1.816546,7736.399902,2.027600,29.082928,1.513000
2012-07-10,1.816546,7667.569824,2.031400,29.082928,1.498000
2012-07-11,1.816546,7685.319824,2.032500,29.285761,1.498000
2012-07-12,1.816546,7638.649902,2.035200,29.090738,1.479000
2012-07-13,1.907667,7758.299805,2.036700,29.472996,1.499000
2012-07-16,1.907667,7743.020020,2.037300,29.582211,1.464000
2012-07-17,1.907667,7794.770020,2.034100,29.777239,1.501000
2012-07-18,1.907667,7831.089844,2.020600,29.831860,1.479000
2012-07-19,1.910607,7849.750000,2.018500,29.909861,1.515000
2012-07-20,1.910607,7759.589844,2.011200,29.472996,1.460000
2012-07-23,1.734244,7670.540039,2.022900,29.012726,1.435000
2012-07-24,1.734244,7590.609863,2.036400,28.614859,1.404000
2012-07-25,1.737182,7607.569824,2.045500,28.786489,1.406000
2012-07-26,1.737182,7754.509766,2.032700,29.238958,1.428000
2012-07-27,1.863576,7912.160156,2.020100,29.730436,1.555000
2012-07-30,1.763637,7911.040039,2.020900,29.769445,1.504000
2012-07-31,1.763637,7863.930176,2.040300,29.480797,1.492000
2012-08-01,1.763637,7841.330078,2.056700,29.215555,1.539000
2012-08-02,1.725425,7765.600098,2.042100,28.880102,1.478000
2012-08-03,1.725425,7939.549805,2.048400,29.590015,1.577000
2012-08-06,1.793031,7964.089844,2.027000,29.722635,1.558000
2012-08-07,1.793031,8017.709961,2.028500,29.753838,1.628000
2012-08-08,1.857698,8018.240234,2.027100,29.738241,1.640000
2012-08-09,1.857698,8025.000000,2.021100,29.707035,1.688000
2012-08-10,1.851819,8044.759766,2.017100,29.800642,1.649000
2012-08-13,1.851819,8018.640137,2.013900,29.909861,1.654000
2012-08-14,1.851819,8019.529785,2.019700,29.964472,1.726000
2012-08-15,1.851819,8029.009766,2.025800,29.980072,1.805000
2012-08-16,1.807728,8089.990234,2.023600,30.471554,1.836000
2012-08-17,1.807728,8102.069824,2.015100,30.455946,1.816000
2012-08-20,1.869455,8094.330078,2.014500,30.432543,1.814000
2012-08-21,1.869455,8082.680176,2.014300,30.502748,1.805000
2012-08-22,2.031121,8074.200195,2.010900,30.510557,1.719000
2012-08-23,2.031121,8011.439941,2.015300,30.268719,1.666000
2012-08-24,2.031121,8047.870117,2.022800,30.440348,1.678000
2012-08-27,2.031121,8036.240234,2.023100,30.331133,1.649000
2012-08-28,2.031121,8033.850098,2.031000,30.292126,1.630000
2012-08-29,2.031121,8031.649902,2.040900,30.331133,1.654000
2012-08-30,2.031121,7966.229980,2.047000,30.104891,1.620000
2012-08-31,1.989676,8014.930176,2.045500,30.276518,1.562000
2012-09-04,1.998789,8002.310059,2.028600,30.245319,1.581000
2012-09-05,2.039940,7992.009766,2.036700,30.198505,1.594000
2012-09-06,2.039940,8160.560059,2.036200,30.752392,1.673000
2012-09-07,2.039940,8234.509766,2.025000,31.017632,1.661000
2012-09-10,2.039940,8192.389648,2.025300,30.947411,1.683000
2012-09-11,2.157516,8246.139648,2.019300,31.072247,1.695000
2012-09-12,2.189849,8267.309570,2.011900,31.259480,1.765000
2012-09-13,2.292728,8407.030273,2.023800,31.984983,1.756000
2012-09-14,2.414419,8458.870117,2.018200,32.538868,1.870000
2012-09-17,2.427940,8408.959961,2.009300,32.180019,1.838000
2012-09-18,2.427940,8387.429688,2.030300,31.938175,1.812000
2012-09-19,2.427940,8400.480469,2.019900,32.023987,1.782000
2012-09-20,2.516122,8372.910156,2.021500,31.961588,1.777000
2012-09-21,2.516122,8377.509766,2.018100,32.180019,1.760000
2012-09-24,2.553158,8356.559570,2.018800,32.226830,1.718000
2012-09-25,2.516122,8274.780273,2.023500,32.070797,1.682000
2012-09-26,2.516122,8221.320312,2.028200,31.633930,1.618000
2012-09-27,2.369152,8303.740234,2.033200,32.016193,1.640000
2012-09-28,2.278031,8251.000000,2.027000,31.626129,1.637000
2012-10-01,2.278031,8284.360352,2.022600,31.540329,1.625000
2012-10-02,2.278031,8295.110352,2.023000,31.485710,1.615000
2012-10-03,2.345638,8297.500000,2.025100,31.321896,1.623000
2012-10-04,2.345638,8376.330078,2.018700,31.485710,1.665000
2012-10-05,2.351516,8384.070312,2.016100,31.657331,1.732000
2012-10-08,2.404425,8359.110352,1.997400,31.555923,1.746000
2012-10-09,2.404425,8279.110352,2.028700,31.275076,1.720000
2012-10-10,2.427940,8229.169922,2.030700,31.126856,1.691000
2012-10-11,2.427940,8256.589844,2.039400,31.384304,1.675000
2012-10-12,2.469092,8227.080078,2.039100,31.353086,1.663000
2012-10-15,2.448516,8293.500000,2.041900,31.704144,1.663000
2012-10-16,2.448516,8386.469727,2.035500,32.187820,1.720000
2012-10-17,2.448516,8446.509766,2.033400,32.562286,1.811000
2012-10-18,2.448516,8442.820312,2.029900,32.702694,1.826000
2012-10-19,2.569031,8324.139648,2.026000,32.382843,1.768000
2012-10-22,2.569031,8329.179688,2.026000,32.468662,1.798000
2012-10-23,2.569031,8195.309570,2.023000,32.180019,1.764000
2012-10-24,2.610183,8179.259766,2.025400,32.070797,1.775000
2012-10-25,2.610183,8211.910156,2.024100,31.922577,1.828000
2012-10-26,2.383849,8190.200195,2.024000,31.852369,1.750000
2012-10-31,2.336819,8221.400391,2.029000,32.187820,1.686000
2012-11-01,2.336819,8311.360352,2.027900,32.538868,1.715000
2012-11-02,2.336819,8234.910156,2.029500,32.476463,1.726000
2012-11-05,2.336819,8240.250000,2.028800,32.414059,1.684000
2012-11-06,2.336819,8312.349609,2.034200,32.593475,1.742000
2012-11-07,2.336819,8138.799805,2.029100,32.258018,1.632000
2012-11-08,2.336819,8050.830078,2.033000,31.938175,1.632000
2012-11-09,2.369152,8053.560059,2.037200,31.805557,1.613000
2012-11-12,2.369152,8054.040039,2.044500,31.883570,1.611000
2012-11-13,2.574910,8023.229980,2.049300,31.875765,1.589000
2012-11-14,2.519062,7903.419922,2.057200,31.251667,1.589000
2012-11-15,2.519062,7896.879883,2.063700,31.165855,1.589000
2012-11-16,2.519062,7931.549805,2.064800,31.259480,1.574000
2012-11-19,2.519062,8080.290039,2.080600,31.992788,1.611000
2012-11-20,2.463213,8086.410156,2.077200,32.016193,1.656000
2012-11-21,2.439698,8112.180176,2.080200,32.125401,1.687000
2012-11-23,2.439698,8225.509766,2.103300,32.640297,1.693000
2012-11-26,2.674849,8197.570312,2.080100,32.718300,1.664000
2012-11-27,2.674849,8150.770020,2.081300,32.484257,1.645000
2012-11-28,2.674849,8207.360352,2.083000,32.772911,1.617000
2012-11-29,2.674849,8256.070312,2.091900,33.162964,1.620000
2012-11-30,2.748335,8260.429688,2.095600,33.334591,1.606000
2012-12-03,2.821819,8223.540039,2.133900,33.357998,1.628000
2012-12-04,2.912941,8223.870117,2.119100,33.506229,1.608000
2012-12-05,2.959971,8264.799805,2.118300,33.451611,1.591000
2012-12-06,2.939394,8280.929688,2.087100,33.599846,1.581000
2012-12-07,3.007001,8314.299805,2.076000,33.833874,1.627000
2012-12-10,3.086365,8322.679688,2.073500,33.896290,1.616000
2012-12-11,3.086365,8366.469727,2.076200,33.997704,1.649000
2012-12-12,3.086365,8380.879883,2.075600,34.114723,1.697000
2012-12-13,2.998183,8338.320312,2.070400,33.880684,1.728000
2012-12-14,2.959971,8333.750000,2.084300,33.794876,1.708000
2012-12-17,2.924698,8407.009766,2.085100,34.037609,1.763000
2012-12-18,3.033456,8499.349609,2.095100,34.615173,1.827000
2012-12-19,2.983485,8463.820312,2.088000,34.669807,1.800000
2012-12-20,2.983485,8516.429688,2.069200,35.200554,1.800000
2012-12-21,2.974668,8443.150391,2.069300,34.942982,1.754000
2012-12-24,3.071668,8420.549805,2.056300,35.028835,1.774000
2012-12-26,2.968789,8395.490234,2.077100,34.989811,1.758000
2012-12-27,2.968789,8399.830078,2.048000,35.114693,1.715000
2012-12-28,2.968789,8316.160156,2.041700,34.779076,1.711000
2012-12-31,3.086365,8443.509766,2.045100,35.309830,1.756000
2013-01-02,3.174546,8632.009766,2.045600,36.464962,1.839000
2013-01-03,3.277426,8607.790039,2.045600,36.199596,1.899000
2013-01-04,3.277426,8667.679688,2.048700,36.418129,1.915000
2013-01-07,3.124577,8636.910156,2.032400,36.168373,1.903000
2013-01-08,3.124577,8604.379883,2.026400,36.051296,1.871000
2013-01-09,3.174546,8636.099609,2.040100,36.176170,1.852000
2013-01-10,3.203940,8713.750000,2.047700,36.285454,1.894000
2013-01-11,3.203940,8712.400391,2.027700,36.363506,1.875000
2013-01-14,3.203940,8717.440430,2.029700,36.535206,1.857000
2013-01-15,3.203940,8733.099609,2.032400,36.457146,1.831000
2013-01-17,3.367371,8766.540039,2.040800,36.753735,1.875000
2013-01-18,3.333274,8792.629883,2.037100,36.738136,1.843000
2013-01-22,3.400881,8832.750000,2.038700,36.995701,1.835000
2013-01-23,3.453789,8828.660156,2.041000,37.026920,1.833000
2013-01-24,3.453789,8856.589844,2.033900,37.081558,1.844000
2013-01-25,3.453789,8904.530273,2.028500,37.183022,1.947000
2013-01-28,3.353849,8880.009766,2.028500,36.722519,1.974000
2013-01-29,3.262728,8935.639648,1.994100,37.143997,1.988000
2013-01-30,3.268607,8904.309570,1.986400,36.675690,2.006000
2013-01-31,3.198062,8894.709961,1.988300,36.644478,1.985000
2013-02-01,3.292122,8965.120117,1.990600,36.902042,2.010000
2013-02-04,3.292122,8852.790039,1.986400,36.628860,1.973000
2013-02-05,3.292122,8920.129883,1.994700,36.870823,2.016000
2013-02-06,3.292122,8934.240234,1.982900,36.769356,1.968000
2013-02-07,3.292122,8893.740234,1.985900,36.597652,1.951000
2013-02-08,2.983485,8935.230469,1.963500,36.566429,1.954000
2013-02-11,2.983485,8919.019531,1.970100,36.503990,1.946000
2013-02-12,2.983485,8957.610352,1.970700,36.574230,1.982000
2013-02-13,2.983485,8955.599609,1.968800,36.784969,2.019000
2013-02-14,2.924698,8953.070312,1.964100,36.722519,2.000000
2013-02-15,3.001122,8933.219727,1.956200,36.917648,2.007000
2013-02-19,2.857092,9004.389648,1.959700,37.198627,2.026000
2013-02-20,2.848274,8883.629883,1.953900,36.660091,2.021000
2013-02-21,2.783607,8810.290039,1.960100,36.371311,1.976000
2013-02-22,2.924698,8894.629883,1.971800,37.019115,1.967000
2013-02-25,2.924698,8719.400391,1.969100,36.098129,1.895000
2013-02-26,2.910001,8766.169922,1.980500,36.714729,1.879000
2013-02-27,2.910001,8875.330078,1.982100,37.518635,1.903000
2013-02-28,3.027576,8868.719727,1.974400,37.526443,1.888000
2013-03-01,2.983485,8874.190430,1.977700,37.760590,1.853000
2013-03-04,2.983485,8901.040039,1.981100,37.854256,1.877000
2013-03-05,2.983485,8978.089844,1.971100,38.041565,1.894000
2013-03-06,2.983485,8996.969727,1.962500,37.916695,1.938000
2013-03-07,2.983485,9013.429688,1.970700,38.002552,1.991000
2013-03-08,2.930577,9054.440430,1.959500,38.158646,2.056000
2013-03-11,2.930577,9082.240234,1.941900,38.267910,2.056000
2013-03-12,3.045213,9059.959961,1.957300,38.072788,2.023000
2013-03-13,3.168668,9057.019531,1.965600,38.041565,2.021000
2013-03-14,3.168668,9127.959961,1.971500,38.228893,2.033000
2013-03-15,3.168668,9116.620117,1.972000,38.291332,1.996000
2013-03-18,3.168668,9045.440430,1.978800,38.025970,1.956000
2013-03-19,3.168668,9017.660156,1.982800,38.111816,1.908000
2013-03-20,3.168668,9081.089844,1.982600,38.502068,1.937000
2013-03-21,3.168668,9009.660156,1.984400,38.244507,1.932000
2013-03-22,3.168668,9065.780273,2.005100,38.392792,1.915000
2013-03-25,3.242153,9022.959961,2.006500,38.197670,1.915000
2013-03-26,3.242153,9083.700195,2.006000,38.541092,1.906000
2013-03-27,3.439092,9070.440430,2.014900,38.619133,1.851000
2013-03-28,3.439092,9107.040039,2.010200,38.954758,1.852000
2013-04-01,3.359728,9107.759766,2.019000,38.587917,1.840000
2013-04-02,3.280365,9092.889648,2.015100,38.611343,1.861000
2013-04-03,3.350910,8983.389648,2.018600,37.955719,1.812000
2013-04-04,3.409698,9027.830078,2.021000,38.267910,1.759000
2013-04-05,3.527274,9000.240234,2.012800,37.830837,1.694000
2013-04-08,3.494940,9051.570312,1.983200,37.955719,1.732000
2013-04-09,3.571365,9088.379883,1.989700,38.158646,1.747000
2013-04-10,3.527274,9189.080078,1.980600,38.587917,1.805000
2013-04-11,3.547849,9234.019531,1.973200,38.463039,1.791000
2013-04-12,3.533154,9188.250000,1.974800,38.244507,1.721000
2013-04-15,3.286244,8953.940430,1.966200,36.667892,1.702000
2013-04-16,3.447911,9086.419922,1.998000,37.549854,1.719000
2013-04-17,3.180426,8948.349609,1.984600,36.800571,1.704000
2013-04-18,3.180426,8921.179688,1.997100,36.503990,1.685000
2013-04-19,3.180426,8994.120117,1.981700,37.097164,1.703000
2013-04-22,3.180426,9019.900391,2.005200,37.183022,1.698000
2013-04-23,3.180426,9113.799805,2.015900,37.799610,1.698000
2013-04-24,3.180426,9146.450195,2.018400,38.306946,1.698000
2013-04-25,3.271253,9188.860352,2.008700,38.541092,1.711000
2013-04-26,3.271253,9169.900391,1.999300,38.252308,1.663000
2013-04-29,3.271253,9245.219727,1.993300,38.306946,1.668000
2013-04-30,3.151031,9276.879883,2.005700,38.322544,1.675000
2013-05-01,3.151031,9175.780273,2.001500,38.025970,1.639000
2013-05-02,3.151031,9246.719727,2.001700,37.916695,1.631000
2013-05-03,3.151031,9340.459961,2.006900,38.369385,1.752000
2013-05-06,3.115758,9348.900391,2.005400,38.470840,1.771000
2013-05-07,3.115758,9409.009766,2.005900,38.783047,1.783000
2013-05-08,3.115758,9463.320312,2.005800,39.048412,1.760000
2013-05-09,3.115758,9409.219727,2.000700,38.868904,1.813000
2013-05-10,3.115758,9442.759766,2.009300,38.798653,1.900000
2013-05-13,3.115758,9437.169922,2.013800,38.775253,1.923000
2013-05-14,3.350910,9515.860352,2.006200,39.009399,1.952000
2013-05-15,3.336213,9551.410156,2.018400,39.204514,1.943000
2013-05-16,3.380304,9489.309570,2.019900,39.087444,1.865000
2013-05-17,3.380304,9576.410156,2.022600,39.305977,1.949000
2013-05-20,3.380304,9587.519531,2.031200,39.313782,1.965000
2013-05-21,3.380304,9598.269531,2.035700,39.220131,1.944000
2013-05-22,3.380304,9508.040039,2.032800,38.541092,2.026000
2013-05-23,3.380304,9466.290039,2.045600,38.431824,2.023000
2013-05-24,3.380304,9442.230469,2.041100,38.166447,2.011000
2013-05-28,3.380304,9494.160156,2.053500,38.119617,2.135000
2013-05-29,3.203940,9422.490234,2.073800,37.362534,2.124000
2013-05-30,3.189244,9460.049805,2.107300,37.229847,2.124000
2013-05-31,3.174546,9302.269531,2.107700,36.605453,2.164000
2013-06-03,3.130456,9357.080078,2.089900,36.839596,2.134000
2013-06-04,3.233335,9320.080078,2.121300,36.402523,2.137000
2013-06-05,3.195122,9178.410156,2.124000,35.832752,2.100000
2013-06-06,3.195122,9260.480469,2.125100,36.215199,2.075000
2013-06-07,3.195122,9355.410156,2.127400,36.613255,2.161000
2013-06-10,3.174546,9358.000000,2.127400,36.613255,2.215000
2013-06-11,3.130456,9255.480469,2.127400,36.457146,2.195000
2013-06-12,3.130456,9189.429688,2.127400,35.622021,2.230000
2013-06-13,2.998183,9331.370117,2.152700,36.332268,2.174000
2013-06-14,2.998183,9263.690430,2.116800,36.098129,2.126000
2013-06-17,3.042274,9337.889648,2.096400,36.699108,2.171000
2013-06-18,3.136335,9399.629883,2.167800,36.808380,2.182000
2013-06-19,3.051092,9255.700195,2.177600,35.996655,2.311000
2013-06-20,3.056971,8995.969727,2.224200,35.122501,2.419000
2013-06-21,3.171608,9018.540039,2.255700,35.309830,2.514000
2013-06-24,3.201001,8892.019531,2.238500,34.599571,2.548000
2013-06-25,3.201001,8989.259766,2.225600,35.178505,2.589000
2013-06-26,3.201001,9067.269531,2.210200,35.439140,2.539000
2013-06-27,3.203940,9143.549805,2.186200,35.865639,2.483000
2013-06-28,3.218637,9112.690430,2.195900,35.755066,2.478000
2013-07-01,3.218637,9167.879883,2.189200,35.999920,2.490000
2013-07-02,3.218637,9144.719727,2.223100,35.968327,2.469000
2013-07-03,3.218637,9135.089844,2.247200,35.786667,2.501000
2013-07-05,3.071668,9214.169922,2.246000,35.984108,2.715000
2013-07-08,3.071668,9266.299805,2.247500,36.142078,2.645000
2013-07-09,3.145153,9341.400391,2.261500,36.458004,2.630000
2013-07-10,3.145153,9340.679688,2.254100,36.339531,2.680000
2013-07-11,3.145153,9493.259766,2.270400,37.540058,2.574000
2013-07-12,3.153971,9498.500000,2.252000,37.484779,2.601000
2013-07-15,3.153971,9520.950195,2.261900,37.571655,2.556000
2013-07-16,3.153971,9489.000000,2.216300,37.642735,2.532000
2013-07-17,3.153971,9523.790039,2.248800,37.682220,2.491000
2013-07-18,3.153971,9587.200195,2.222900,38.085037,2.534000
2013-07-19,3.056971,9618.500000,2.221800,38.053448,2.491000
2013-07-22,3.065789,9650.580078,2.244800,38.069233,2.488000
2013-07-23,3.065789,9659.629883,2.230200,38.203506,2.516000
2013-07-24,3.065789,9605.040039,2.210000,37.958656,2.588000
2013-07-25,3.065789,9635.059570,2.243600,38.298271,2.607000
2013-07-26,3.065789,9620.129883,2.240700,38.266685,2.561000
2013-07-29,3.065789,9571.790039,2.254400,38.006058,2.585000
2013-07-30,3.130456,9556.169922,2.266600,38.140327,2.603000
2013-07-31,3.095183,9558.830078,2.279400,38.266685,2.593000
2013-08-01,3.095183,9673.400391,2.273700,38.661606,2.723000
2013-08-02,3.095183,9690.070312,2.301200,38.527328,2.602000
2013-08-05,3.095183,9671.599609,2.284000,38.282490,2.640000
2013-08-06,2.989365,9614.320312,2.302600,38.069233,2.642000
2013-08-07,2.989365,9568.259766,2.295200,37.855991,2.600000
2013-08-08,2.989365,9634.700195,2.304100,38.266685,2.587000
2013-08-09,2.989365,9622.110352,2.278500,38.464142,2.580000
2013-08-12,2.989365,9609.030273,2.268600,38.203506,2.605000
2013-08-13,2.989365,9630.570312,2.284500,38.037640,2.715000
2013-08-14,2.989365,9593.500000,2.310700,38.077133,2.712000
2013-08-15,2.989365,9489.290039,2.321500,37.468979,2.755000
2013-08-16,2.989365,9465.589844,2.337800,37.484779,2.829000
2013-08-19,3.342092,9385.889648,2.387500,37.374199,2.884000
2013-08-20,3.342092,9421.559570,2.409600,37.579548,2.814000
2013-08-21,3.259789,9339.379883,2.393900,37.279415,2.855000
2013-08-22,3.259789,9425.780273,2.447800,37.311020,2.901000
2013-08-23,3.259789,9474.769531,2.432500,37.611141,2.818000
2013-08-26,3.298001,9432.509766,2.345500,37.705933,2.805000
2013-08-27,3.298001,9288.230469,2.376200,37.010876,2.721000
2013-08-28,3.298001,9309.070312,2.368400,37.010876,2.782000
2013-08-29,3.298001,9315.820312,2.342500,37.374199,2.751000
2013-08-30,3.298001,9270.660156,2.356100,36.860813,2.749000
2013-09-03,3.298001,9333.490234,2.374800,37.176746,2.848000
2013-09-04,3.541971,9400.240234,2.356000,37.603241,2.897000
2013-09-05,3.527274,9420.349609,2.357800,37.855991,2.979000
2013-09-06,3.527274,9439.690430,2.320400,38.242992,2.938000
2013-09-09,3.583122,9539.929688,2.300600,38.787983,2.897000
2013-09-10,3.556667,9620.709961,2.273900,39.230267,2.959000
2013-09-11,3.556667,9655.379883,2.282300,39.427715,2.920000
2013-09-12,3.559607,9607.320312,2.271800,39.182880,2.907000
2013-09-13,3.559607,9635.080078,2.272600,39.301357,2.898000
2013-09-16,3.615456,9704.490234,2.276700,39.854225,2.874000
2013-09-17,3.615456,9738.929688,2.281400,39.775246,2.853000
2013-09-18,3.762426,9887.879883,2.250300,40.651943,2.708000
2013-09-19,3.671304,9854.759766,2.182800,40.565063,2.748000
2013-09-20,3.600759,9769.730469,2.197300,39.941101,2.732000
2013-09-23,3.630153,9733.030273,2.207500,39.806843,2.714000
2013-09-24,3.630153,9715.209961,2.195800,39.806843,2.653000
2013-09-25,3.630153,9698.950195,2.194700,39.633080,2.614000
2013-09-26,3.630153,9726.259766,2.223300,39.885818,2.643000
2013-09-27,3.630153,9684.169922,2.239000,39.775246,2.619000
2013-09-30,3.630153,9621.240234,2.222700,39.017014,2.615000
2013-10-01,3.630153,9693.269531,2.217000,39.893723,2.646000
2013-10-02,3.630153,9689.290039,2.212600,39.767345,2.626000
2013-10-03,3.630153,9619.190430,2.189600,39.285561,2.606000
2013-10-04,3.630153,9675.709961,2.204900,39.325050,2.652000
2013-10-07,3.433213,9597.540039,2.207500,38.938038,2.634000
2013-10-09,3.433213,9497.019531,2.205100,38.748486,2.650000
2013-10-10,3.586062,9693.969727,2.202600,39.554100,2.685000
2013-10-11,3.586062,9761.759766,2.177200,39.972706,2.682000
2013-10-14,3.586062,9797.179688,2.171000,40.217537,2.691000
2013-10-15,3.612516,9726.620117,2.178900,40.296524,2.720000
2013-10-16,3.612516,9845.000000,2.177300,40.849396,2.671000
2013-10-17,3.577244,9934.839844,2.178100,41.307495,2.587000
2013-10-18,3.577244,9984.629883,2.158500,41.362774,2.589000
2013-10-21,3.577244,9982.679688,2.145500,41.433861,2.609000
2013-10-22,3.577244,10056.589844,2.170600,41.552341,2.512000
2013-10-23,3.577244,9990.330078,2.169600,41.046860,2.485000
2013-10-24,3.577244,10029.190430,2.186300,41.307495,2.522000
2013-10-25,3.577244,10053.860352,2.200600,40.880989,2.503000
2013-10-28,3.577244,10053.860352,2.184400,40.691437,2.512000
2013-10-29,3.577244,10108.429688,2.177500,40.422897,2.507000
2013-10-30,3.577244,10054.379883,2.182000,40.509777,2.527000
2013-10-31,3.577244,10009.639648,2.181100,40.470284,2.542000
2013-11-01,3.577244,10018.150391,2.231800,40.359715,2.620000
2013-11-04,3.577244,10064.110352,2.251700,40.778313,2.602000
2013-11-05,3.577244,10011.910156,2.240800,39.988495,2.662000
2013-11-06,3.577244,10059.490234,2.277300,40.138557,2.640000
2013-11-07,3.577244,9924.370117,2.282500,39.530392,2.613000
2013-11-08,3.577244,10032.139648,2.302900,40.004299,2.746000
2013-11-11,3.577244,10042.940430,2.309300,40.051685,2.751000
2013-11-12,3.577244,10009.820312,2.327800,39.633080,2.768000
2013-11-13,3.577244,10079.889648,2.330400,39.885818,2.725000
2013-11-14,3.347971,10130.509766,2.329000,39.956909,2.702000
2013-11-15,3.347971,10189.799805,2.311300,40.083275,2.709000
2013-11-18,3.453789,10167.150391,2.315900,40.043774,2.678000
2013-11-19,3.453789,10135.610352,2.260400,39.838421,2.712000
2013-11-20,3.453789,10096.440430,2.268800,39.593586,2.792000
2013-11-21,3.324455,10162.400391,2.268700,40.099075,2.784000
2013-11-22,3.365608,10205.719727,2.302100,40.170155,2.752000
2013-11-25,3.365608,10176.200195,2.273800,39.893723,2.741000
2013-11-26,3.365608,10167.889648,2.280800,40.122761,2.696000
2013-11-27,3.365608,10182.990234,2.293800,40.588757,2.736000
2013-11-29,3.365608,10183.230469,2.314900,40.438686,2.741000
2013-12-02,3.365608,10137.019531,2.330800,40.320213,2.801000
2013-12-03,3.112819,10086.709961,2.353300,40.035885,2.775000
2013-12-04,2.986426,10064.860352,2.373000,39.917416,2.841000
2013-12-05,3.183365,10016.740234,2.388000,39.735752,2.862000
2013-12-06,3.183365,10131.209961,2.356200,40.343918,2.883000
2013-12-09,3.183365,10146.259766,2.321800,40.351807,2.857000
2013-12-10,3.183365,10114.669922,2.317000,40.391304,2.797000
2013-12-11,3.183365,9991.459961,2.306000,39.633080,2.844000
2013-12-12,3.183365,9949.580078,2.338700,39.561993,2.877000
2013-12-13,3.183365,9954.839844,2.332000,39.941101,2.868000
2013-12-16,3.183365,10024.969727,2.325000,40.130665,2.877000
2013-12-17,3.183365,9989.080078,2.322900,40.229969,2.843000
2013-12-18,3.306819,10154.200195,2.316400,41.024391,2.885000
2013-12-19,3.321517,10151.530273,2.328900,41.135612,2.925000
2013-12-20,3.321517,10196.070312,2.354500,41.207115,2.887000
2013-12-23,3.321517,10246.669922,2.382700,41.469273,2.929000
2013-12-24,3.321517,10284.400391,2.354000,41.675831,2.983000
2013-12-26,3.321517,10331.669922,2.354500,41.564621,2.990000
2013-12-27,3.321517,10353.219727,2.352300,41.731441,3.006000
2013-12-30,3.321517,10357.839844,2.333500,41.922108,2.976000
2013-12-31,3.321517,10400.320312,2.359300,42.009495,3.026000
2014-01-02,3.321517,10283.419922,2.357100,41.334229,2.985000
2014-01-03,3.321517,10296.769531,2.384700,41.366001,2.995000
2014-01-06,3.321517,10270.049805,2.371500,41.207115,2.961000
2014-01-07,3.321517,10327.330078,2.373700,41.270668,2.937000
2014-01-08,3.321517,10320.910156,2.368700,41.302448,2.993000
2014-01-09,3.321517,10325.740234,2.392000,41.215073,2.963000
2014-01-10,3.321517,10371.129883,2.388000,41.429554,2.860000
2014-01-13,3.395001,10256.150391,2.353500,41.127674,2.827000
2014-01-14,3.395001,10343.080078,2.356800,41.485172,2.869000
2014-01-15,3.483183,10385.389648,2.351600,41.937992,2.884000
2014-01-16,3.494940,10376.230469,2.355500,42.065105,2.843000
2014-01-17,3.436153,10343.459961,2.360600,41.842663,2.827000
2014-01-21,3.330335,10366.009766,2.340500,41.937992,2.825000
2014-01-22,3.330335,10368.889648,2.357800,41.985661,2.860000
2014-01-23,3.292122,10269.389648,2.369600,41.699665,2.773000
2014-01-24,3.336213,10034.440430,2.390900,40.690750,2.735000
2014-01-27,3.336213,9981.349609,2.393200,40.738403,2.766000
2014-01-28,3.336213,10066.839844,2.418400,40.905228,2.746000
2014-01-29,3.336213,9962.919922,2.423400,40.801964,2.675000
2014-01-30,3.471426,10048.690430,2.432400,40.865513,2.693000
2014-01-31,3.436153,9967.650391,2.408800,40.555683,2.668000
2014-02-03,3.403819,9741.580078,2.422300,39.348156,2.581000
2014-02-04,3.380304,9816.969727,2.437200,39.554707,2.624000
2014-02-05,3.380304,9809.030273,2.406400,39.618248,2.667000
2014-02-06,3.380304,9940.219727,2.395500,40.587456,2.702000
2014-02-07,3.380304,10055.339844,2.379500,40.937019,2.675000
2014-02-10,3.380304,10050.400391,2.375200,41.056171,2.678000
2014-02-11,3.380304,10170.370117,2.406200,41.524887,2.719000
2014-02-12,3.315638,10173.769531,2.401400,41.747330,2.763000
2014-02-13,3.315638,10228.580078,2.417000,41.922108,2.736000
2014-02-14,3.315638,10282.530273,2.391000,42.144550,2.746000
2014-02-18,3.315638,10319.120117,2.381800,42.223988,2.711000
2014-02-19,3.315638,10254.240234,2.386100,42.168385,2.734000
2014-02-20,3.315638,10316.889648,2.389000,42.374924,2.754000
2014-02-21,3.315638,10306.900391,2.369600,42.422596,2.734000
2014-02-24,3.315638,10369.519531,2.340600,42.541767,2.750000
2014-02-25,3.315638,10353.780273,2.336300,42.152493,2.701000
2014-02-26,3.324455,10349.959961,2.338800,42.223988,2.673000
2014-02-27,3.324455,10397.809570,2.348000,42.366989,2.642000
2014-02-28,3.324455,10425.860352,2.319000,42.605312,2.658000
2014-03-03,3.324455,10329.790039,2.333400,41.977718,2.607000
2014-03-04,3.324455,10489.969727,2.341100,42.652977,2.691000
2014-03-05,3.324455,10482.839844,2.337800,42.748318,2.698000
2014-03-06,3.324455,10525.519531,2.317300,43.113750,2.737000
2014-03-07,3.324455,10511.910156,2.320000,42.470257,2.790000
2014-03-10,3.156910,10486.150391,2.335600,42.049213,2.784000
2014-03-11,3.156910,10425.639648,2.343200,41.779106,2.766000
2014-03-12,3.156910,10418.990234,2.359400,41.389835,2.726000
2014-03-13,3.156910,10297.740234,2.352300,41.016449,2.653000
2014-03-14,3.156910,10285.080078,2.361100,40.714565,2.645000
2014-03-17,3.156910,10377.019531,2.340500,40.786072,2.699000
2014-03-18,3.156910,10441.450195,2.346100,40.897285,2.681000
2014-03-19,3.156910,10359.509766,2.329400,40.619232,2.772000
2014-03-20,3.156910,10400.700195,2.344600,40.555683,2.775000
2014-03-21,3.156910,10392.219727,2.323300,40.365021,2.750000
2014-03-24,3.380304,10362.059570,2.319800,40.269699,2.733000
2014-03-25,3.380304,10417.059570,2.318600,40.690750,2.735000
2014-03-26,3.130456,10359.360352,2.309100,40.412685,2.701000
2014-03-27,3.130456,10373.440430,2.292900,40.285576,2.672000
2014-03-28,3.130456,10434.870117,2.256200,40.658966,2.712000
2014-03-31,3.130456,10527.769531,2.256100,41.151505,2.723000
2014-04-01,3.130456,10584.309570,2.269300,41.207115,2.759000
2014-04-02,3.130456,10616.870117,2.258300,41.485172,2.803000
2014-04-03,3.130456,10598.480469,2.265000,41.437500,2.790000
2014-04-04,3.130456,10517.049805,2.276500,41.270668,2.726000
2014-04-07,3.130456,10407.419922,2.230800,40.889347,2.695000
2014-04-08,3.321517,10452.009766,2.214300,40.666897,2.681000
2014-04-09,3.065789,10554.940430,2.198900,40.786072,2.684000
2014-04-10,3.065789,10366.809570,2.181300,39.904251,2.628000
2014-04-11,3.065789,10280.940430,2.203900,39.260754,2.619000
2014-04-14,3.065789,10359.419922,2.213900,39.260754,2.639000
2014-04-15,3.065789,10401.980469,2.212300,38.982712,2.628000
2014-04-16,3.065789,10505.790039,2.233600,39.618248,2.637000
2014-04-17,3.065789,10532.830078,2.238200,39.904251,2.721000
2014-04-21,3.065789,10559.349609,2.228200,39.999577,2.721000
2014-04-22,3.065789,10599.019531,2.228200,40.015469,2.726000
2014-04-23,3.065789,10581.889648,2.237000,40.086967,2.686000
2014-04-24,3.092244,10575.910156,2.217900,39.983696,2.688000
2014-04-25,2.892365,10505.009766,2.209000,39.936028,2.666000
2014-04-28,2.939394,10526.519531,2.238800,39.896313,2.677000
2014-04-29,2.854153,10583.650391,2.220300,39.991646,2.695000
2014-04-30,2.854153,10627.169922,2.233200,40.166416,2.648000
2014-05-01,2.854153,10629.339844,2.228000,40.261742,2.606000
2014-05-02,2.854153,10629.990234,2.230700,40.484188,2.591000
2014-05-05,2.854153,10630.139648,2.215000,40.619232,2.611000
2014-05-06,2.854153,10568.679688,2.242300,40.539803,2.595000
2014-05-07,2.854153,10626.839844,2.227000,40.762238,2.590000
2014-05-08,2.854153,10610.650391,2.214000,40.849628,2.602000
2014-05-09,2.854153,10606.690430,2.213000,40.841686,2.623000
2014-05-12,3.060498,10703.500000,2.207500,41.310390,2.656000
2014-05-13,3.060498,10702.860352,2.209900,41.310390,2.618000
2014-05-14,3.180426,10656.120117,2.211600,41.016449,2.543000
2014-05-15,3.180426,10568.370117,2.199700,40.595417,2.502000
2014-05-16,3.183365,10603.179688,2.215600,40.579525,2.518000
2014-05-19,3.183365,10618.639648,2.210300,40.873455,2.536000
2014-05-20,3.024637,10541.950195,2.202900,40.380917,2.509000
2014-05-21,3.071668,10620.440430,2.212800,40.547737,2.537000
2014-05-22,3.071668,10644.519531,2.205100,40.666897,2.555000
2014-05-23,3.071668,10681.870117,2.210800,41.143562,2.536000
2014-05-27,3.165728,10720.620117,2.221100,41.501064,2.518000
2014-05-28,3.165728,10702.730469,2.232800,41.429554,2.438000
2014-05-29,3.165728,10752.110352,2.227600,41.556671,2.447000
2014-05-30,3.165728,10756.309570,2.223600,41.477219,2.457000
2014-06-02,3.174546,10772.009766,2.236800,41.532833,2.534000
2014-06-03,3.174546,10770.330078,2.273800,41.516945,2.593000
2014-06-04,3.174546,10776.780273,2.276600,41.580502,2.606000
2014-06-05,3.174546,10847.690430,2.275400,41.890331,2.584000
2014-06-06,3.174546,10904.219727,2.256300,42.152493,2.597000
2014-06-09,3.174546,10918.620117,2.242800,42.430542,2.613000
2014-06-10,3.174546,10914.200195,2.226200,42.128662,2.635000
2014-06-11,3.174546,10872.690430,2.219100,41.818836,2.640000
2014-06-12,3.303880,10825.030273,2.230400,41.572556,2.586000
2014-06-13,3.303880,10856.219727,2.227000,41.556671,2.604000
2014-06-16,3.303880,10863.219727,2.219600,41.937992,2.597000
2014-06-17,3.303880,10886.009766,2.229800,41.739380,2.655000
2014-06-18,3.303880,10975.540039,2.258800,41.930050,2.613000
2014-06-19,3.395001,11003.080078,2.219700,42.057148,2.622000
2014-06-20,3.486122,11018.110352,2.219500,42.208096,2.624000
2014-06-23,3.486122,11014.089844,2.226800,42.311375,2.623000
2014-06-24,3.486122,10921.990234,2.213000,42.122391,2.586000
2014-06-25,3.353849,10962.870117,2.221600,42.098263,2.559000
2014-06-26,3.356789,10949.450195,2.204800,42.243031,2.525000
2014-06-27,3.356789,10974.429688,2.193900,42.323441,2.532000
2014-06-30,3.356789,10979.419922,2.191800,42.492310,2.516000
2014-07-01,3.330335,11046.610352,2.211700,42.540562,2.563000
2014-07-02,3.356789,11050.339844,2.198100,42.355598,2.628000
2014-07-03,3.383244,11104.719727,2.222300,42.645103,2.648000
2014-07-07,3.383244,11035.809570,2.209800,42.226940,2.617000
2014-07-08,3.447322,10963.160156,2.222500,41.889194,2.565000
2014-07-09,3.486122,11005.500000,2.209400,42.226940,2.547000
2014-07-10,3.486122,10941.339844,2.207400,41.752472,2.532000
2014-07-11,3.486122,10936.349609,2.218600,41.760517,2.520000
2014-07-14,3.486122,10991.469727,2.217500,41.993729,2.549000
2014-07-15,3.486122,10965.629883,2.207300,41.881153,2.549000
2014-07-16,3.486122,11017.870117,2.215800,42.299313,2.538000
2014-07-17,3.486122,10890.440430,2.220700,41.672062,2.475000
2014-07-18,3.486122,10985.919922,2.255400,41.961563,2.484000
2014-07-21,3.250971,10957.669922,2.222300,41.704231,2.474000
2014-07-22,3.250971,11016.240234,2.218200,41.607735,2.466000
2014-07-23,3.250971,11023.900391,2.208300,41.728355,2.464000
2014-07-24,3.421456,11038.559570,2.215900,42.001778,2.509000
2014-07-25,3.421456,10985.809570,2.215300,41.873096,2.469000
2014-07-28,3.380304,10987.240234,2.222100,42.009808,2.491000
2014-07-29,3.380304,10936.700195,2.219300,41.583599,2.462000
2014-07-30,3.380304,10929.790039,2.227000,41.422764,2.554000
2014-07-31,3.380304,10726.429688,2.243700,40.522102,2.556000
2014-08-01,3.336213,10692.169922,2.260300,40.321060,2.505000
2014-08-04,3.336213,10766.679688,2.252300,40.682938,2.491000
2014-08-05,3.336213,10657.320312,2.254000,39.983303,2.483000
2014-08-06,3.336213,10653.419922,2.276300,40.007427,2.474000
2014-08-07,3.336213,10583.790039,2.270700,39.661640,2.424000
2014-08-08,3.336213,10691.099609,2.294100,39.999401,2.415000
2014-08-11,3.336213,10722.790039,2.279000,40.321060,2.420000
2014-08-12,3.444971,10705.780273,2.272400,40.216518,2.442000
2014-08-13,3.444971,10756.179688,2.274900,40.272804,2.413000
2014-08-14,3.444971,10802.629883,2.278500,40.634686,2.400000
2014-08-15,3.444971,10796.040039,2.263900,40.457764,2.345000
2014-08-18,3.444971,10886.509766,2.245600,40.811596,2.387000
2014-08-19,3.518456,10929.660156,2.255200,41.414730,2.405000
2014-08-20,3.518456,10949.480469,2.243500,41.213684,2.426000
2014-08-21,3.518456,10982.830078,2.257300,41.543388,2.407000
2014-08-22,3.518456,10947.330078,2.266800,41.382561,2.403000
2014-08-25,3.637501,11005.360352,2.272900,41.374519,2.387000
2014-08-26,3.403819,11025.370117,2.282900,41.495140,2.391000
2014-08-27,3.403819,11037.889648,2.258600,41.760517,2.361000
2014-08-28,3.403819,11009.700195,2.243600,41.543388,2.334000
2014-08-29,3.403819,11046.290039,2.237200,41.647934,2.343000
2014-09-02,3.443501,11038.120117,2.243100,41.800724,2.419000
2014-09-03,3.443501,11063.549805,2.239800,42.017849,2.410000
2014-09-04,3.747728,11030.400391,2.234000,42.218895,2.448000
2014-09-05,3.747728,11073.410156,2.239300,42.339523,2.461000
2014-09-08,3.747728,11007.389648,2.237800,42.001778,2.469000
2014-09-09,3.747728,10945.610352,2.265000,41.816811,2.500000
2014-09-10,3.747728,10972.209961,2.283200,41.599686,2.534000
2014-09-11,3.747728,10975.990234,2.285200,41.720322,2.531000
2014-09-12,3.747728,10911.389648,2.294900,41.390602,2.614000
2014-09-15,3.747728,10909.309570,2.271900,41.334305,2.591000
2014-09-16,3.716866,10980.139648,2.339500,41.511223,2.589000
2014-09-17,3.589001,10973.740234,2.333700,41.253902,2.600000
2014-09-18,3.589001,11024.059570,2.355300,41.310181,2.629000
2014-09-19,3.589001,10989.570312,2.363200,41.133266,2.587000
2014-09-22,3.589001,10892.639648,2.365000,40.417549,2.566000
2014-09-23,3.589001,10815.419922,2.395700,40.015472,2.535000
2014-09-24,3.544910,10885.599609,2.409700,40.248680,2.569000
2014-09-25,3.544910,10722.209961,2.379400,39.701843,2.511000
2014-09-26,3.544910,10798.879883,2.425200,39.918976,2.535000
2014-09-29,3.544910,10749.049805,2.419800,39.935055,2.491000
2014-09-30,3.544910,10702.929688,2.443500,39.645561,2.508000
2014-10-01,3.544910,10571.549805,2.435900,39.364105,2.403000
2014-10-02,3.544910,10555.709961,2.481700,39.138924,2.438000
2014-10-03,3.544910,10635.490234,2.492100,39.444511,2.447000
2014-10-06,3.529037,10647.509766,2.454900,39.790298,2.425000
2014-10-07,3.529037,10484.549805,2.425300,39.283676,2.350000
2014-10-08,3.529037,10645.669922,2.393200,39.709881,2.330000
2014-10-09,3.529037,10409.379883,2.374000,38.849434,2.327000
2014-10-10,3.437328,10293.139648,2.394900,38.334755,2.307000
2014-10-13,3.437328,10166.740234,2.386000,38.318680,2.286000
2014-10-14,3.350910,10185.910156,2.390500,38.415173,2.206000
2014-10-15,3.350910,10109.690430,2.396100,38.407139,2.090000
2014-10-16,3.350910,10123.730469,2.452400,38.415173,2.153000
2014-10-17,3.461138,10250.540039,2.465900,39.130890,2.199000
2014-10-20,3.284774,10327.339844,2.430700,39.581230,2.181000
2014-10-21,3.284774,10500.780273,2.462200,40.353237,2.208000
2014-10-22,3.284774,10405.809570,2.478000,39.894844,2.229000
2014-10-23,3.408229,10519.280273,2.484300,40.546223,2.275000
2014-10-24,3.527274,10582.620117,2.495700,40.554260,2.273000
2014-10-27,3.527274,10544.419922,2.468900,40.200432,2.257000
2014-10-28,3.527274,10677.879883,2.519600,41.052841,2.284000
2014-10-29,3.527274,10646.660156,2.458200,40.658813,2.323000
2014-10-30,3.668365,10712.190430,2.457800,41.294106,2.305000
2014-10-31,3.589001,10845.000000,2.401600,41.816811,2.335000
2014-11-03,3.589001,10808.669922,2.413500,41.993729,2.348000
2014-11-04,3.589001,10758.070312,2.492300,41.913315,2.342000
2014-11-05,3.589001,10824.070312,2.493900,42.017849,2.350000
2014-11-06,3.589001,10843.540039,2.501300,41.873096,2.375000
2014-11-07,3.589001,10864.580078,2.566600,42.050018,2.312000
2014-11-10,3.611047,10892.559570,2.548900,41.672062,2.359000
2014-11-11,3.611047,10907.530273,2.549400,41.543388,2.360000
2014-11-12,3.734502,10884.030273,2.554400,41.326267,2.359000
2014-11-13,3.641911,10868.919922,2.563100,41.294106,2.347000
2014-11-14,3.641911,10880.629883,2.585900,41.229771,2.320000
2014-11-17,3.641911,10883.250000,2.596800,41.085014,2.340000
2014-11-18,3.690411,10941.700195,2.604700,41.446896,2.322000
2014-11-19,3.690411,10927.480469,2.579100,41.294106,2.351000
2014-11-20,3.690411,10937.969727,2.568900,41.221725,2.335000
2014-11-21,3.690411,11025.740234,2.569700,41.639889,2.315000
2014-11-24,3.690411,11041.419922,2.512000,41.848988,2.310000
2014-11-25,3.690411,11029.370117,2.542500,42.050018,2.260000
2014-11-26,3.637501,11047.910156,2.527100,41.897224,2.234000
2014-11-28,3.637501,10955.410156,2.527200,41.824848,2.194000
2014-12-01,3.637501,10888.559570,2.531500,41.623802,2.218000
2014-12-02,3.637501,10940.120117,2.557000,41.840946,2.285000
2014-12-03,3.655138,10987.299805,2.564900,42.170654,2.287000
2014-12-04,3.655138,10952.299805,2.549100,42.307358,2.257000
2014-12-05,3.655138,10970.259766,2.588300,42.596855,2.307000
2014-12-08,3.655138,10863.540039,2.586100,42.259102,2.257000
2014-12-09,3.655138,10821.200195,2.596600,42.251057,2.220000
2014-12-10,3.641911,10662.240234,2.589500,41.832901,2.169000
2014-12-11,3.641911,10690.139648,2.613100,42.033939,2.178000
2014-12-12,3.641911,10500.509766,2.646700,41.414730,2.103000
2014-12-15,3.641911,10411.179688,2.649600,41.028721,2.116000
2014-12-16,3.641911,10390.019531,2.692100,40.956341,2.071000
2014-12-17,3.641911,10603.509766,2.735200,41.382561,2.148000
2014-12-18,3.641911,10831.620117,2.712000,42.226940,2.204000
2014-12-19,3.641911,10890.240234,2.659300,42.551018,2.176000
2014-12-22,3.575774,10919.990234,2.656500,42.777306,2.162000
2014-12-23,3.518456,10951.759766,2.662400,43.132919,2.257000
2014-12-24,3.518456,10955.110352,2.691200,43.278397,2.264000
2014-12-26,3.518456,10985.400391,2.695200,43.286472,2.250000
2014-12-29,3.518456,10988.009766,2.692700,43.318794,2.207000
2014-12-30,3.518456,10932.990234,2.699300,43.108665,2.190000
2014-12-31,3.518456,10839.240234,2.654100,42.785389,2.170000
2015-01-02,3.518456,10830.919922,2.653200,42.801559,2.123000
2015-01-05,3.518456,10607.679688,2.691200,42.090355,2.039000
2015-01-06,3.518456,10514.870117,2.703100,41.815575,1.963000
2015-01-07,3.518456,10627.129883,2.696600,41.961040,1.954000
2015-01-08,3.518456,10800.540039,2.680800,42.591434,2.016000
2015-01-09,3.518456,10711.410156,2.659700,42.591434,1.971000
2015-01-12,3.518456,10640.740234,2.626400,42.526772,1.912000
2015-01-13,3.518456,10622.959961,2.670200,42.575272,1.890000
2015-01-14,3.518456,10565.419922,2.639600,42.591434,1.837000
2015-01-15,3.518456,10514.599609,2.612100,42.146935,1.775000
2015-01-16,3.536092,10660.320312,2.638700,42.470200,1.815000
2015-01-20,3.395001,10658.620117,2.648100,42.195423,1.807000
2015-01-21,3.421456,10720.400391,2.611000,42.688408,1.853000
2015-01-22,3.421456,10859.349609,2.597100,43.480438,1.896000
2015-01-23,3.421456,10788.330078,2.570700,42.971287,1.817000
2015-01-26,3.421456,10847.150391,2.577800,43.981510,1.828000
2015-01-27,3.421456,10781.830078,2.579900,43.569340,1.825000
2015-01-28,3.492001,10603.860352,2.569300,43.391537,1.724000
2015-01-29,3.522865,10691.629883,2.573100,43.892620,1.751000
2015-01-30,3.522865,10537.219727,2.600200,43.771381,1.675000
2015-02-02,3.522865,10669.030273,2.678800,43.803711,1.673000
2015-02-03,3.522865,10847.410156,2.723600,44.353271,1.780000
2015-02-04,3.522865,10775.040039,2.691100,44.046165,1.797000
2015-02-05,3.522865,10896.059570,2.738300,44.531078,1.815000
2015-02-06,3.522865,10847.509766,2.741600,44.175476,1.938000
2015-02-09,3.522865,10826.589844,2.779600,44.240128,1.948000
2015-02-10,3.522865,10915.139648,2.766300,44.716965,1.991000
2015-02-11,3.522865,10889.049805,2.831100,44.725040,1.988000
2015-02-12,3.522865,10995.309570,2.865500,45.743359,1.986000
2015-02-13,3.783001,11042.690430,2.817000,45.775684,2.021000
2015-02-17,3.703638,11054.469727,2.826000,45.234200,2.145000
2015-02-18,3.805047,11064.089844,2.825700,45.436237,2.066000
2015-02-19,3.805047,11038.259766,2.834000,45.201878,2.113000
2015-02-20,3.805047,11108.669922,2.863300,45.500900,2.133000
2015-02-23,3.805047,11074.580078,2.864100,45.331184,2.059000
2015-02-24,3.805047,11122.110352,2.874700,45.533237,1.988000
2015-02-25,3.805047,11117.929688,2.857000,45.573631,1.969000
2015-02-26,3.805047,11082.099609,2.868800,45.331184,2.016000
2015-02-27,3.805047,11062.790039,2.905000,45.129139,2.002000
2015-03-02,3.805047,11102.820312,2.836800,45.209946,2.084000
2015-03-03,3.805047,11051.219727,2.892700,44.919010,2.122000
2015-03-04,3.919683,11004.679688,2.927900,44.628056,2.123000
2015-03-05,3.721273,11014.259766,2.971400,44.725040,2.112000
2015-03-06,3.721273,10842.169922,3.000100,43.924938,2.240000
2015-03-09,3.721273,10866.620117,3.057000,44.062336,2.195000
2015-03-10,3.721273,10678.410156,3.122700,43.116749,2.126000
2015-03-11,3.721273,10678.759766,3.101600,43.343048,2.109000
2015-03-12,3.721273,10820.870117,3.126900,43.666321,2.096000
2015-03-13,3.721273,10751.019531,3.163100,43.383457,2.112000
2015-03-16,3.721273,10881.179688,3.245000,43.884533,2.098000
2015-03-17,3.721273,10862.429688,3.242800,43.844120,2.058000
2015-03-18,3.721273,11019.719727,3.246200,44.353271,1.951000
2015-03-19,3.721273,10931.360352,3.218100,43.892620,1.977000
2015-03-20,3.721273,11070.530273,3.290400,44.466427,1.930000
2015-03-23,3.721273,11070.889648,3.224600,44.417931,1.915000
2015-03-24,3.919683,11019.750000,3.128300,44.587646,1.878000
2015-03-25,3.919683,10897.509766,3.136200,44.232056,1.920000
2015-03-26,3.972592,10865.150391,3.197300,44.054245,2.007000
2015-03-27,3.972592,10875.139648,3.179500,44.143154,1.948000
2015-03-30,3.972592,10989.160156,3.241200,44.490665,1.963000
2015-03-31,4.051956,10899.190430,3.226000,44.143154,1.934000
2015-04-01,4.051956,10891.610352,3.188500,44.078506,1.868000
2015-04-02,4.051956,10953.160156,3.164300,43.989594,1.904000
2015-04-06,4.051956,11033.120117,3.121600,44.223969,1.904000
2015-04-07,4.131320,11013.240234,3.121600,44.078506,1.893000
2015-04-08,4.131320,11032.990234,3.125100,44.345196,1.895000
2015-04-09,4.131320,11065.389648,3.046100,44.393688,1.958000
2015-04-10,4.184229,11112.679688,3.055300,44.531078,1.951000
2015-04-13,4.365001,11056.759766,3.071800,44.514912,1.939000
2015-04-14,4.365001,11108.070312,3.119200,44.749283,1.904000
2015-04-15,4.365001,11171.059570,3.064600,44.716965,1.900000
2015-04-16,4.250365,11169.750000,3.025900,44.822018,1.878000
2015-04-17,4.365001,11058.450195,3.018600,44.345196,1.850000
2015-04-20,4.365001,11116.570312,3.036700,44.361359,1.895000
2015-04-21,4.365001,11100.379883,3.029400,43.900692,1.916000
2015-04-22,4.409092,11144.450195,3.026000,43.900692,1.972000
2015-04-23,4.356183,11191.480469,3.005200,43.876446,1.947000
2015-04-24,4.457592,11192.929688,2.968500,44.539169,1.917000
2015-04-27,4.320910,11167.309570,2.948300,44.288620,1.924000
2015-04-28,4.215093,11203.080078,2.913100,44.215885,1.973000
2015-04-29,4.215093,11154.110352,2.934800,43.941101,2.035000
2015-04-30,4.550183,11049.740234,2.952700,43.609745,2.046000
2015-05-01,4.356183,11140.360352,3.011100,43.916855,2.117000
2015-05-04,4.567820,11173.280273,3.011100,43.981510,2.135000
2015-05-05,4.567820,11049.339844,3.083000,43.157158,2.176000
2015-05-06,4.290047,11015.990234,3.053100,43.229900,2.240000
2015-05-07,4.290047,11036.400391,3.028700,43.423862,2.184000
2015-05-08,4.664820,11196.500000,3.021300,44.054245,2.150000
2015-05-11,4.541366,11140.740234,2.971200,43.908779,2.274000
2015-05-12,4.541366,11113.169922,3.056400,43.682484,2.260000
2015-05-13,4.541366,11117.000000,3.017500,43.924938,2.282000
2015-05-14,4.541366,11207.330078,3.036500,44.587646,2.239000
2015-05-15,4.519319,11228.349609,2.989900,44.482582,2.141000
2015-05-18,4.744184,11227.889648,2.991400,44.490665,2.228000
2015-05-19,4.704502,11213.150391,3.005800,44.773540,2.262000
2015-05-20,4.704502,11210.240234,3.031600,45.040237,2.251000
2015-05-21,4.431138,11239.660156,3.001700,44.854347,2.185000
2015-05-22,4.431138,11197.690430,3.036700,44.870522,2.215000
2015-05-26,4.342957,11065.320312,3.093200,44.401768,2.137000
2015-05-27,4.572228,11143.349609,3.148000,44.684635,2.135000
2015-05-28,4.572228,11132.740234,3.137900,44.531078,2.130000
2015-05-29,4.722138,11056.299805,3.158400,43.933014,2.095000
2015-06-01,4.656002,11061.679688,3.175800,43.852203,2.192000
2015-06-02,4.656002,11080.889648,3.169500,43.908779,2.266000
2015-06-03,4.656002,11107.940430,3.128600,43.803711,2.366000
2015-06-04,4.497274,11000.389648,3.133200,43.488518,2.307000
2015-06-05,4.497274,10979.330078,3.140200,43.488518,2.402000
2015-06-08,4.497274,10917.820312,3.139600,43.197563,2.381000
2015-06-09,4.497274,10915.639648,3.109900,43.157158,2.417000
2015-06-10,4.497274,11057.990234,3.095500,43.819878,2.478000
2015-06-11,4.497274,11080.509766,3.114000,43.908779,2.383000
2015-06-12,4.497274,11009.910156,3.087100,43.577412,2.385000
2015-06-15,4.497274,10949.540039,3.116800,43.351128,2.358000
2015-06-16,4.497274,10997.660156,3.123500,43.642071,2.318000
2015-06-17,4.497274,11013.660156,3.086900,43.739052,2.306000
2015-06-18,4.497274,11100.469727,3.050400,44.054245,2.351000
2015-06-19,4.497274,11038.959961,3.057800,43.908779,2.267000
2015-06-22,4.497274,11129.610352,3.093200,43.997669,2.360000
2015-06-23,4.497274,11149.360352,3.084400,43.868359,2.409000
2015-06-24,4.497274,11066.139648,3.073800,43.625141,2.371000
2015-06-25,4.497274,11035.730469,3.094900,43.690445,2.393000
2015-06-26,4.497274,11040.309570,3.124400,43.812870,2.476000
2015-06-29,4.497274,10790.330078,3.125700,42.955872,2.331000
2015-06-30,4.497274,10805.200195,3.115000,42.882408,2.335000
2015-07-01,4.497274,10858.990234,3.108000,43.045650,2.418000
2015-07-02,4.497274,10864.820312,3.145500,43.061981,2.393000
2015-07-06,4.497274,10782.679688,3.129200,42.653877,2.278000
2015-07-07,4.497274,10829.320312,3.135100,42.686531,2.231000
2015-07-08,4.497274,10636.799805,3.178700,41.992771,2.206000
2015-07-09,4.497274,10689.509766,3.231700,41.739758,2.301000
2015-07-10,4.497274,10853.919922,3.221100,42.580421,2.417000
2015-07-13,4.497274,10944.849609,3.155600,43.159924,2.430000
2015-07-14,4.232729,10993.259766,3.131200,43.176243,2.399000
2015-07-15,4.201865,10958.830078,3.136500,43.143589,2.350000
2015-07-16,4.272410,11024.870117,3.135600,43.347641,2.352000
2015-07-17,3.796228,10987.169922,3.150600,42.890575,2.349000
2015-07-20,3.796228,10969.490234,3.185200,42.898731,2.372000
2015-07-21,3.796228,10919.000000,3.194500,42.286591,2.340000
2015-07-22,3.796228,10899.860352,3.171900,42.033581,2.322000
2015-07-23,3.796228,10840.730469,3.219800,41.715271,2.277000
2015-07-24,3.796228,10721.950195,3.284200,41.135784,2.271000
2015-07-27,3.796228,10656.610352,3.356000,40.980701,2.228000
2015-07-28,3.796228,10790.179688,3.361700,41.282696,2.250000
2015-07-29,3.796228,10883.910156,3.354500,41.535706,2.279000
2015-07-30,3.796228,10881.750000,3.323900,41.445930,2.268000
2015-07-31,3.796228,10882.280273,3.370800,41.649982,2.205000
2015-08-03,4.285638,10841.259766,3.419400,41.494900,2.150000
2015-08-04,4.285638,10824.700195,3.448800,41.617329,2.211000
2015-08-05,4.409092,10847.849609,3.466300,41.747910,2.268000
2015-08-06,4.409092,10799.440430,3.483800,41.217392,2.234000
2015-08-07,4.409092,10763.150391,3.531600,41.511219,2.175000
2015-08-10,4.409092,10906.049805,3.531600,41.902988,2.238000
2015-08-11,4.409092,10802.089844,3.435700,41.405121,2.137000
2015-08-12,4.104865,10779.459961,3.471000,41.437759,2.130000
2015-08-13,4.104865,10745.309570,3.475100,41.470409,2.189000
2015-08-14,4.259184,10782.240234,3.519300,41.870350,2.196000
2015-08-17,4.259184,10818.570312,3.477900,41.927471,2.150000
2015-08-18,4.259184,10792.799805,3.476600,42.074390,2.196000
2015-08-19,4.232729,10687.019531,3.464900,41.682621,2.129000
2015-08-20,4.232729,10475.750000,3.488300,41.054153,2.084000
2015-08-21,4.232729,10195.690430,3.457800,39.633987,2.054000
2015-08-24,4.232729,9789.940430,3.498000,38.458683,1.997000
2015-08-25,4.232729,9692.389648,3.548100,37.952648,2.133000
2015-08-26,4.232729,9979.669922,3.611500,38.287277,2.172000
2015-08-27,4.232729,10230.509766,3.594100,38.940235,2.168000
2015-08-28,4.232729,10242.059570,3.550200,39.356491,2.186000
2015-08-31,4.232729,10176.500000,3.578700,39.185081,2.200000
2015-09-01,4.232729,9874.669922,3.619200,38.336258,2.172000
2015-09-02,4.232729,10013.360352,3.692500,38.385231,2.193000
2015-09-03,4.409092,10049.290039,3.753900,39.013695,2.168000
2015-09-04,4.409092,9871.860352,3.735000,38.442360,2.128000
2015-09-08,4.422319,10109.679688,3.835000,39.152439,2.194000
2015-09-09,4.422319,9988.910156,3.815900,38.532146,2.181000
2015-09-10,4.422319,10019.389648,3.778700,38.793320,2.222000
2015-09-11,4.404684,10040.219727,3.848100,39.021851,2.183000
2015-09-14,4.404684,9988.589844,3.868200,38.768837,2.180000
2015-09-15,4.365001,10105.870117,3.810700,38.728027,2.281000
2015-09-16,4.365001,10236.719727,3.859700,39.095314,2.303000
2015-09-17,4.228320,10215.540039,3.828600,38.940235,2.217000
2015-09-18,4.228320,10031.599609,3.891400,38.287277,2.130000
2015-09-21,4.228320,10066.070312,3.939000,38.344418,2.214000
2015-09-22,4.228320,9912.599609,3.981400,37.430290,2.125000
2015-09-23,4.228320,9867.900391,4.047700,37.332348,2.144000
2015-09-24,4.228320,9837.809570,4.175100,36.989548,2.120000
2015-09-25,4.228320,9857.259766,3.933000,37.169113,2.168000
2015-09-28,4.228320,9601.419922,3.967600,36.246815,2.095000
2015-09-29,4.228320,9622.070312,4.103700,36.018291,2.054000
2015-09-30,4.188638,9799.690430,4.054400,36.328445,2.060000
2015-10-01,4.188638,9820.950195,3.945700,36.361088,2.042000
2015-10-02,4.188638,9973.559570,3.998800,36.891617,1.989000
2015-10-05,4.188638,10167.929688,3.927500,37.805744,2.056000
2015-10-06,4.166593,10156.379883,3.909900,37.895519,2.035000
2015-10-07,4.087229,10258.519531,3.849000,38.785168,2.062000
2015-10-08,4.087229,10361.040039,3.880300,39.095314,2.108000
2015-10-09,3.928502,10361.259766,3.781900,39.821716,2.099000
2015-10-12,3.928502,10356.490234,3.759100,39.723766,2.090000
2015-10-13,4.184229,10262.940430,3.760500,39.560535,2.055000
2015-10-14,4.175410,10229.669922,3.888800,39.405464,1.981000
2015-10-15,4.175410,10378.269531,3.807100,39.895176,2.023000
2015-10-16,4.175410,10421.910156,3.792500,40.066570,2.023000
2015-10-19,4.175410,10391.599609,3.920700,39.576855,2.028000
2015-10-20,4.175410,10383.419922,3.887800,39.503407,2.071000
2015-10-21,4.175410,10306.440430,3.902300,39.364651,2.030000
2015-10-22,4.175410,10448.830078,3.936700,39.927822,2.025000
2015-10-23,4.029911,10506.509766,3.902300,39.993118,2.083000
2015-10-26,3.968183,10464.620117,3.875600,39.919662,2.058000
2015-10-27,3.968183,10400.179688,3.903900,39.552372,2.028000
2015-10-28,3.968183,10538.200195,3.883400,39.805393,2.092000
2015-10-29,3.968183,10498.160156,3.897200,39.838039,2.173000
2015-10-30,3.827093,10460.959961,3.844700,39.805393,2.151000
2015-11-02,3.827093,10579.870117,3.851400,40.743999,2.187000
2015-11-03,3.827093,10609.919922,3.870200,40.792976,2.220000
2015-11-04,4.029911,10563.959961,3.767100,40.425697,2.230000
2015-11-05,4.029911,10548.360352,3.795600,40.523632,2.245000
2015-11-06,4.029911,10513.360352,3.780100,40.409367,2.333000
2015-11-09,4.029911,10415.190430,3.766300,40.327755,2.342000
2015-11-10,4.029911,10432.349609,3.799100,40.621582,2.322000
2015-11-11,4.029911,10399.900391,3.745400,40.760323,2.338000
2015-11-12,4.171001,10235.950195,3.762900,40.213478,2.319000
2015-11-13,4.171001,10155.070312,3.766900,40.213478,2.280000
2015-11-16,4.171001,10299.400391,3.840600,40.523632,2.273000
2015-11-17,4.171001,10285.759766,3.825600,40.825623,2.261000
2015-11-18,4.347364,10429.599609,3.808300,41.568352,2.269000
2015-11-19,4.347364,10431.459961,3.767100,41.927471,2.248000
2015-11-20,4.444365,10444.200195,3.761200,42.164162,2.262000
2015-11-23,4.444365,10421.410156,3.699600,42.082550,2.250000
2015-11-24,4.444365,10449.719727,3.728900,42.213139,2.243000
2015-11-25,4.444365,10450.360352,3.696200,42.229469,2.232000
2015-11-27,4.444365,10450.530273,3.738400,42.539616,2.225000
2015-11-30,4.237138,10409.589844,3.841400,42.425346,2.218000
2015-12-01,4.237138,10519.589844,3.866600,42.343742,2.155000
2015-12-02,4.237138,10389.200195,3.850600,41.772400,2.178000
2015-12-03,4.237138,10257.379883,3.832300,41.601006,2.330000
2015-12-04,4.237138,10408.860352,3.755900,41.935638,2.275000
2015-12-07,4.285638,10304.530273,3.751000,41.519379,2.225000
2015-12-08,4.285638,10198.370117,3.759500,40.735844,2.238000
2015-12-09,4.285638,10162.370117,3.814500,40.384880,2.208000
2015-12-10,4.285638,10172.040039,3.742700,40.425697,2.239000
2015-12-11,4.285638,9976.650391,3.807800,39.397297,2.139000
2015-12-14,3.954957,9986.759766,3.812700,39.095314,2.225000
2015-12-15,3.954957,10110.940430,3.884400,39.405464,2.268000
2015-12-16,3.954957,10267.830078,3.905900,40.058414,2.287000
2015-12-17,3.954957,10112.629883,3.892900,39.976791,2.238000
2015-12-18,3.972592,9967.639648,3.876300,38.940235,2.199000
2015-12-21,4.056365,10023.030273,3.978400,39.064625,2.197000
2015-12-22,4.056365,10112.400391,4.011400,39.394150,2.239000
2015-12-23,4.056365,10276.280273,3.985200,39.970810,2.264000
2015-12-24,4.056365,10258.549805,3.941000,40.349754,2.243000
2015-12-28,4.113683,10217.400391,3.908200,40.053192,2.225000
2015-12-29,4.100456,10306.599609,3.855100,40.275612,2.307000
2015-12-30,4.100456,10225.830078,3.864100,40.020245,2.303000
2015-12-31,4.100456,10143.419922,3.956700,39.352955,2.269000
2016-01-04,4.100456,10001.559570,3.949100,38.833981,2.245000
2016-01-05,4.100456,10028.059570,4.037300,38.875153,2.248000
2016-01-06,4.100456,9868.259766,4.026900,37.911312,2.177000
2016-01-07,3.805047,9650.419922,4.019900,36.832130,2.153000
2016-01-08,3.805047,9528.769531,4.041500,36.164852,2.130000
2016-01-11,3.699229,9527.660156,3.993200,36.041279,2.158000
2016-01-12,3.658665,9576.519531,4.050400,35.868286,2.102000
2016-01-13,3.658665,9374.230469,4.025200,35.225716,2.066000
2016-01-14,3.527274,9516.549805,4.014100,35.192760,2.098000
2016-01-15,3.492001,9299.629883,4.005900,34.311302,2.033000
2016-01-19,3.350910,9301.740234,4.052300,34.055916,2.035000
2016-01-20,3.064319,9156.839844,4.058400,33.487488,1.984000
2016-01-21,3.064319,9226.570312,4.101400,33.825260,2.019000
2016-01-22,3.064319,9426.910156,4.153500,34.665543,2.048000
2016-01-25,3.064319,9262.990234,4.089500,33.380409,2.022000
2016-01-26,3.064319,9429.110352,4.087900,33.808784,1.994000
2016-01-27,3.064319,9373.780273,4.066900,33.825260,2.001000
2016-01-28,3.218637,9397.790039,4.104900,33.775829,1.985000
2016-01-29,3.553729,9632.700195,4.067000,35.176289,1.931000
2016-02-01,3.553729,9616.690430,3.997100,35.201012,1.966000
2016-02-02,3.086365,9413.780273,3.959700,34.303059,1.864000
2016-02-03,3.086365,9495.209961,3.985300,34.533733,1.881000
2016-02-04,3.086365,9534.299805,3.892300,34.822052,1.864000
2016-02-05,3.086365,9390.330078,3.886200,34.080635,1.848000
2016-02-08,3.086365,9231.330078,3.898500,33.298027,1.735000
2016-02-09,3.086365,9187.790039,3.891600,32.943798,1.729000
2016-02-10,3.086365,9176.719727,3.881500,32.663704,1.705000
2016-02-11,3.086365,9029.879883,3.926300,32.276508,1.644000
2016-02-12,3.086365,9229.679688,3.987500,32.606037,1.748000
2016-02-16,3.086365,9375.389648,3.995000,33.215645,1.778000
2016-02-17,3.086365,9532.280273,4.062500,34.064156,1.819000
2016-02-18,3.086365,9504.980469,3.980900,33.907635,1.759000
2016-02-19,3.086365,9485.959961,4.024600,33.858204,1.748000
2016-02-22,3.086365,9616.320312,4.016400,34.138302,1.766000
2016-02-23,3.086365,9494.320312,3.942800,33.841736,1.745000
2016-02-24,3.359728,9506.070312,3.953500,33.866447,1.742000
2016-02-25,3.359728,9625.269531,3.954400,34.006489,1.697000
2016-02-26,3.359728,9619.790039,3.951900,34.220688,1.762000
2016-02-29,3.359728,9559.530273,3.964700,34.566673,1.740000
2016-03-01,3.359728,9771.000000,4.012900,35.439907,1.834000
2016-03-02,3.359728,9837.589844,3.922000,35.678806,1.848000
2016-03-03,3.267138,9907.969727,3.889300,35.884758,1.830000
2016-03-04,3.253911,9968.410156,3.796100,36.296658,1.883000
2016-03-07,3.152501,10006.190430,3.768800,36.197800,1.902000
2016-03-08,2.910001,9868.519531,3.781100,35.687050,1.832000
2016-03-09,2.910001,9924.809570,3.752700,35.794140,1.892000
2016-03-10,2.910001,9918.070312,3.676900,35.942425,1.929000
2016-03-11,2.918819,10104.190430,3.614000,36.873318,1.977000
2016-03-14,2.918819,10074.269531,3.571700,37.013378,1.963000
2016-03-15,2.918819,10013.599609,3.655000,36.799175,1.959000
2016-03-16,2.918819,10084.169922,3.762300,37.548836,1.938000
2016-03-17,2.918819,10190.400391,3.736600,38.191410,1.903000
2016-03-18,2.918819,10223.429688,3.620600,38.158440,1.871000
2016-03-21,2.918819,10219.690430,3.621100,38.578594,1.923000
2016-03-22,2.918819,10194.200195,3.612600,38.784538,1.935000
2016-03-23,2.918819,10099.679688,3.577800,38.026638,1.875000
2016-03-24,2.918819,10086.599609,3.680100,37.960739,1.900000
2016-03-28,2.918819,10106.440430,3.683500,38.207878,1.870000
2016-03-29,2.918819,10190.410156,3.677200,38.957535,1.814000
2016-03-30,2.918819,10236.950195,3.634900,38.965763,1.830000
2016-03-31,2.918819,10207.370117,3.596100,38.586826,1.786000
2016-04-01,2.918819,10219.959961,3.586500,38.372635,1.792000
2016-04-04,2.918819,10183.000000,3.548600,38.141975,1.779000
2016-04-05,2.724819,10061.080078,3.617200,37.178123,1.727000
2016-04-06,2.689546,10159.849609,3.673700,37.252270,1.755000
2016-04-07,2.689546,10045.150391,3.636400,36.799175,1.691000
2016-04-08,2.689546,10119.690430,3.682600,37.186363,1.720000
2016-04-11,2.689546,10114.580078,3.586200,37.499409,1.724000
2016-04-12,2.945274,10238.690430,3.488500,37.977211,1.781000
2016-04-13,2.945274,10359.509766,3.482500,38.413826,1.762000
2016-04-14,3.148092,10360.240234,3.493500,38.455021,1.781000
2016-04-15,3.156910,10355.570312,3.472500,38.603302,1.752000
2016-04-18,3.249501,10424.929688,3.531000,38.866917,1.773000
2016-04-19,3.203647,10517.299805,3.609900,39.221161,1.783000
2016-04-20,3.203647,10527.790039,3.525300,38.842197,1.854000
2016-04-21,3.203647,10454.820312,3.524400,38.710392,1.870000
2016-04-22,3.203647,10511.000000,3.524400,38.949295,1.888000
2016-04-25,3.203647,10465.650391,3.562300,38.455021,1.902000
2016-04-26,3.615456,10522.580078,3.550400,39.509476,1.931000
2016-04-27,3.615456,10571.830078,3.520200,39.806057,1.860000
2016-04-28,3.615456,10480.450195,3.521500,39.303532,1.838000
2016-04-29,3.615456,10436.919922,3.479700,39.328251,1.819000
2016-05-02,3.615456,10496.330078,3.432800,39.460052,1.865000
2016-05-03,3.615456,10365.830078,3.496500,38.496204,1.800000
2016-05-04,3.615456,10286.240234,3.554900,38.174927,1.784000
2016-05-05,3.615456,10281.320312,3.545400,38.397346,1.747000
2016-05-06,3.328865,10308.830078,3.533100,38.751587,1.779000
2016-05-09,3.328865,10291.589844,3.499000,38.669209,1.760000
2016-05-10,3.328865,10424.110352,3.513000,39.402386,1.760000
2016-05-11,3.328865,10332.240234,3.470400,39.385921,1.737000
2016-05-12,3.328865,10334.379883,3.447000,39.402386,1.757000
2016-05-13,3.544910,10228.059570,3.477100,38.776306,1.705000
2016-05-16,3.544910,10332.469727,3.530200,39.311779,1.753000
2016-05-17,3.544910,10257.610352,3.494500,38.792770,1.759000
2016-05-18,3.505229,10239.650391,3.486100,38.455021,1.880000
2016-05-19,3.505229,10192.480469,3.558500,38.034874,1.845000
2016-05-20,3.505229,10250.490234,3.560900,38.603302,1.849000
2016-05-23,3.505229,10226.559570,3.557300,38.660969,1.838000
2016-05-24,3.505229,10353.559570,3.566500,39.155239,1.859000
2016-05-25,3.505229,10446.580078,3.567300,39.756622,1.870000
2016-05-26,3.505229,10439.610352,3.576900,39.806057,1.823000
2016-05-27,3.505229,10469.519531,3.582700,39.838997,1.851000
2016-05-31,3.505229,10441.000000,3.567400,40.044952,1.834000
2016-06-01,3.505229,10454.929688,3.583200,39.888435,1.846000
2016-06-02,3.505229,10487.580078,3.591000,40.094383,1.811000
2016-06-03,3.505229,10487.940430,3.580100,39.995522,1.704000
2016-06-06,3.505229,10554.820312,3.524500,40.135574,1.723000
2016-06-07,3.505229,10599.219727,3.484500,40.349754,1.713000
2016-06-08,3.505229,10638.360352,3.434900,40.423901,1.706000
2016-06-09,3.505229,10589.820312,3.357500,39.855476,1.680000
2016-06-10,3.505229,10446.099609,3.395900,39.196442,1.639000
2016-06-13,3.505229,10349.169922,3.415800,38.290253,1.616000
2016-06-14,3.505229,10294.589844,3.477300,37.688885,1.611000
2016-06-15,3.505229,10297.160156,3.475100,37.631210,1.596000
2016-06-16,3.505229,10322.839844,3.469300,37.754791,1.564000
2016-06-17,3.505229,10347.940430,3.461200,37.977211,1.618000
2016-06-20,3.505229,10450.030273,3.412800,39.048145,1.670000
2016-06-21,3.505229,10490.780273,3.391700,38.892025,1.697000
2016-06-22,3.505229,10473.059570,3.412100,38.683281,1.685000
2016-06-23,3.170137,10641.169922,3.374300,39.610077,1.739000
2016-06-24,3.170137,10183.509766,3.337000,37.038422,1.579000
2016-06-27,3.170137,9973.540039,3.367700,35.986393,1.460000
2016-06-28,3.170137,10161.160156,3.389300,36.604244,1.461000
2016-06-29,3.086365,10350.530273,3.302500,37.222115,1.477000
2016-06-30,3.086365,10489.759766,3.237600,37.781528,1.488000
2016-07-01,3.086365,10515.759766,3.205900,38.482899,1.456000
2016-07-05,3.086365,10409.540039,3.288500,37.531052,1.367000
2016-07-06,3.086365,10441.580078,3.299100,37.748135,1.385000
2016-07-07,3.086365,10413.969727,3.327000,37.330662,1.387000
2016-07-08,2.998183,10571.780273,3.361100,38.023663,1.366000
2016-07-11,2.998183,10627.200195,3.297700,38.591442,1.434000
2016-07-12,2.954092,10726.790039,3.307200,38.933762,1.513000
2016-07-13,2.954092,10734.200195,3.293500,38.958809,1.468000
2016-07-14,2.954092,10786.629883,3.261600,39.234352,1.531000
2016-07-15,2.954092,10773.120117,3.248400,39.526581,1.594000
2016-07-18,2.954092,10793.169922,3.276600,39.726967,1.587000
2016-07-19,3.139274,10758.540039,3.249400,39.777061,1.558000
2016-07-20,3.139274,10793.099609,3.247900,40.027550,1.580000
2016-07-21,3.139274,10758.620117,3.252700,40.010857,1.565000
2016-07-22,3.139274,10805.040039,3.268600,40.361526,1.570000
2016-07-25,3.139274,10752.429688,3.251500,40.252987,1.571000
2016-07-26,2.954092,10772.990234,3.282100,40.595329,1.563000
2016-07-27,2.954092,10739.769531,3.270000,40.461720,1.515000
2016-07-28,2.954092,10744.160156,3.258600,40.495121,1.511000
2016-07-29,2.764501,10785.509766,3.281900,40.628716,1.458000
2016-08-01,2.768910,10730.200195,3.246200,40.361526,1.496000
2016-08-02,2.693956,10661.129883,3.258400,40.019203,1.537000
2016-08-03,2.693956,10695.139648,3.252800,39.977455,1.542000
2016-08-04,2.610183,10707.129883,3.234600,40.194542,1.503000
2016-08-05,2.610183,10782.870117,3.186900,40.386574,1.582000
2016-08-08,2.751273,10788.009766,3.160700,40.470078,1.583000
2016-08-09,2.711592,10804.509766,3.168600,40.762306,1.545000
2016-08-10,2.711592,10774.980469,3.142900,40.979393,1.509000
2016-08-11,2.768910,10836.150391,3.124700,41.363468,1.573000
2016-08-12,2.768910,10822.410156,3.139000,41.104637,1.515000
2016-08-15,2.768910,10858.500000,3.190500,41.163082,1.553000
2016-08-16,2.768910,10809.740234,3.184800,40.870850,1.576000
2016-08-17,2.768910,10824.639648,3.201200,40.712208,1.561000
2016-08-18,2.777728,10863.009766,3.204800,40.829098,1.536000
2016-08-19,2.777728,10829.150391,3.237900,40.662113,1.578000
2016-08-22,2.746865,10815.919922,3.204500,40.411633,1.539000
2016-08-23,2.746865,10847.490234,3.198700,40.795712,1.553000
2016-08-24,2.804183,10791.179688,3.235500,41.062889,1.559000
2016-08-25,2.693956,10784.370117,3.223300,41.296673,1.577000
2016-08-26,2.707183,10749.330078,3.228300,40.979393,1.635000
2016-08-29,2.782137,10811.349609,3.264100,41.513771,1.566000
2016-08-30,2.795365,10797.540039,3.227600,41.689106,1.570000
2016-08-31,2.799774,10764.750000,3.236800,41.505413,1.568000
2016-09-01,3.002592,10771.929688,3.226000,42.014740,1.570000
2016-09-02,2.940865,10856.919922,3.253200,42.315315,1.596000
2016-09-06,2.976137,10890.790039,3.267200,42.716091,1.543000
2016-09-07,2.976137,10890.179688,3.196300,42.565796,1.541000
2016-09-08,2.976137,10882.330078,3.190700,42.382114,1.616000
2016-09-09,2.976137,10613.530273,3.214900,41.279976,1.672000
2016-09-12,2.976137,10741.240234,3.271700,41.472019,1.672000
2016-09-13,2.976137,10535.360352,3.246900,40.628716,1.734000
2016-09-14,2.976137,10511.400391,3.314100,40.637070,1.689000
2016-09-15,2.976137,10602.940430,3.343500,41.029484,1.703000
2016-09-16,2.976137,10532.269531,3.299800,40.812401,1.701000
2016-09-19,2.742455,10564.299805,3.265500,41.138035,1.696000
2016-09-20,2.711592,10560.250000,3.271200,41.196487,1.688000
2016-09-21,2.685138,10708.370117,3.256100,41.672409,1.668000
2016-09-22,2.645455,10793.660156,3.209600,42.081543,1.632000
2016-09-23,2.645455,10717.990234,3.217000,42.190075,1.615000
2016-09-26,2.689546,10624.879883,3.243200,41.664055,1.589000
2016-09-27,2.733637,10665.339844,3.240600,41.655712,1.556000
2016-09-28,2.733637,10753.450195,3.232600,42.006382,1.567000
2016-09-29,2.865910,10643.519531,3.217800,41.421917,1.557000
2016-09-30,2.923229,10721.740234,3.259300,41.931236,1.608000
2016-10-03,2.923229,10690.769531,3.259800,41.547161,1.622000
2016-10-04,2.901183,10629.150391,3.208700,40.937645,1.683000
2016-10-05,2.901183,10683.940430,3.254500,40.979393,1.716000
2016-10-06,2.901183,10675.740234,3.218500,41.363468,1.742000
2016-10-07,2.896774,10626.919922,3.227200,41.129688,1.736000
2016-10-10,2.890160,10682.669922,3.219300,41.380169,1.723000
2016-10-11,2.890160,10548.000000,3.202700,40.920952,1.759000
2016-10-12,2.890160,10560.269531,3.195900,41.012794,1.778000
2016-10-13,2.890160,10522.940430,3.200700,40.628716,1.738000
2016-10-14,2.890160,10521.299805,3.177300,40.912594,1.794000
2016-10-17,2.976137,10492.860352,3.202000,40.829098,1.766000
2016-10-18,2.976137,10567.809570,3.204200,41.338413,1.749000
2016-10-19,2.976137,10600.919922,3.181700,41.522114,1.752000
2016-10-20,2.936455,10597.360352,3.166100,41.046188,1.747000
2016-10-21,2.936455,10571.879883,3.139100,41.213177,1.740000
2016-10-24,2.910001,10591.299805,3.148900,41.263279,1.763000
2016-10-25,2.910001,10550.190430,3.124500,42.048134,1.758000
2016-10-26,3.108410,10528.190430,3.110400,41.981335,1.790000
2016-10-27,3.068728,10503.059570,3.138800,41.972988,1.843000
2016-10-28,3.068728,10476.620117,3.165300,41.914543,1.845000
2016-10-31,3.152501,10481.889648,3.203100,41.939590,1.834000
2016-11-01,3.095183,10414.049805,3.198200,41.513771,1.820000
2016-11-02,3.095183,10334.500000,3.235100,41.430267,1.799000
2016-11-03,2.914410,10307.639648,3.252600,41.588905,1.812000
2016-11-04,2.914410,10289.349609,3.258400,41.572220,1.783000
2016-11-07,2.848274,10500.160156,3.232300,41.547161,1.828000
2016-11-08,2.976137,10530.559570,3.200900,41.722500,1.862000
2016-11-09,2.910001,10643.410156,3.168100,41.914543,2.072000
2016-11-10,2.910001,10683.410156,3.233000,41.956291,2.117000
2016-11-14,3.130456,10679.769531,3.390000,42.524055,2.222000
2016-11-15,3.201001,10745.509766,3.440300,42.799587,2.238000
2016-11-16,2.976137,10699.429688,3.441700,42.490658,2.223000
2016-11-17,3.143683,10740.080078,3.450700,42.741131,2.276000
2016-11-18,3.143683,10709.509766,3.432400,43.008320,2.335000
2016-11-21,3.145888,10791.839844,3.382300,43.225414,2.339000
2016-11-22,3.320047,10820.179688,3.387400,43.893379,2.321000
2016-11-23,3.090774,10835.900391,3.363600,43.751438,2.357000
2016-11-25,3.090774,10878.089844,3.390700,43.910072,2.372000
2016-11-28,3.337683,10808.629883,3.421000,43.843273,2.320000
2016-11-29,3.439092,10817.700195,3.407200,44.202305,2.302000
2016-11-30,3.372956,10838.459961,3.453800,43.617847,2.368000
2016-12-01,3.372956,10828.990234,3.406300,43.158607,2.441000
2016-12-02,3.196592,10838.580078,3.573000,43.634529,2.390000
2016-12-05,3.236274,10910.900391,3.474700,44.369289,2.387000
2016-12-06,3.456729,10970.780273,3.420000,44.486191,2.396000
2016-12-07,3.580183,11114.610352,3.406300,45.663471,2.347000
2016-12-08,3.611047,11149.959961,3.381600,45.980751,2.387000
2016-12-09,3.611047,11191.790039,3.373700,45.721912,2.464000
2016-12-12,3.553729,11177.280273,3.377000,45.529877,2.479000
2016-12-13,3.469956,11237.169922,3.337300,45.646767,2.481000
2016-12-14,3.469956,11098.669922,3.334200,44.937065,2.525000
2016-12-15,3.469956,11131.889648,3.369000,44.736668,2.580000
2016-12-16,3.469956,11125.219727,3.365700,44.878620,2.597000
2016-12-19,3.469956,11128.540039,3.390400,44.870266,2.542000
2016-12-20,3.509638,11172.190430,3.363900,45.037254,2.568000
2016-12-21,3.509638,11142.570312,3.353100,45.095699,2.546000
2016-12-22,3.509638,11114.139648,3.325400,44.820557,2.553000
2016-12-23,3.509638,11128.799805,3.286300,44.854111,2.543000
2016-12-27,3.509638,11146.400391,3.269600,44.946384,2.563000
2016-12-28,3.668365,11058.879883,3.269400,44.753441,2.506000
2016-12-29,3.783001,11074.330078,3.282500,45.130932,2.477000
2016-12-30,3.783001,11056.900391,3.252300,44.963154,2.446000
2017-01-03,3.783001,11154.349609,3.284000,45.147720,2.450000
2017-01-04,3.765366,11246.540039,3.263500,45.550362,2.452000
2017-01-05,3.765366,11247.690430,3.214100,45.516808,2.368000
2017-01-06,3.840320,11237.620117,3.197700,45.516808,2.418000
2017-01-09,3.822683,11169.790039,3.222200,45.223209,2.376000
2017-01-10,3.822683,11183.330078,3.195500,45.500038,2.379000
2017-01-11,3.822683,11226.780273,3.194500,45.617477,2.370000
2017-01-12,3.822683,11204.150391,3.196300,45.785252,2.361000
2017-01-13,3.822683,11227.169922,3.186800,46.036907,2.380000
2017-01-17,3.822683,11196.290039,3.240500,45.541981,2.327000
2017-01-18,3.659547,11196.099609,3.209800,45.399372,2.389000
2017-01-19,3.809456,11148.849609,3.229600,45.441311,2.459000
2017-01-20,3.866774,11192.790039,3.194900,45.583923,2.467000
2017-01-23,3.884410,11170.620117,3.142300,45.852360,2.403000
2017-01-24,4.078411,11249.280273,3.161700,46.473122,2.471000
2017-01-25,4.078411,11339.049805,3.168700,47.387486,2.523000
2017-01-26,4.065183,11313.120117,3.168500,46.959667,2.508000
2017-01-27,4.065183,11283.190430,3.176100,46.775105,2.481000
2017-01-30,4.065183,11205.240234,3.109600,46.104015,2.483000
2017-01-31,3.760956,11222.959961,3.125500,45.919468,2.451000
2017-02-01,3.703638,11207.240234,3.150100,46.154350,2.474000
2017-02-02,3.716866,11215.389648,3.128000,46.238228,2.470000
2017-02-03,3.672774,11310.740234,3.122500,46.204681,2.491000
2017-02-06,3.597820,11264.110352,3.119500,45.969807,2.413000
2017-02-07,3.597820,11243.379883,3.113700,46.313740,2.389000
2017-02-08,3.686001,11251.799805,3.116700,46.682835,2.351000
2017-02-09,3.686001,11327.679688,3.115900,46.783497,2.395000
2017-02-10,3.686001,11377.719727,3.128800,46.900932,2.409000
2017-02-13,3.686001,11433.929688,3.107100,47.093887,2.434000
2017-02-14,3.686001,11468.870117,3.110100,47.270035,2.470000
2017-02-15,3.575774,11514.400391,3.081200,47.689476,2.502000
2017-02-16,3.880002,11504.190430,3.056100,47.504929,2.450000
2017-02-17,3.919683,11510.910156,3.087500,47.479752,2.425000
2017-02-21,3.919683,11578.250000,3.085500,48.159233,2.427000
2017-02-22,3.915275,11550.179688,3.093900,47.924358,2.418000
2017-02-23,3.915275,11556.150391,3.062300,47.790146,2.388000
2017-02-24,3.910865,11541.290039,3.060300,47.353931,2.317000
2017-02-27,3.880002,11558.349609,3.094600,47.597206,2.369000
2017-02-28,3.880002,11512.389648,3.105300,47.311989,2.358000
2017-03-01,3.880002,11661.219727,3.108000,48.142460,2.463000
2017-03-02,3.690411,11575.910156,3.088200,47.941135,2.489000
2017-03-03,3.690411,11598.370117,3.154600,48.226349,2.492000
2017-03-06,3.500820,11547.790039,3.120000,47.697865,2.494000
2017-03-07,3.417047,11506.320312,3.137200,47.421032,2.511000
2017-03-08,3.417047,11448.209961,3.115900,47.152603,2.552000
2017-03-09,3.417047,11457.639648,3.159300,47.009998,2.598000
2017-03-10,3.417047,11500.759766,3.191300,47.370708,2.582000
2017-03-13,3.417047,11519.440430,3.147500,47.798527,2.608000
2017-03-14,3.487592,11459.290039,3.152400,47.597206,2.595000
2017-03-15,3.522865,11590.309570,3.163700,48.201183,2.508000
2017-03-16,3.659547,11600.240234,3.099900,48.553513,2.522000
2017-03-17,3.606638,11589.009766,3.119300,48.436062,2.501000
2017-03-20,3.813865,11556.929688,3.086600,48.620609,2.473000
2017-03-21,3.813865,11420.429688,3.071000,47.874035,2.436000
2017-03-22,3.747728,11426.690430,3.086800,48.108902,2.396000
2017-03-23,3.747728,11430.889648,3.084800,48.201183,2.418000
2017-03-24,3.584592,11418.889648,3.138100,48.176010,2.400000
2017-03-27,3.558137,11414.330078,3.109700,47.806919,2.373000
2017-03-28,3.536092,11493.839844,3.125200,48.217968,2.409000
2017-03-29,3.536092,11496.669922,3.138400,48.176010,2.386000
2017-03-30,3.500820,11519.839844,3.122100,48.327000,2.416000
2017-03-31,3.703638,11492.849609,3.147700,48.343788,2.396000
2017-04-03,3.747728,11463.910156,3.121800,48.335396,2.350000
2017-04-04,3.880002,11470.540039,3.113000,48.301838,2.350000
2017-04-05,3.857956,11423.360352,3.095600,48.075352,2.357000
2017-04-06,3.857956,11457.290039,3.119600,48.410900,2.343000
2017-04-07,3.857956,11445.580078,3.141500,48.746445,2.373000
2017-04-10,3.857956,11464.339844,3.144700,48.947765,2.361000
2017-04-11,3.857956,11473.620117,3.131800,48.821941,2.298000
2017-04-12,3.857956,11423.169922,3.136800,48.813549,2.296000
2017-04-13,3.857956,11324.530273,3.123500,48.427673,2.232000
2017-04-17,3.857956,11427.080078,3.143700,48.578667,2.252000
2017-04-18,3.857956,11378.580078,3.130300,48.838715,2.179000
2017-04-19,3.857956,11342.419922,3.106500,48.486397,2.202000
2017-04-20,3.857956,11426.910156,3.148300,49.040051,2.241000
2017-04-21,3.857956,11389.129883,3.147100,49.073605,2.237000
2017-04-24,3.857956,11531.790039,3.146800,49.669189,2.273000
2017-04-25,3.637501,11603.280273,3.127000,50.222839,2.327000
2017-04-26,3.637501,11592.910156,3.147200,50.088631,2.311000
2017-04-27,3.637501,11578.519531,3.171100,49.996346,2.296000
2017-04-28,3.637501,11536.080078,3.181100,49.736309,2.282000
2017-05-01,3.637501,11536.490234,3.176100,49.795033,2.325000
2017-05-02,3.637501,11551.299805,3.175100,49.937634,2.296000
2017-05-03,3.637501,11529.660156,3.150200,49.576912,2.309000
2017-05-04,3.637501,11534.709961,3.162100,49.442696,2.356000
2017-05-05,3.637501,11615.610352,3.184900,50.063457,2.352000
2017-05-08,3.637501,11595.259766,3.177700,49.627254,2.376000
2017-05-09,3.637501,11567.519531,3.196400,49.853752,2.407000
2017-05-10,3.637501,11598.990234,3.186800,50.013130,2.414000
2017-05-11,3.637501,11563.599609,3.165700,49.568531,2.400000
2017-05-12,3.637501,11547.049805,3.139000,49.383980,2.335000
2017-05-15,3.589001,11614.230469,3.177700,49.929237,2.338000
2017-05-16,3.589001,11606.490234,3.108200,50.390621,2.329000
2017-05-17,3.575774,11423.530273,3.095800,49.568531,2.216000
2017-05-18,3.606638,11434.059570,3.133400,49.014885,2.233000
2017-05-19,3.606638,11542.690430,3.369000,49.929237,2.245000
2017-05-22,4.065183,11585.209961,3.253300,50.331890,2.254000
2017-05-23,4.065183,11604.620117,3.265400,50.331890,2.285000
2017-05-24,3.866774,11621.230469,3.268600,50.541611,2.266000
2017-05-25,3.866774,11639.299805,3.274200,50.927490,2.255000
2017-05-26,4.100456,11631.870117,3.273500,50.893936,2.250000
2017-05-30,4.144547,11601.309570,3.255400,50.860386,2.217000
2017-05-31,4.166593,11598.030273,3.256200,50.642277,2.196000
2017-06-01,4.219501,11699.790039,3.225100,51.355316,2.217000
2017-06-02,4.193048,11718.700195,3.249000,51.506298,2.159000
2017-06-05,4.157774,11693.679688,3.249200,51.455975,2.182000
2017-06-06,4.171001,11671.459961,3.296100,51.296589,2.147000
2017-06-07,4.171001,11667.730469,3.276000,51.288200,2.178000
2017-06-08,4.113683,11678.950195,3.267300,51.137211,2.194000
2017-06-09,3.938202,11744.730469,3.259600,51.447590,2.199000
2017-06-12,3.938202,11746.459961,3.177700,51.472755,2.213000
2017-06-13,3.938202,11796.790039,3.316700,52.009628,2.207000
2017-06-14,3.938202,11779.809570,3.314400,51.774746,2.138000
2017-06-15,4.043139,11740.519531,3.272600,51.514702,2.162000
2017-06-16,4.051956,11772.019531,3.273600,52.034790,2.157000
2017-06-19,4.051956,11833.339844,3.288600,52.429062,2.190000
2017-06-20,3.913511,11738.950195,3.281100,52.030388,2.153000
2017-06-21,3.913511,11696.280273,3.325500,51.691101,2.155000
2017-06-22,3.913511,11712.519531,3.333400,51.775925,2.153000
2017-06-23,3.913511,11733.200195,3.339700,51.691101,2.144000
2017-06-26,3.913511,11758.860352,3.341500,51.775925,2.137000
2017-06-27,3.913511,11716.919922,3.294800,51.445114,2.198000
2017-06-28,3.717747,11812.799805,3.312000,52.089767,2.221000
2017-06-29,3.717747,11739.980469,3.279500,51.631721,2.267000
2017-06-30,3.769774,11761.700195,3.302700,51.962532,2.302000
2017-07-03,3.769774,11835.719727,3.177700,52.318787,2.346000
2017-07-05,3.769774,11809.490234,3.309200,52.200031,2.334000
2017-07-06,3.712456,11702.429688,3.287000,51.334843,2.370000
2017-07-07,3.628683,11752.980469,3.297300,51.241539,2.393000
2017-07-10,3.628683,11751.790039,3.177700,51.657166,2.371000
2017-07-12,3.628683,11825.900391,3.253100,52.488430,2.327000
2017-07-13,3.628683,11844.620117,3.206800,52.539322,2.348000
2017-07-14,3.628683,11897.309570,3.210000,53.116123,2.319000
2017-07-17,3.778592,11890.509766,3.177700,53.217915,2.309000
2017-07-18,3.946138,11877.419922,3.181200,53.183983,2.263000
2017-07-19,3.946138,11941.339844,3.152700,53.794708,2.268000
2017-07-20,4.034319,11944.490234,3.147700,53.692917,2.266000
2017-07-21,4.034319,11924.599609,3.118400,53.599609,2.232000
2017-07-24,4.034319,11904.709961,3.177700,53.387562,2.254000
2017-07-25,3.875592,11965.719727,3.144400,52.971920,2.326000
2017-07-26,3.932910,11964.910156,3.171200,52.946480,2.282000
2017-07-27,3.932910,11963.230469,3.137500,53.336670,2.310000
2017-07-28,3.932910,11954.690430,3.152600,53.005856,2.289000
2017-07-31,3.932910,11967.669922,3.177700,52.844685,2.292000
2017-08-01,3.932910,12000.019531,3.125800,53.345146,2.251000
2017-08-02,3.932910,11979.370117,3.122800,53.014336,2.262000
2017-08-03,3.932910,11956.519531,3.112200,52.997372,2.228000
2017-08-04,4.342957,11984.889648,3.111500,53.073719,2.267000
2017-08-07,4.382638,11987.769531,3.129300,53.124603,2.257000
2017-08-08,4.382638,11949.969727,3.124200,52.751385,2.283000
2017-08-09,4.382638,11929.459961,3.125900,52.361195,2.241000
2017-08-10,4.365001,11771.599609,3.152300,51.784405,2.212000
2017-08-11,4.365001,11763.219727,3.173600,52.191555,2.189000
2017-08-14,4.541366,11856.059570,3.177700,52.318787,2.219000
2017-08-15,4.541366,11843.480469,3.187200,52.217003,2.266000
2017-08-16,4.541366,11868.860352,3.167600,52.887093,2.226000
2017-08-17,4.541366,11712.719727,3.151400,52.293339,2.199000
2017-08-18,4.541366,11699.830078,3.173300,52.284859,2.194000
2017-08-21,4.982274,11719.269531,3.177700,52.081284,2.180000
2017-08-22,4.894093,11805.290039,3.163000,52.395134,2.215000
2017-08-23,4.894093,11785.919922,3.160500,52.734425,2.171000
2017-08-24,4.894093,11773.799805,3.139300,52.971920,2.194000
2017-08-25,4.951411,11812.030273,3.146500,53.599609,2.169000
2017-08-28,4.947002,11800.219727,3.158700,53.167019,2.159000
2017-08-29,4.947002,11791.879883,3.165800,53.014336,2.136000
2017-08-30,4.850002,11805.070312,3.164200,53.277287,2.143000
2017-08-31,4.832365,11875.690430,3.158800,53.972839,2.121000
2017-09-01,4.907320,11918.080078,3.146000,54.261234,2.157000
2017-09-05,4.907320,11827.150391,3.139400,54.074627,2.070000
2017-09-06,4.907320,11872.919922,3.115800,54.515705,2.108000
2017-09-07,4.929366,11879.610352,3.097900,54.778660,2.061000
2017-09-08,5.135711,11887.980469,3.097600,54.905895,2.061000
2017-09-11,4.783865,12010.269531,3.177700,55.643845,2.125000
2017-09-12,5.136592,12057.120117,3.099700,55.949211,2.171000
2017-09-13,5.202730,12055.179688,3.121900,55.618393,2.195000
2017-09-14,5.202730,12062.620117,3.131600,55.609924,2.197000
2017-09-15,5.202730,12080.139648,3.118100,55.779568,2.202000
2017-09-18,5.202730,12111.450195,3.109700,55.906811,2.229000
2017-09-19,5.348229,12131.730469,3.134900,56.305454,2.243000
2017-09-20,5.255638,12147.500000,3.132800,56.636276,2.277000
2017-09-21,5.255638,12133.629883,3.130600,56.797440,2.278000
2017-09-22,5.180684,12151.799805,3.134500,56.814415,2.262000
2017-09-25,5.141002,12141.559570,3.123500,56.263050,2.220000
2017-09-26,5.141002,12127.919922,3.157300,56.093414,2.229000
2017-09-27,5.141002,12157.650391,3.163900,56.364838,2.309000
2017-09-28,5.171865,12179.309570,3.191900,56.788948,2.309000
2017-09-29,5.171865,12209.160156,3.180900,56.644764,2.326000
2017-10-02,5.171865,12264.660156,3.163400,56.941631,2.337000
2017-10-03,5.171865,12302.879883,3.152900,57.459057,2.334000
2017-10-04,5.317366,12304.669922,3.140800,57.764423,2.330000
2017-10-05,5.476093,12338.929688,3.133200,57.679600,2.350000
2017-10-06,5.546638,12317.690430,3.152400,57.747463,2.370000
2017-10-09,5.546638,12293.950195,3.155500,57.637192,2.361000
2017-10-10,5.595138,12346.589844,3.186800,58.358177,2.345000
2017-10-11,5.727411,12362.059570,3.177800,58.290321,2.345000
2017-10-12,5.762684,12338.740234,3.169700,58.315769,2.323000
2017-10-13,5.762684,12352.000000,3.169000,58.536308,2.280000
2017-10-16,5.864093,12359.519531,3.146200,58.722923,2.307000
2017-10-17,5.864093,12349.969727,3.170300,58.459961,2.298000
2017-10-18,5.467275,12371.019531,3.156100,58.459961,2.339000
2017-10-19,5.273274,12380.320312,3.170100,58.443005,2.321000
2017-10-20,5.273274,12430.519531,3.164900,58.536308,2.381000
2017-10-23,5.273274,12384.419922,3.190900,58.985867,2.376000
2017-10-24,5.273274,12404.990234,3.234400,59.231861,2.406000
2017-10-25,5.273274,12336.580078,3.242600,58.688988,2.444000
2017-10-26,5.273274,12352.429688,3.231200,58.748371,2.452000
2017-10-27,5.273274,12366.429688,3.286500,59.138557,2.428000
2017-10-30,5.379092,12319.469727,3.234800,58.875607,2.370000
2017-10-31,5.379092,12341.009766,3.287300,59.053745,2.376000
2017-11-01,5.379092,12362.879883,3.269600,59.605080,2.376000
2017-11-02,5.379092,12372.959961,3.266200,59.800167,2.347000
2017-11-03,5.361456,12373.059570,3.264600,59.732311,2.343000
2017-11-06,5.511366,12400.929688,3.292600,59.435432,2.320000
2017-11-07,5.511366,12371.250000,3.247900,59.197941,2.307000
2017-11-08,5.511366,12384.719727,3.270100,59.766247,2.325000
2017-11-09,5.524592,12339.660156,3.251300,59.689919,2.331000
2017-11-10,5.493729,12322.599609,3.248700,59.333641,2.400000
2017-11-13,5.493729,12316.820312,3.276400,58.892563,2.400000
2017-11-14,5.158638,12280.110352,3.275900,58.985867,2.381000
2017-11-15,5.158638,12220.339844,3.311900,58.705959,2.335000
2017-11-17,5.158638,12302.889648,3.270600,59.647491,2.354000
2017-11-20,5.158638,12320.769531,3.254500,59.452381,2.372000
2017-11-21,5.352638,12385.889648,3.254000,60.088566,2.363000
2017-11-22,5.352638,12390.820312,3.257300,59.961338,2.322000
2017-11-24,5.074865,12421.929688,3.220300,60.071602,2.340000
2017-11-27,5.074865,12390.780273,3.232900,59.469368,2.328000
2017-11-28,5.114548,12520.230469,3.226400,59.605080,2.338000
2017-11-29,5.114548,12561.320312,3.209700,59.130074,2.376000
2017-11-30,4.431138,12627.799805,3.244800,59.376057,2.417000
2017-12-01,4.431138,12614.559570,3.271200,58.943462,2.362000
2017-12-04,4.431138,12634.889648,3.257400,58.570232,2.379000
2017-12-05,4.431138,12567.160156,3.242600,58.663548,2.356000
2017-12-06,4.431138,12532.429688,3.240300,58.375145,2.330000
2017-12-07,4.431138,12568.980469,3.234300,58.612648,2.376000
2017-12-08,4.431138,12643.059570,3.287200,58.655060,2.383000
2017-12-11,4.431138,12668.219727,3.287800,58.765335,2.385000
2017-12-12,4.431138,12697.780273,3.303300,58.790779,2.403000
2017-12-13,4.431138,12699.480469,3.303100,58.799267,2.349000
2017-12-14,4.501684,12629.070312,3.308600,59.138557,2.346000
2017-12-15,4.501684,12699.679688,3.340400,59.359089,2.355000
2017-12-18,4.501684,12785.820312,3.292000,60.461803,2.392000
2017-12-19,5.070456,12747.540039,3.290500,59.927414,2.463000
2017-12-20,5.745048,12747.549805,3.288500,59.969814,2.497000
2017-12-21,5.842047,12800.209961,3.296500,60.104980,2.481000
2017-12-22,5.753866,12797.440430,3.306800,59.815945,2.485000
2017-12-26,5.793548,12808.900391,3.335500,59.892452,2.467000
2017-12-27,5.881730,12821.990234,3.309700,60.104980,2.414000
2017-12-28,5.811184,12853.089844,3.313300,60.190006,2.432000
2017-12-29,5.290911,12808.839844,3.311100,60.470551,2.405000
2018-01-02,5.767093,12902.719727,3.311000,61.363194,2.465000
2018-01-03,5.718593,12957.280273,3.257800,61.609741,2.447000
2018-01-04,5.727411,13028.459961,3.235500,61.541733,2.453000
2018-01-05,5.555456,13103.230469,3.233100,61.898792,2.476000
2018-01-08,5.224774,13114.349609,3.226600,62.213341,2.480000
2018-01-09,5.740639,13120.839844,3.239000,62.187832,2.546000
2018-01-10,5.379092,13106.599609,3.246800,61.907295,2.550000
2018-01-11,5.546638,13210.769531,3.226400,62.315353,2.531000
2018-01-12,5.806775,13294.320312,3.214200,63.199490,2.552000
2018-01-16,5.731820,13246.860352,3.213200,63.012466,2.544000
2018-01-17,5.886139,13352.389648,3.222700,63.369537,2.578000
2018-01-18,5.877320,13315.910156,3.222200,63.803112,2.611000
2018-01-19,5.886139,13384.459961,3.205100,64.559738,2.637000
2018-01-22,6.058093,13470.370117,3.194700,64.967796,2.665000
2018-01-23,5.947865,13474.110352,3.200700,64.789268,2.624000
2018-01-24,5.965502,13507.660156,3.235500,65.350357,2.654000
2018-01-25,6.014002,13512.660156,3.145100,65.035820,2.621000
2018-01-26,6.027229,13637.019531,3.146900,65.579910,2.662000
2018-01-29,6.027229,13524.650391,3.151000,65.894463,2.699000
2018-01-30,5.952275,13375.509766,3.153600,65.256859,2.726000
2018-01-31,5.925819,13367.959961,3.179500,65.120819,2.720000
2018-02-01,5.947865,13381.969727,3.184700,65.520386,2.773000
2018-02-02,5.842047,13085.349609,3.163700,64.432220,2.854000
2018-02-05,5.753866,12572.929688,3.215400,62.119839,2.794000
2018-02-06,5.709774,12745.450195,3.261100,63.250511,2.768000
2018-02-07,5.731820,12687.179688,3.233400,62.850952,2.844000
2018-02-08,5.335002,12270.650391,3.269900,60.360039,2.851000
2018-02-09,5.379092,12405.820312,3.284600,61.074139,2.829000
2018-02-12,5.445230,12560.120117,3.290800,61.949799,2.857000
2018-02-13,5.454047,12574.370117,3.294000,62.374866,2.840000
2018-02-14,5.608366,12746.719727,3.294200,64.049652,2.913000
2018-02-15,5.630411,12856.870117,3.216200,64.381210,2.891000
2018-02-16,6.106594,12874.360352,3.226400,65.086807,2.877000
2018-02-20,6.221230,12763.339844,3.233100,64.933792,2.893000
2018-02-21,6.419639,12695.530273,3.254300,65.069824,2.943000
2018-02-22,6.481366,12711.750000,3.267600,64.848785,2.917000
2018-02-23,6.212411,12884.110352,3.248700,65.562897,2.871000
2018-02-26,5.991957,12999.620117,3.237200,66.200508,2.859000
2018-02-27,5.837639,12819.219727,3.222500,65.443871,2.908000
2018-02-28,5.808538,12652.549805,3.248500,64.432220,2.868000
2018-03-01,5.767093,12518.730469,3.244800,63.633068,2.804000
2018-03-02,5.767093,12557.990234,3.250000,64.151657,2.857000
2018-03-05,5.767093,12680.730469,3.249600,63.743599,2.881000
2018-03-06,5.886139,12720.769531,3.241000,64.899796,2.877000
2018-03-07,5.868502,12707.009766,3.208000,64.899796,2.883000
2018-03-08,6.216821,12745.009766,3.242900,65.605408,2.866000
2018-03-09,6.216821,12918.820312,3.266100,66.302528,2.894000
2018-03-12,6.005184,12898.400391,3.256100,66.311005,2.870000
2018-03-13,6.005184,12831.750000,3.260300,65.962463,2.848000
2018-03-14,6.441684,12762.669922,3.258700,66.302528,2.817000
2018-03-15,6.291775,12743.610352,3.258500,66.251503,2.826000
2018-03-16,7.760004,12784.389648,3.282100,66.804108,2.848000
2018-03-19,8.231775,12651.459961,3.280100,66.311005,2.845000
2018-03-20,7.901093,12663.639648,3.284100,66.379028,2.879000
2018-03-21,8.487503,12683.759766,3.308700,67.135666,2.907000
2018-03-22,8.500731,12377.389648,3.272700,65.979462,2.832000
2018-03-23,9.060685,12177.700195,3.314100,64.993294,2.830000
2018-03-26,9.091548,12433.150391,3.314500,66.260025,2.843000
2018-03-27,8.804956,12302.540039,3.310300,65.554405,2.786000
2018-03-28,8.804956,12308.900391,3.322900,65.834953,2.775000
2018-03-29,8.778502,12452.059570,3.319300,66.608566,2.741000
2018-04-02,9.175321,12216.709961,3.302000,65.392868,2.732000
2018-04-03,9.206184,12367.070312,3.309400,66.523560,2.784000
2018-04-04,9.329640,12466.450195,3.339400,67.220665,2.788000
2018-04-05,9.779368,12571.940430,3.327700,67.883797,2.832000
2018-04-06,9.894004,12349.110352,3.341600,67.798782,2.775000
2018-04-09,9.175321,12380.549805,3.367500,67.671242,2.786000
2018-04-10,9.391366,12565.969727,3.421000,68.181328,2.797000
2018-04-11,9.276731,12514.589844,3.407300,67.917793,2.790000
2018-04-12,9.281138,12580.219727,3.373100,68.223839,2.834000
2018-04-13,9.281138,12546.049805,3.411000,68.487396,2.829000
2018-04-16,9.281138,12628.209961,3.424300,69.014473,2.832000
2018-04-17,9.766139,12705.759766,3.416100,69.839104,2.814000
2018-04-18,9.779368,12732.849609,3.405800,70.289680,2.867000
2018-04-19,9.929277,12671.480469,3.377100,69.983635,2.914000
2018-04-20,9.929277,12607.160156,3.382700,69.592560,2.951000
2018-04-23,9.929277,12610.769531,3.413700,69.337524,2.973000
2018-04-24,9.558912,12514.000000,3.448900,69.218498,2.983000
2018-04-25,9.929277,12517.860352,3.471500,69.193001,3.024000
2018-04-26,10.277594,12582.900391,3.480900,68.937958,2.990000
2018-04-27,10.277594,12594.019531,3.474200,68.895447,2.957000
2018-04-30,10.295230,12515.360352,3.458100,68.308846,2.936000
2018-05-01,10.207048,12493.019531,3.505800,68.070816,2.976000
2018-05-02,10.670004,12418.059570,3.506100,68.436386,2.964000
2018-05-03,10.361367,12392.500000,3.549600,68.266373,2.946000
2018-05-04,10.356958,12493.349609,3.526600,68.300346,2.944000
2018-05-07,9.726458,12519.750000,3.525500,68.555382,2.950000
2018-05-08,9.876368,12520.240234,3.549200,68.495888,2.969000
2018-05-09,10.498048,12632.490234,3.561900,69.099487,3.004000
2018-05-10,10.467186,12731.639648,3.590300,69.507561,2.971000
2018-05-11,10.718504,12761.820312,3.549500,69.431038,2.971000
2018-05-14,10.894866,12772.030273,3.602900,69.218498,2.995000
2018-05-15,11.040368,12704.629883,3.621600,69.431038,3.080000
2018-05-16,10.656776,12743.799805,3.648700,69.898621,3.095000
2018-05-17,10.608275,12747.830078,3.674400,69.677574,3.109000
2018-05-18,10.771412,12717.419922,3.695100,69.864616,3.067000
2018-05-21,11.199095,12804.009766,3.738400,70.366203,3.065000
2018-05-22,10.440731,12766.650391,3.675700,70.017639,3.065000
2018-05-23,10.370187,12743.400391,3.646000,69.533058,3.003000
2018-05-24,10.996277,12696.690430,3.625600,69.669075,2.981000
2018-05-25,10.597255,12634.940430,3.648100,69.354530,2.931000
2018-05-29,10.246731,12442.690430,3.734200,68.359886,2.768000
2018-05-30,10.013050,12625.870117,3.724100,69.575562,2.842000
2018-05-31,10.004231,12527.139648,3.722100,68.844444,2.822000
2018-06-01,10.513041,12620.830078,3.722000,69.669075,2.895000
2018-06-04,10.758184,12673.910156,3.761600,70.298187,2.937000
2018-06-05,10.996277,12658.700195,3.744500,70.187653,2.919000
2018-06-06,11.750232,12778.230469,3.804300,71.207832,2.975000
2018-06-07,11.186749,12788.500000,3.843400,70.782784,2.933000
2018-06-08,10.586231,12832.070312,3.900700,70.799767,2.937000
2018-06-11,10.361367,12856.959961,3.704900,70.349174,2.957000
2018-06-12,10.872824,12844.709961,3.708800,70.332207,2.957000
2018-06-13,10.978640,12785.450195,3.715000,69.337524,2.977000
2018-06-14,11.022732,12771.950195,3.718800,68.725418,2.946000
2018-06-15,11.283750,12734.639648,3.804000,68.444878,2.924000
2018-06-18,10.850778,12708.629883,3.728700,68.266373,2.926000
2018-06-19,10.361367,12638.980469,3.746200,67.261673,2.893000
2018-06-20,10.140912,12648.740234,3.745000,66.626244,2.928000
2018-06-21,10.229095,12560.230469,3.769100,65.922104,2.897000
2018-06-22,10.162959,12639.570312,3.765100,66.308525,2.900000
2018-06-25,10.149731,12481.599609,3.786300,65.930695,2.875000
2018-06-26,10.140912,12510.549805,3.775100,66.703506,2.880000
2018-06-27,10.185003,12412.070312,3.795800,66.145370,2.827000
2018-06-28,10.061548,12475.980469,3.860100,66.523201,2.847000
2018-06-29,10.140912,12504.250000,3.859500,67.081345,2.849000
2018-07-02,10.162959,12485.580078,3.875600,66.411552,2.866000
2018-07-03,10.277594,12494.700195,3.912600,66.935364,2.838000
2018-07-05,10.280240,12585.209961,3.911000,66.978294,2.840000
2018-07-06,10.484822,12664.879883,3.931300,67.502113,2.831000
2018-07-09,9.955730,12776.919922,3.865900,68.051666,2.860000
2018-07-10,10.052730,12814.639648,3.871300,68.043083,2.873000
2018-07-11,10.052730,12681.589844,3.815100,66.780800,2.842000
2018-07-12,10.189412,12761.459961,3.876100,66.858086,2.853000
2018-07-13,10.185003,12769.500000,3.880700,66.969719,2.831000
2018-07-16,10.185003,12748.780273,3.849400,67.227325,2.858000
2018-07-17,10.052730,12779.219727,3.856000,67.725365,2.864000
2018-07-18,9.722049,12823.230469,3.835900,66.617645,2.875000
2018-07-19,9.854321,12786.480469,3.849200,66.231247,2.847000
2018-07-20,9.382550,12789.910156,3.828500,64.410805,2.895000
2018-07-23,9.580957,12794.049805,3.770800,63.861248,2.965000
2018-07-24,9.713232,12847.490234,3.780400,64.539612,2.949000
2018-07-25,10.224685,12933.629883,3.746100,65.080582,2.936000
2018-07-26,10.043912,12953.389648,3.686400,65.097755,2.975000
2018-07-27,10.136504,12921.339844,3.744300,64.788628,2.960000
2018-07-30,10.449549,12903.429688,3.711100,64.677002,2.975000
2018-07-31,10.458366,12963.280273,3.728100,64.900253,2.964000
2018-08-01,10.229095,12902.389648,3.753000,64.848740,3.003000
2018-08-02,10.383412,12898.070312,3.747000,64.908844,2.986000
2018-08-03,10.185003,12953.339844,3.748400,64.968956,2.953000
2018-08-06,10.215867,12964.269531,3.702300,64.951767,2.938000
2018-08-07,9.964548,12999.589844,3.734500,64.754280,2.973000
2018-08-08,10.242322,12987.910156,3.750500,65.192207,2.971000
2018-08-09,10.295230,12956.660156,3.770100,65.089165,2.935000
2018-08-10,10.427503,12843.490234,3.799600,64.479500,2.857000
2018-08-13,10.709686,12763.660156,3.865400,64.075920,2.877000
2018-08-14,10.603868,12835.309570,3.882000,64.625465,2.895000
2018-08-15,9.986594,12723.089844,3.864400,63.972862,2.852000
2018-08-16,9.803176,12841.280273,3.900600,65.046234,2.871000
2018-08-17,10.079186,12908.259766,3.903900,65.767532,2.873000
2018-08-20,10.118866,12965.099609,3.909800,66.299934,2.823000
2018-08-21,10.246731,12996.759766,3.966000,66.411552,2.844000
2018-08-22,10.515686,12990.509766,4.048500,66.334274,2.823000
2018-08-23,10.815505,12933.459961,4.036900,65.982201,2.821000
2018-08-24,11.000687,12999.440430,4.112300,66.471680,2.826000
2018-08-27,10.696458,13102.030273,4.102800,67.304596,2.848000
2018-08-28,10.714095,13084.799805,4.077500,67.751129,2.884000
2018-08-29,10.498048,13132.160156,4.133900,67.596565,2.884000
2018-08-30,10.295230,13039.929688,4.105500,67.158615,2.860000
2018-08-31,10.326096,13016.889648,4.148600,67.107101,2.853000
2018-09-04,10.652367,12969.860352,4.154800,66.256996,2.902000
2018-09-05,11.644413,12968.549805,4.153700,66.772209,2.902000
2018-09-06,11.675278,12938.910156,4.143100,66.772209,2.879000
2018-09-07,12.067686,12911.120117,4.057300,66.523201,2.942000
2018-09-10,11.393095,12928.669922,4.043800,66.540375,2.937000
2018-09-11,11.009504,12952.299805,4.084600,66.600464,2.977000
2018-09-12,10.908094,12990.099609,4.151600,66.763626,2.963000
2018-09-13,10.872824,13034.610352,4.159800,66.995476,2.963000
2018-09-14,10.864004,13050.519531,4.205000,66.669174,2.994000
2018-09-17,10.947777,13031.910156,4.172000,66.832329,3.001000
2018-09-18,10.462776,13091.980469,4.132100,66.334274,3.048000
2018-09-19,10.295230,13121.969727,4.158400,65.836227,3.083000
2018-09-20,10.383412,13225.110352,4.130300,66.231247,3.078000
2018-09-21,10.304050,13236.440430,4.076000,66.111023,3.068000
2018-09-24,10.140912,13162.049805,4.050000,65.853409,3.078000
2018-09-25,10.431911,13160.599609,4.091300,65.518532,3.102000
2018-09-26,10.317276,13101.959961,4.073600,65.965050,3.061000
2018-09-27,10.453959,13105.719727,4.030800,65.578621,3.056000
2018-09-28,10.405459,13082.519531,4.012000,64.642647,3.056000
2018-10-01,10.489232,13125.349609,4.052700,64.582527,3.080000
2018-10-02,10.489232,13106.009766,4.016400,64.247643,3.056000
2018-10-03,9.920458,13118.549805,3.939500,63.002525,3.161000
2018-10-04,9.479550,13042.299805,3.900400,62.238297,3.197000
2018-10-05,9.580957,12991.950195,3.873900,62.272663,3.225000
2018-10-08,9.391366,13000.139648,3.835800,62.315578,3.233000
2018-10-09,9.766139,12960.450195,3.777200,61.079056,3.208000
2018-10-10,9.920458,12622.129883,3.714800,58.975269,3.225000
2018-10-11,9.885185,12349.530273,3.754800,58.082203,3.133000
2018-10-12,10.026278,12439.419922,3.781500,58.202419,3.141000
2018-10-15,9.827867,12425.679688,3.781600,58.022102,3.163000
2018-10-16,9.640922,12645.950195,3.733900,58.846451,3.156000
2018-10-17,9.603003,12613.049805,3.723600,57.790249,3.179000
2018-10-18,9.395777,12445.480469,3.686200,57.240700,3.175000
2018-10-19,9.580957,12457.269531,3.720300,57.798836,3.198000
2018-10-22,9.832275,12374.759766,3.710900,57.077545,3.196000
2018-10-23,9.867549,12287.440430,3.682300,56.957310,3.166000
2018-10-24,9.867549,11969.740234,3.692400,55.746559,3.124000
2018-10-25,10.088003,12118.849609,3.731100,57.189167,3.136000
2018-10-26,9.558912,11976.950195,3.704900,56.261772,3.077000
2018-10-29,9.012185,11942.509766,3.641600,55.737972,3.087000
2018-10-30,8.716777,12129.940430,3.715800,56.416336,3.110000
2018-10-31,8.897549,12208.059570,3.694600,56.734062,3.159000
2018-11-01,8.862276,12356.500000,3.720700,57.738728,3.144000
2018-11-02,9.523640,12321.799805,3.694900,58.417107,3.214000
2018-11-05,9.070384,12424.309570,3.700000,57.884716,3.201000
2018-11-06,8.730002,12480.059570,3.724600,57.438183,3.214000
2018-11-07,8.659456,12679.099609,3.759900,57.635693,3.213000
2018-11-08,8.421367,12622.040039,3.730400,57.438183,3.234000
2018-11-09,8.139184,12537.530273,3.759200,56.175907,3.189000
2018-11-12,8.042184,12343.509766,3.729400,55.660694,3.186000
2018-11-13,8.450027,12328.299805,3.766400,55.188408,3.145000
2018-11-14,8.796140,12275.490234,3.801400,55.858185,3.120000
2018-11-15,9.528049,12361.519531,3.782400,55.755146,3.118000
2018-11-16,9.043049,12400.280273,3.782400,56.124382,3.074000
2018-11-19,8.752049,12280.910156,3.742500,55.506107,3.057000
2018-11-20,8.835822,12048.660156,3.754400,54.673187,3.048000
2018-11-21,8.884320,12123.339844,3.755700,55.188408,3.061000
2018-11-23,8.553639,12036.240234,3.803100,54.621670,3.054000
2018-11-26,8.553639,12181.599609,3.673000,54.681774,3.072000
2018-11-27,8.553639,12188.070312,3.939700,53.831661,3.055000
2018-11-28,8.297911,12417.629883,3.873500,54.166553,3.044000
2018-11-29,8.668276,12389.370117,3.849200,54.698948,3.035000
2018-11-30,9.346394,12457.549805,3.851000,54.518620,3.013000
2018-12-03,9.603003,12577.540039,3.865200,55.317207,2.992000
2018-12-04,9.034230,12221.980469,3.840800,53.522526,2.924000
2018-12-06,9.567731,12144.410156,3.867400,54.123619,2.876000
2018-12-07,8.699140,11941.929688,3.877800,52.492088,2.850000
2018-12-10,8.443412,11889.290039,3.905800,51.830906,2.856000
2018-12-11,8.192093,11860.650391,3.916700,51.659164,2.879000
2018-12-12,8.319959,11943.290039,3.902600,52.011227,2.906000
2018-12-13,8.469866,11936.160156,3.854100,51.616226,2.911000
2018-12-14,8.394913,11755.379883,3.890700,51.015141,2.891000
2018-12-17,8.258231,11532.120117,3.915500,49.976124,2.857000
2018-12-18,8.544821,11502.160156,3.897600,50.595272,2.825000
2018-12-19,8.346413,11371.839844,3.910900,50.177280,2.778000
2018-12-20,8.399320,11222.790039,3.896200,49.428360,2.789000
2018-12-21,9.700004,11036.839844,3.838900,48.740414,2.792000
2018-12-24,10.140912,10769.830078,3.843400,48.104706,2.749000
2018-12-26,9.391366,11204.089844,3.902800,49.602528,2.797000
2018-12-27,8.531593,11285.309570,3.920600,48.975536,2.743000
2018-12-28,8.553639,11290.950195,3.871500,49.585117,2.736000
2018-12-31,8.730002,11374.389648,3.874200,49.750572,2.686000
2019-01-02,9.082732,11383.530273,3.879900,49.898613,2.661000
2019-01-03,9.148868,11190.440430,3.786300,49.680908,2.554000
2019-01-04,8.879911,11533.339844,3.755100,51.422565,2.659000
2019-01-07,8.399320,11605.959961,3.661200,51.744778,2.682000
2019-01-08,8.575684,11716.230469,3.734100,52.232445,2.716000
2019-01-09,9.241456,11778.419922,3.712400,53.199062,2.728000
2019-01-10,9.259093,11839.309570,3.680000,54.261478,2.731000
2019-01-11,9.184140,11848.009766,3.707900,53.956688,2.701000
2019-01-14,9.303185,11799.110352,3.659600,53.669312,2.710000
2019-01-15,10.105640,11868.679688,3.697500,54.096016,2.711000
2019-01-16,10.387823,11907.610352,3.716400,54.644646,2.731000
2019-01-17,10.132094,11994.540039,3.734300,54.783970,2.749000
2019-01-18,10.405459,12151.769531,3.748900,55.315186,2.784000
2019-01-22,10.334914,11999.370117,3.751400,54.801392,2.730000
2019-01-23,10.947777,12020.929688,3.812000,54.731724,2.755000
2019-01-24,11.697323,12029.450195,3.762300,55.733185,2.712000
2019-01-25,11.256413,12127.250000,3.769800,57.117805,2.753000
2019-01-28,11.551822,12065.110352,3.769600,56.534348,2.744000
2019-01-29,11.397505,12090.780273,3.759600,57.109093,2.712000
2019-01-30,11.225550,12222.389648,3.718500,57.736095,2.695000
2019-01-31,10.996277,12299.030273,3.681400,57.405170,2.635000
2019-02-01,11.137367,12329.690430,3.642800,57.753521,2.691000
2019-02-04,11.216732,12381.830078,3.657300,57.466133,2.724000
2019-02-05,11.419549,12428.259766,3.667000,58.258606,2.702000
2019-02-06,11.371050,12398.669922,3.668300,57.945095,2.702000
2019-02-07,11.516550,12295.219727,3.694700,56.638847,2.652000
2019-02-08,11.313732,12292.139648,3.714900,55.715759,2.632000
2019-02-11,10.775823,12297.900391,3.728600,55.541592,2.661000
2019-02-12,10.740550,12438.440430,3.755200,55.837677,2.684000
2019-02-13,10.916913,12474.889648,3.708000,55.950893,2.708000
2019-02-14,10.581821,12440.219727,3.753200,55.489346,2.657000
2019-02-15,10.661185,12603.469727,3.722000,56.072800,2.666000
2019-02-19,10.938959,12628.360352,3.731700,56.386303,2.647000
2019-02-20,10.947777,12673.660156,3.722000,56.734638,2.654000
2019-02-21,11.062415,12621.769531,3.724000,56.159885,2.688000
2019-02-22,11.088868,12694.519531,3.766500,56.508221,2.655000
2019-02-25,11.291685,12700.190430,3.746300,57.022018,2.673000
2019-02-26,11.785504,12686.559570,3.750400,57.039425,2.636000
2019-02-27,11.600322,12689.870117,3.747100,56.595303,2.693000
2019-02-28,11.225550,12644.809570,3.727300,55.463219,2.711000
2019-03-01,11.287277,12700.669922,3.747500,56.072800,2.755000
2019-03-04,11.229959,12637.269531,3.721400,55.950893,2.722000
2019-03-05,11.265231,12624.469727,3.774100,55.811558,2.722000
2019-03-06,11.027141,12538.000000,3.774400,55.245518,2.692000
2019-03-07,10.978640,12443.429688,3.836800,54.322433,2.636000
2019-03-08,10.771412,12415.129883,3.869300,54.574974,2.625000
2019-03-11,10.899276,12561.259766,3.813400,55.977016,2.643000
2019-03-12,10.700869,12582.809570,3.837300,55.968311,2.605000
2019-03-13,10.731731,12674.259766,3.811600,56.037979,2.611000
2019-03-14,10.573004,12660.160156,3.813300,55.646099,2.630000
2019-03-15,10.890459,12715.769531,3.840500,55.384850,2.593000
2019-03-18,10.969821,12781.410156,3.813000,55.855091,2.602000
2019-03-19,10.515686,12760.790039,3.790000,56.290508,2.614000
2019-03-20,10.401050,12700.250000,3.787700,55.785435,2.535000
2019-03-21,10.489232,12782.540039,3.774200,56.125046,2.537000
2019-03-22,10.229095,12539.410156,3.791000,54.479187,2.455000
2019-03-25,10.608275,12535.679688,3.906000,54.061192,2.420000
2019-03-26,10.639141,12641.360352,3.853600,54.156975,2.414000
2019-03-27,10.612686,12591.719727,3.875000,54.435646,2.374000
2019-03-28,10.251140,12632.580078,3.988200,55.088764,2.389000
2019-03-29,10.445139,12696.879883,3.897700,55.315186,2.414000
2019-04-01,10.819914,12836.030273,3.922500,56.682381,2.497000
2019-04-02,10.943366,12819.049805,3.848500,56.839134,2.481000
2019-04-03,10.714095,12833.599609,3.852300,57.518387,2.517000
2019-04-04,10.370187,12868.740234,3.868300,57.048138,2.512000
2019-04-05,10.370187,12927.719727,3.855900,57.718681,2.501000
2019-04-08,10.414277,12943.339844,3.874000,57.448719,2.519000
2019-04-09,10.171776,12849.709961,3.848200,56.647552,2.499000
2019-04-10,9.986594,12887.360352,3.848000,56.612720,2.477000
2019-04-11,9.876368,12887.120117,3.824000,56.778172,2.504000
2019-04-12,9.567731,12969.540039,3.855800,57.344219,2.560000
2019-04-15,9.616231,12956.679688,3.880300,56.917515,2.553000
2019-04-16,9.364912,12952.240234,3.870400,56.072800,2.592000
2019-04-17,9.254686,12907.110352,3.903800,55.724476,2.592000
2019-04-18,9.184140,12922.709961,3.936700,55.663513,2.560000
2019-04-22,9.201972,12914.280273,3.934500,55.027809,2.590000
2019-04-23,9.282223,12993.849609,3.934100,55.341301,2.570000
2019-04-24,9.242098,12951.629883,3.918300,55.036522,2.522000
2019-04-25,9.652263,12912.959961,3.989600,55.724476,2.534000
2019-04-26,9.745889,12991.200195,3.952700,56.116356,2.505000
2019-04-29,9.621055,13008.059570,3.929200,56.064091,2.536000
2019-04-30,9.201972,13060.650391,3.944300,55.863808,2.509000
2019-05-01,9.152932,12946.129883,3.916900,55.384850,2.511000
2019-05-02,9.411514,12929.559570,3.919300,55.532890,2.552000
2019-05-03,9.300056,13037.879883,3.966200,56.168602,2.531000
2019-05-06,9.331264,12976.669922,3.936600,55.733185,2.500000
2019-05-07,9.193056,12778.500000,3.968200,54.130844,2.448000
2019-05-08,9.308972,12766.690430,3.968700,53.590939,2.482000
2019-05-09,9.808304,12731.349609,3.926300,53.538685,2.457000
2019-05-10,9.130639,12788.139648,3.945400,53.712856,2.455000
2019-05-13,8.435142,12526.709961,3.959700,51.709938,2.405000
2019-05-14,8.341516,12620.000000,3.990500,52.136646,2.419000
2019-05-15,8.221143,12652.290039,3.975100,51.640278,2.379000
2019-05-16,8.056184,12738.360352,3.999900,51.614159,2.405000
2019-05-17,8.158726,12657.629883,4.046200,51.204857,2.393000
2019-05-20,7.949185,12616.799805,4.097400,50.238239,2.416000
2019-05-21,8.167644,12720.719727,4.094900,50.612694,2.426000
2019-05-23,8.065101,12525.000000,4.036800,49.219372,2.296000
2019-05-24,7.552395,12581.360352,4.038700,49.332581,2.324000
2019-05-28,7.753018,12465.900391,4.042100,48.740414,2.268000
2019-05-29,7.516728,12386.209961,4.023600,48.226620,2.236000
2019-05-30,7.440937,12393.660156,3.973400,48.069874,2.227000
2019-05-31,7.253687,12264.490234,3.980000,47.895710,2.142000
2019-06-03,7.124396,12341.820312,3.924200,48.226620,2.081000
2019-06-04,7.070896,12560.580078,3.884100,49.262909,2.119000
2019-06-05,6.972813,12614.700195,3.853600,49.367405,2.123000
2019-06-06,6.834605,12675.660156,3.879400,49.315163,2.124000
2019-06-07,6.986188,12765.860352,3.878400,49.767994,2.084000
2019-06-10,7.075355,12802.030273,3.876500,49.828953,2.143000
2019-06-11,7.133312,12813.910156,3.884500,50.682362,2.140000
2019-06-12,6.865813,12784.830078,3.855100,50.978443,2.127000
2019-06-13,7.382978,12827.509766,3.865900,51.797024,2.091000
2019-06-14,7.347311,12787.240234,3.848200,51.675114,2.093000
2019-06-17,7.472144,12775.519531,3.894500,51.409714,2.086000
2019-06-18,7.637102,12907.459961,3.887000,52.244064,2.060000
2019-06-19,7.641561,12954.080078,3.859500,52.599098,2.029000
2019-06-20,7.570228,13081.540039,3.835400,52.847626,2.001000
2019-06-21,7.721811,13047.240234,3.837700,52.803246,2.068000
2019-06-24,8.038353,13019.980469,3.820500,52.013290,2.021000
2019-06-25,7.730727,12936.650391,3.825600,52.403831,1.994000
2019-06-26,7.730727,12912.009766,3.845500,52.386086,2.049000
2019-06-27,7.770853,12965.320312,3.842900,52.625736,2.005000
2019-06-28,7.592520,13049.709961,3.816000,53.220421,2.000000
2019-07-01,7.347311,13127.690430,3.849500,53.619843,2.034000
2019-07-02,7.155603,13152.549805,3.839600,53.806236,1.976000
2019-07-03,7.102104,13239.870117,3.843900,54.134644,1.953000
2019-07-05,7.668312,13210.910156,3.800800,54.108017,2.048000
2019-07-08,7.579144,13147.219727,3.819100,53.513329,2.034000
2019-07-09,7.498894,13136.889648,3.799100,52.261818,2.054000
2019-07-10,7.489978,13173.259766,3.799000,52.448212,2.061000
2019-07-11,7.400812,13198.719727,3.750300,51.986660,2.120000
2019-07-12,7.610352,13234.759766,3.754800,52.235184,2.106000
2019-07-15,7.819894,13233.389648,3.734400,51.889019,2.092000
2019-07-16,7.935809,13195.190430,3.753700,51.897900,2.122000
2019-07-17,8.181018,13119.969727,3.767200,51.391964,2.061000
2019-07-18,8.167644,13168.700195,3.761800,51.285446,2.038000
2019-07-19,7.842185,13111.990234,3.717400,51.232193,2.048000
2019-07-22,7.766394,13109.769531,3.745900,51.001419,2.043000
2019-07-23,7.547936,13197.519531,3.739800,52.013290,2.074000
2019-07-24,7.547936,13234.929688,3.772400,52.607983,2.050000
2019-07-25,7.423103,13169.290039,3.771300,52.039909,2.074000
2019-07-26,7.325020,13235.500000,3.775200,52.394951,2.081000
2019-07-29,7.235854,13222.610352,3.773500,51.977787,2.055000
2019-07-30,7.307187,13187.209961,3.780100,51.729256,2.061000
2019-07-31,7.106562,13066.599609,3.789300,51.045803,2.021000
2019-08-01,7.017396,12920.820312,3.811700,49.900799,1.894000
2019-08-02,6.919313,12839.509766,3.837300,49.084213,1.855000
2019-08-05,6.727605,12497.309570,3.883900,48.125607,1.735000
2019-08-06,6.816772,12628.139648,3.973100,47.797180,1.739000
2019-08-07,6.861355,12632.959961,3.958700,47.806072,1.684000
2019-08-08,7.057521,12828.820312,3.967400,48.205490,1.716000
2019-08-09,6.825688,12748.419922,3.917600,47.593048,1.734000
2019-08-12,6.856897,12586.240234,3.940200,47.717312,1.639000
2019-08-13,7.302728,12724.360352,3.983900,48.454014,1.680000
2019-08-14,7.021855,12368.049805,3.962400,47.024982,1.581000
2019-08-15,7.093187,12409.540039,4.050300,47.122612,1.529000
2019-08-16,7.115479,12580.410156,3.990100,48.240990,1.539000
2019-08-19,6.972813,12687.910156,4.004600,48.249870,1.598000
2019-08-20,6.816772,12599.410156,4.073200,48.063469,1.561000
2019-08-21,6.776646,12697.009766,4.051700,48.480648,1.577000
2019-08-22,6.419981,12688.459961,4.024000,48.294243,1.610000
2019-08-23,6.032107,12416.450195,4.068000,47.282383,1.528000
2019-08-26,6.027649,12519.620117,4.126200,47.530910,1.545000
2019-08-27,6.058857,12474.049805,4.151500,47.388901,1.490000
2019-08-28,6.090065,12559.230469,4.122800,47.814938,1.466000
2019-08-29,6.214898,12704.030273,4.167700,48.738041,1.516000
2019-08-30,6.268398,12736.879883,4.168100,49.332748,1.506000
2019-09-03,6.049941,12663.400391,4.184400,48.622662,1.466000
2019-09-04,6.210440,12796.320312,4.165100,49.279480,1.459000
2019-09-05,6.419981,12917.759766,4.093200,50.051693,1.565000
2019-09-06,6.482398,12933.379883,4.106000,50.486622,1.550000
2019-09-09,6.834605,12960.719727,4.061300,50.797272,1.622000
2019-09-10,6.825688,12993.959961,4.093400,51.738129,1.702000
2019-09-11,6.803397,13082.410156,4.079500,52.838753,1.733000
2019-09-12,7.146688,13116.049805,4.064200,52.732243,1.791000
2019-09-13,7.249229,13124.339844,4.058900,53.255920,1.903000
2019-09-16,7.427561,13107.980469,4.085500,53.202663,1.841000
2019-09-17,7.436478,13131.410156,4.079300,52.812130,1.812000
2019-09-18,7.307187,13119.309570,4.076000,52.732243,1.786000
2019-09-19,7.075355,13111.250000,4.107300,52.270683,1.774000
2019-09-20,6.776646,13093.799805,4.166600,51.826889,1.755000
2019-09-23,7.044146,13085.330078,4.148300,51.711506,1.708000
2019-09-24,6.937146,12992.259766,4.161500,51.409714,1.635000
2019-09-25,7.142229,13037.610352,4.161700,51.889019,1.732000
2019-09-26,7.097646,13028.740234,4.147100,51.738129,1.685000
2019-09-27,7.186813,12971.980469,4.169200,51.880146,1.675000
2019-09-30,7.195729,13004.740234,4.157100,52.048794,1.675000
2019-10-01,7.115479,12835.349609,4.154800,51.471844,1.644000
2019-10-02,6.999562,12608.429688,4.154600,50.655262,1.596000
2019-10-03,6.999562,12685.769531,4.124400,50.699642,1.536000
2019-10-04,7.168979,12831.549805,4.082900,51.134560,1.515000
2019-10-07,6.946063,12777.740234,4.054600,51.081303,1.553000
2019-10-08,6.847980,12590.910156,4.105100,50.522121,1.537000
2019-10-09,6.928229,12691.160156,4.090900,51.258823,1.589000
2019-10-10,7.320561,12766.000000,4.108300,51.915653,1.658000
2019-10-11,7.668312,12926.919922,4.108400,52.918640,1.752000
2019-10-14,7.498894,12896.219727,4.108500,52.900887,1.733000
2019-10-15,7.454311,13006.040039,4.123700,53.442322,1.771000
2019-10-16,7.374061,12994.889648,4.178600,53.717472,1.748000
2019-10-17,7.231395,13039.230469,4.148600,53.380184,1.757000
2019-10-18,7.284895,13006.639648,4.161100,54.276669,1.747000
2019-10-21,7.463229,13088.610352,4.111100,55.031120,1.792000
2019-10-22,7.614812,13071.860352,4.124764,55.368412,1.768000
2019-10-23,7.605894,13114.389648,4.078400,55.927593,1.759000
2019-10-24,7.311645,13118.900391,4.033100,55.776711,1.766000
2019-10-25,7.249229,13146.240234,4.039300,56.451283,1.801000
2019-10-28,7.284895,13186.429688,4.002900,56.717564,1.853000
2019-10-29,7.249229,13209.629883,3.988800,56.087364,1.835000
2019-10-30,7.177895,13244.009766,3.996700,56.593296,1.798000
2019-10-31,7.204645,13171.809570,3.986200,55.892086,1.691000
2019-11-01,7.846644,13300.269531,4.016000,57.028217,1.728000
2019-11-04,8.087393,13355.440430,3.989400,58.128849,1.786000
2019-11-05,8.247892,13339.589844,4.010800,58.111084,1.866000
2019-11-06,8.007142,13351.570312,3.992000,57.720543,1.814000
2019-11-07,8.310308,13395.549805,4.082300,58.137714,1.926000
2019-11-08,8.096310,13407.799805,4.099500,57.827065,1.933000
2019-11-11,8.176560,13388.120117,4.133400,57.862568,1.943000
2019-11-12,8.140893,13387.620117,4.151300,57.782673,1.909000
2019-11-13,8.016060,13385.049805,4.167900,57.667290,1.870000
2019-11-14,7.766394,13392.000000,4.168600,57.578529,1.815000
2019-11-15,7.953644,13492.959961,4.194300,58.102215,1.834000
2019-11-18,7.971477,13483.809570,4.194800,58.190979,1.808000
2019-11-19,8.016060,13466.349609,4.216400,58.244232,1.786000
2019-11-20,7.891227,13419.299805,4.191700,57.720543,1.738000
2019-11-21,8.051725,13406.419922,4.195000,57.312256,1.772000
2019-11-22,8.078477,13440.950195,4.191700,57.472015,1.774000
2019-11-25,7.989309,13532.889648,4.195000,57.809303,1.764000
2019-11-26,7.909061,13559.709961,4.225400,57.862568,1.740000
2019-11-27,8.176560,13607.620117,4.231800,58.226482,1.767000
2019-11-29,8.024978,13545.209961,4.188000,57.569660,1.776000
2019-12-02,8.203308,13448.259766,4.236100,57.560772,1.836000
2019-12-03,8.167644,13366.089844,4.222300,57.161362,1.709000
2019-12-04,7.971477,13457.969727,4.204000,57.711666,1.781000
2019-12-05,8.078477,13482.299805,4.206100,57.702789,1.797000
2019-12-06,8.203308,13588.290039,4.184600,58.350746,1.842000
2019-12-09,8.114143,13555.070312,4.118900,58.084461,1.829000
2019-12-10,8.247892,13545.309570,4.141100,57.711666,1.833000
2019-12-11,8.470809,13579.919922,4.144600,58.244232,1.790000
2019-12-12,8.559976,13697.410156,4.123700,58.608143,1.897000
2019-12-13,8.461892,13697.339844,4.087248,58.581512,1.819000
2019-12-16,8.595642,13795.150391,4.085800,59.281300,1.892000
2019-12-17,8.738307,13795.349609,4.061900,59.139030,1.889000
2019-12-18,8.684807,13799.209961,4.070200,59.076786,1.924000
2019-12-19,8.640224,13831.669922,4.059663,59.147919,1.908000
2019-12-20,8.720474,13889.250000,4.068800,59.663635,1.917000
2019-12-23,8.738307,13899.990234,4.079900,59.494694,1.935000
2019-12-24,8.693724,13895.139648,4.082000,59.370209,1.910000
2019-12-26,8.898807,13940.419922,4.083000,59.601395,1.905000
2019-12-27,8.809640,13944.139648,4.054700,59.583630,1.874000
2019-12-30,8.827475,13876.150391,4.022300,59.476913,1.895000
2019-12-31,8.773974,13913.030273,4.015711,59.574718,1.919000
2020-01-02,9.050389,14002.490234,4.016300,59.414673,1.882000
2020-01-03,8.898807,13917.049805,4.023400,58.925617,1.788000
2020-01-06,8.747224,13941.799805,4.057000,58.818932,1.811000
2020-01-07,8.934474,13898.450195,4.060400,58.792240,1.827000
2020-01-08,9.433806,13934.440430,4.066200,58.792240,1.874000
2020-01-09,9.344638,13997.650391,4.062800,58.747795,1.858000
2020-01-10,9.362473,13957.969727,4.092100,58.587734,1.825000
2020-01-13,9.540805,14042.650391,4.070500,59.130127,1.848000
2020-01-14,9.522973,14037.129883,4.145800,58.881168,1.818000
2020-01-15,9.460555,14053.230469,4.131300,58.489925,1.788000
2020-01-16,9.398139,14141.780273,4.174200,58.845604,1.809000
2020-01-17,9.344638,14183.200195,4.183600,59.076786,1.836000
2020-01-21,8.970141,14109.980469,4.188500,58.463249,1.769000
2020-01-22,9.487307,14110.240234,4.210900,58.827812,1.769000
2020-01-23,9.469472,14102.040039,4.181300,58.596630,1.740000
2020-01-24,9.255473,13978.469727,4.169100,58.000893,1.681000
2020-01-27,8.649141,13769.599609,4.159500,56.213638,1.605000
2020-01-28,8.782890,13877.610352,4.206100,56.907200,1.641000
2020-01-29,8.640224,13843.809570,4.193400,56.613773,1.594000
2020-01-30,8.426226,13861.919922,4.228900,56.631550,1.558000
2020-01-31,8.212226,13614.099609,4.242200,55.528976,1.520000
2020-02-03,8.292476,13677.919922,4.282600,55.609001,1.520000
2020-02-04,8.096310,13862.839844,4.246800,56.382587,1.603000
2020-02-05,8.033892,14024.860352,4.253700,57.831944,1.649000
2020-02-06,8.105227,14034.950195,4.233600,57.191734,1.644000
2020-02-07,7.757476,13931.929688,4.280800,56.213638,1.578000
2020-02-10,7.543478,13984.480469,4.320400,56.347012,1.547000
2020-02-11,7.900144,14054.080078,4.320975,57.298439,1.590000
2020-02-12,8.203308,14136.980469,4.327531,58.338772,1.630000
2020-02-13,8.452975,14099.040039,4.354500,58.160942,1.617000
2020-02-14,8.256808,14097.339844,4.346767,57.885288,1.588000
2020-02-18,8.149811,14039.009766,4.326500,57.022797,1.556000
2020-02-19,8.158726,14087.129883,4.354800,57.245079,1.570000
2020-02-20,8.123061,14061.480469,4.364000,57.867516,1.525000
2020-02-21,8.363809,13975.780273,4.392300,57.867516,1.471000
2020-02-24,7.998228,13534.120117,4.389800,55.351147,1.377000
2020-02-25,7.802060,13143.730469,4.386600,53.590576,1.330000
2020-02-26,7.766394,13046.620117,4.386800,53.581680,1.310000
2020-02-27,7.561311,12547.250000,4.449100,51.536579,1.299000
2020-02-28,7.561311,12380.969727,4.484800,51.065315,1.127000
2020-03-02,7.864476,12827.990234,4.441300,52.425762,1.088000
2020-03-03,7.873394,12542.740234,4.472400,51.936710,1.010000
2020-03-04,8.399475,13009.959961,4.513200,53.901791,0.992000
2020-03-05,8.176560,12593.030273,4.583400,51.963387,0.926000
2020-03-06,7.659395,12352.030273,4.606200,50.887482,0.706000
2020-03-09,6.910396,11298.429688,4.589800,46.432716,0.499000
2020-03-10,7.507812,11793.269531,4.722900,48.371117,0.748000
2020-03-11,6.598314,11177.290039,4.642100,44.743282,0.820000
2020-03-12,5.394568,10060.759766,4.813800,38.963646,0.849000
2020-03-13,6.027649,10851.740234,4.790200,43.649597,0.951000
2020-03-16,5.046818,9567.530273,4.852600,37.727695,0.728000
2020-03-17,5.118151,10063.360352,4.999000,40.457462,0.997000
2020-03-18,4.217571,9384.599609,5.009700,36.447285,1.266000
2020-03-19,4.877401,9461.309570,5.103962,38.367897,1.119000
2020-03-20,4.654486,9133.160156,5.094200,36.998573,0.938000
2020-03-23,4.966569,8777.379883,5.045500,35.460300,0.764000
2020-03-24,5.216234,9658.320312,5.141700,38.990322,0.816000
2020-03-25,5.216234,9961.379883,5.098100,40.937614,0.858000
2020-03-26,5.118151,10536.280273,5.033700,42.235817,0.811000
2020-03-27,5.760149,10187.209961,5.022600,41.062099,0.749000
2020-03-30,5.920649,10434.740234,5.104629,42.298054,0.670000
2020-03-31,6.125732,10301.870117,5.192700,42.787102,0.698000
2020-04-01,6.277315,9844.849609,5.203500,40.190716,0.635000
2020-04-02,6.740980,10062.370117,5.248200,41.008743,0.627000
2020-04-03,6.580481,9880.629883,5.255300,39.666096,0.587000
2020-04-06,6.732063,10515.240234,5.348500,42.378078,0.676000
2020-04-07,6.312982,10537.040039,5.285300,42.404751,0.736000
2020-04-08,6.607231,10902.589844,5.221700,44.316486,0.764000
2020-04-09,6.090065,11136.610352,5.123500,45.481304,0.729000
2020-04-13,6.250565,10949.530273,5.105500,44.698833,0.749000
2020-04-14,6.455647,11172.200195,5.198500,44.938908,0.752000
2020-04-15,6.268398,10843.919922,5.162000,43.213905,0.638000
2020-04-16,6.161398,10818.030273,5.237000,42.591480,0.609000
2020-04-17,6.054399,11208.290039,5.230900,44.120861,0.654000
2020-04-20,5.813650,11003.879883,5.232700,42.867123,0.626000
2020-04-21,5.884983,10706.440430,5.315400,42.333618,0.571000
2020-04-22,5.777983,10908.559570,5.315000,43.205009,0.619000
2020-04-23,5.938482,10916.679688,5.456900,43.249466,0.613000
2020-04-24,6.134649,11017.900391,5.533100,43.640709,0.596000
2020-04-27,6.330814,11264.839844,5.572600,44.841091,0.656000
2020-04-28,6.223814,11319.700195,5.652600,46.530529,0.610000
2020-04-29,6.580481,11618.230469,5.497400,48.086578,0.627000
2020-04-30,6.428898,11372.339844,5.334800,46.788387,0.622000
2020-05-01,6.312982,11058.570312,5.486000,44.583229,0.642000
2020-05-04,6.526981,11056.280273,5.477000,44.894440,0.637000
2020-05-05,6.607231,11135.400391,5.540600,44.307583,0.657000
2020-05-06,6.482398,10999.990234,5.578100,44.405399,0.711000
2020-05-07,6.847980,11121.669922,5.715200,45.187874,0.631000
2020-05-08,7.418644,11354.339844,5.828719,47.259651,0.682000
2020-05-11,7.267061,11281.370117,5.477000,46.521641,0.726000
2020-05-12,7.365146,11055.580078,5.817100,45.081173,0.678000
2020-05-13,7.623727,10829.440430,5.884800,43.978596,0.649000
2020-05-14,7.302728,10927.410156,5.886400,43.720741,0.619000
2020-05-15,6.758813,10947.320312,5.809400,43.151661,0.640000
2020-05-18,6.428898,11402.230469,5.855200,45.792511,0.744000
2020-05-19,6.375398,11248.969727,5.719000,45.419056,0.711000
2020-05-20,6.304065,11420.040039,5.755200,46.388256,0.680000
2020-05-21,6.125732,11351.599609,5.690500,46.317120,0.677000
2020-05-22,6.170315,11331.969727,5.552400,46.121506,0.657000
2020-05-26,6.286232,11603.000000,5.443400,47.650887,0.698000
2020-05-27,6.509148,11837.530273,5.344000,48.833492,0.680000
2020-05-28,6.321898,11804.910156,5.272700,48.353333,0.705000
2020-05-29,6.312982,11802.950195,5.403600,48.042122,0.648000
2020-06-01,6.339732,11900.240234,5.334800,48.691216,0.662000
2020-06-02,6.651814,12046.410156,5.366500,49.340317,0.680000
2020-06-03,6.714231,12302.190430,5.199300,50.309528,0.761000
2020-06-04,6.999562,12286.980469,5.061600,50.798565,0.820000
2020-06-05,6.883646,12641.440430,5.117200,51.589935,0.904000
2020-06-08,7.079812,12836.599609,4.959500,52.763645,0.884000
2020-06-09,6.928229,12619.519531,4.821600,51.803337,0.829000
2020-06-10,6.847980,12449.219727,4.898400,50.745220,0.748000
2020-06-11,6.598314,11659.169922,4.972200,47.224083,0.653000
2020-06-12,6.535897,11867.169922,4.975000,48.433357,0.699000
2020-06-15,6.669647,11942.910156,5.047800,49.028049,0.702000
2020-06-16,6.473481,12161.469727,5.153207,50.077496,0.756000
2020-06-17,6.562647,12086.490234,5.243600,49.960888,0.733000
2020-06-18,6.571563,12072.589844,5.227900,49.853260,0.694000
2020-06-19,6.553730,11980.120117,5.377200,50.373497,0.697000
2020-06-22,6.625063,12028.910156,5.310000,50.678467,0.704000
2020-06-23,6.625063,12077.740234,5.251900,50.768154,0.709000
2020-06-24,6.419981,11726.540039,5.151000,49.593136,0.684000
2020-06-25,6.402147,11865.110352,5.346600,49.001137,0.674000
2020-06-26,6.125732,11604.429688,5.359500,48.516781,0.636000
2020-06-29,6.214898,11777.080078,5.480900,49.306110,0.636000
2020-06-30,6.027649,11893.780273,5.402100,49.745613,0.653000
2020-07-01,6.223814,11901.549805,5.461700,49.620041,0.682000
2020-07-02,6.170315,11991.519531,5.316200,49.862225,0.669000
2020-07-06,6.134649,12160.009766,5.311400,50.167191,0.684000
2020-07-07,5.947399,11990.139648,5.354300,49.440647,0.650000
2020-07-08,6.063316,12086.389648,5.377800,49.951923,0.653000
2020-07-09,6.125732,11928.629883,5.342600,49.315083,0.605000
2020-07-10,6.179232,12075.580078,5.337800,50.642590,0.633000
2020-07-13,5.965232,12014.669922,5.326900,50.256889,0.640000
2020-07-14,6.152483,12014.669922,5.401500,51.656158,0.615000
2020-07-15,6.437815,12391.320312,5.366800,52.239185,0.630000
2020-07-16,6.455647,12350.110352,5.366948,52.490326,0.612000
2020-07-17,6.580481,12402.740234,5.330700,53.279659,0.628000
2020-07-20,6.660730,12392.980469,5.385300,53.512863,0.620000
2020-07-21,6.847980,12508.679688,5.327700,53.360390,0.607000
2020-07-22,6.874730,12569.070312,5.169800,53.566689,0.595000
2020-07-23,6.937146,12510.870117,5.118100,53.710205,0.582000
2020-07-24,7.213562,12461.780273,5.210600,53.925468,0.589000
2020-07-27,7.204645,12553.129883,5.229100,55.163280,0.609000
2020-07-28,7.160062,12491.219727,5.141422,54.786556,0.581000
2020-07-29,7.088729,12669.620117,5.152300,55.674549,0.579000
2020-07-30,7.275979,12533.280273,5.168800,54.956978,0.541000
2020-07-31,7.142229,12465.049805,5.153900,53.575653,0.536000
2020-08-03,7.222479,12536.809570,5.221200,54.364979,0.563000
2020-08-04,7.053062,12612.110352,5.318700,54.499527,0.515000
2020-08-05,7.525643,12731.549805,5.290200,55.450310,0.543000
2020-08-06,7.703978,12729.169922,5.290900,55.432369,0.536000
2020-08-07,7.552395,12765.839844,5.331300,55.701458,0.562000
2020-08-10,7.659395,12844.019531,5.437200,55.827038,0.574000
2020-08-11,7.659395,12849.429688,5.480500,55.818066,0.658000
2020-08-12,7.623727,12974.830078,5.380400,56.741936,0.670000
2020-08-13,7.855560,12919.150391,5.435000,56.930302,0.716000
2020-08-14,8.283558,12902.500000,5.367000,57.298054,0.709000
2020-08-17,8.247892,12936.110352,5.420800,58.302654,0.683000
2020-08-18,8.444058,12910.330078,5.508300,58.338535,0.669000
2020-08-19,8.140893,12859.879883,5.465400,58.473080,0.675000
2020-08-20,8.372725,12812.860352,5.556400,58.293686,0.644000
2020-08-21,8.221143,12809.070312,5.555900,58.401321,0.640000
2020-08-24,8.283558,12972.879883,5.618600,59.262409,0.646000
2020-08-25,8.238975,13001.990234,5.610600,58.993317,0.682000
2020-08-26,8.158726,13042.540039,5.507400,59.504581,0.687000
2020-08-27,8.158726,13068.809570,5.607200,59.423862,0.746000
2020-08-28,8.381640,13170.959961,5.568700,59.899242,0.729000
2020-08-31,8.140893,13045.599609,5.390000,59.083015,0.693000
2020-09-01,8.515391,13113.740234,5.490900,59.944099,0.672000
2020-09-02,8.140893,13276.740234,5.397300,60.392586,0.651000
2020-09-03,8.033892,12966.139648,5.338700,58.787010,0.622000
2020-09-04,7.909061,12966.139648,5.289900,59.056099,0.721000
2020-09-08,7.721811,12688.070312,5.298300,57.441570,0.684000
2020-09-09,7.944726,12885.799805,5.360600,58.571747,0.703000
2020-09-10,7.721811,12706.690430,5.308500,57.890057,0.685000
2020-09-11,7.614812,12773.040039,5.320500,58.177078,0.669000
2020-09-14,7.819894,12932.690430,5.316200,59.621204,0.671000
2020-09-15,8.185476,12967.179688,5.268300,60.006889,0.679000
2020-09-16,8.016060,12997.860352,5.274300,60.195255,0.687000
2020-09-17,8.319226,12948.450195,5.236000,60.607853,0.684000
2020-09-18,8.247892,12833.570312,5.237800,59.926163,0.694000
2020-09-21,7.935809,12833.570312,5.389800,57.845200,0.671000
2020-09-22,7.677227,12602.540039,5.412600,57.692719,0.664000
2020-09-23,7.382978,12359.160156,5.469900,56.472847,0.676000
2020-09-24,7.382978,12365.540039,5.592400,56.616364,0.666000
2020-09-25,7.686144,12485.379883,5.508400,57.118664,0.659000
2020-09-28,7.552395,12677.540039,5.561100,58.311623,0.663000
2020-09-29,7.382978,12602.639648,5.660200,58.302654,0.645000
2020-09-30,7.284895,12701.889648,5.630500,57.988720,0.677000
2020-10-01,7.302728,12726.839844,5.608400,58.867744,0.677000
2020-10-02,7.258146,12749.790039,5.642000,59.136829,0.696000
2020-10-05,7.543478,12949.650391,5.681600,60.374641,0.762000
2020-10-06,7.596979,12837.879883,5.573400,59.513557,0.742000
2020-10-07,7.632645,13042.330078,5.593800,60.527138,0.785000
2020-10-08,7.828809,13190.580078,5.611300,60.500210,0.765000
2020-10-09,7.846644,13252.620117,5.598600,60.589916,0.775000
2020-10-12,7.891227,13324.870117,5.529000,61.253666,0.777000
2020-10-13,7.802060,13211.950195,5.529700,60.302891,0.727000
2020-10-14,7.659395,13143.160156,5.568500,60.204224,0.722000
2020-10-15,7.632645,13137.250000,5.590500,59.890278,0.731000
2020-10-16,7.971477,13169.320312,5.611200,60.114510,0.744000
2020-10-19,7.891227,13018.509766,5.644800,59.997913,0.761000
2020-10-20,8.042810,13092.160156,5.605600,60.580948,0.797000
2020-10-21,7.926893,13040.129883,5.604200,60.885914,0.816000
2020-10-22,8.167644,13145.919922,5.607800,60.518150,0.848000
2020-10-23,8.051725,13199.860352,5.591300,60.527138,0.841000
2020-10-26,8.042810,12936.389648,5.616200,59.029190,0.801000
2020-10-27,7.793143,12817.870117,5.622700,58.150169,0.778000
2020-10-28,7.463229,12415.419922,5.705200,56.562553,0.781000
2020-10-29,7.712894,12502.290039,5.744900,57.387749,0.835000
2020-10-30,7.721811,12429.330078,5.777800,56.750912,0.860000
2020-11-02,7.828809,12662.169922,5.741400,57.656841,0.849000
2020-11-03,8.114143,12877.450195,5.741100,59.271381,0.882000
2020-11-04,8.114143,12978.950195,5.754900,59.352116,0.768000
2020-11-05,8.256808,13199.120117,5.663000,60.563007,0.776000
2020-11-06,8.203308,13218.669922,5.523400,60.939728,0.820000
2020-11-09,8.033892,13611.650391,5.362700,60.742390,0.958000
2020-11-10,7.855560,13707.990234,5.384700,61.549671,0.972000
2020-11-11,7.962560,13724.780273,5.413900,61.998142,0.958000
2020-11-12,7.900144,13551.469727,5.390000,60.563007,0.885000
2020-11-13,8.435142,13761.320312,5.456700,62.231350,0.893000
2020-11-16,8.702641,13982.190430,5.457000,63.594742,0.906000
2020-11-17,8.533224,13949.099609,5.414900,63.693409,0.872000
2020-11-18,8.408392,13808.650391,5.327200,63.917652,0.882000
2020-11-19,8.408392,13863.230469,5.361700,63.630615,0.854000
2020-11-20,8.399475,13827.000000,5.304500,63.585777,0.829000
2020-11-23,8.283558,13998.240234,5.378100,64.195717,0.857000
2020-11-24,8.310308,14249.500000,5.440600,65.236191,0.882000
2020-11-25,8.461892,14191.580078,5.372600,64.931221,0.878000
2020-11-27,9.193056,14198.500000,5.335300,65.263100,0.842000
2020-11-30,9.300056,14006.459961,5.342500,64.653160,0.844000
2020-12-01,9.817221,14146.639648,5.331100,66.500908,0.934000
2020-12-02,9.255473,14188.240234,5.204900,65.846123,0.948000
2020-12-03,8.970141,14217.179688,5.216300,66.025520,0.920000
2020-12-04,9.121723,14417.330078,5.151000,66.904526,0.969000
2020-12-07,9.210889,14354.969727,5.154400,66.877625,0.928000
2020-12-08,9.130639,14402.169922,5.098300,67.792542,0.913000
2020-12-09,8.970141,14374.080078,5.119700,68.689499,0.941000
2020-12-10,8.943390,14394.339844,5.169700,68.886833,0.908000
2020-12-11,9.103890,14355.290039,5.024200,68.985504,0.893000
2020-12-14,8.996891,14214.929688,5.064200,69.453804,0.892000
2020-12-15,9.433806,14402.320312,5.117700,71.011841,0.923000
2020-12-16,9.567555,14408.940430,5.078884,71.471130,0.920000
2020-12-17,9.621055,14516.730469,5.083200,72.236633,0.930000
2020-12-18,9.906387,14467.820312,5.056900,71.813362,0.948000
2020-12-21,9.558639,14378.849609,5.100600,70.714630,0.941000
2020-12-22,10.004471,14321.339844,5.118938,70.930771,0.918000
2020-12-23,9.683471,14398.620117,5.156655,71.146927,0.955000
2020-12-24,9.754803,14382.500000,5.215300,71.273003,0.928000
2020-12-28,9.692389,14405.769531,5.215300,71.651245,0.933000
2020-12-29,9.817221,14397.919922,5.245900,71.588219,0.935000
2020-12-30,10.066886,14477.480469,5.208600,72.083542,0.926000
2020-12-31,9.968804,14524.799805,5.190839,71.705299,0.917000
2021-01-04,9.950971,14376.700195,5.191900,71.327042,0.917000
2021-01-05,9.852887,14536.530273,5.295300,71.741325,0.955000
2021-01-06,9.665637,14788.839844,5.284100,73.344360,1.042000
2021-01-07,10.254136,14928.750000,5.312900,74.497139,1.071000
2021-01-08,10.245219,14966.830078,5.408800,74.551170,1.105000
2021-01-11,9.888556,14937.959961,5.412188,73.569519,1.132000
2021-01-12,10.271970,15010.290039,5.487700,73.803673,1.138000
2021-01-13,10.075804,14983.610352,5.321400,73.137230,1.088000
2021-01-14,10.182804,15044.379883,5.297500,73.299332,1.129000
2021-01-15,10.280887,14894.169922,5.195800,72.308693,1.097000
2021-01-19,10.824801,14987.339844,5.294800,72.804024,1.092000
2021-01-20,11.083384,15097.280273,5.356700,73.911743,1.090000
2021-01-21,11.003135,15019.049805,5.290500,74.929413,1.109000
2021-01-22,10.512719,14951.839844,5.349500,74.542152,1.091000
2021-01-25,10.343304,14935.290039,5.465500,73.848701,1.040000
2021-01-26,11.029884,14867.370117,5.465500,74.353027,1.040000
2021-01-27,10.200636,14487.730469,5.353800,71.687286,1.014000
2021-01-28,10.263053,14669.519531,5.412600,72.686935,1.057000
2021-01-29,10.102552,14397.200195,5.437989,71.327042,1.093000
2021-02-01,10.494887,14596.179688,5.460800,72.948112,1.077000
2021-02-02,10.539468,14768.580078,5.430500,73.353363,1.105000
2021-02-03,10.619719,14839.059570,5.366900,73.947769,1.131000
2021-02-04,10.619719,14975.429688,5.352000,73.947769,1.139000
2021-02-05,11.074468,15069.599609,5.425700,74.857368,1.170000
2021-02-08,10.976384,15226.610352,5.369200,75.658890,1.160000
2021-02-09,11.056634,15244.400391,5.364300,75.388718,1.157000
2021-02-10,11.359799,15273.900391,5.376700,76.280304,1.133000
2021-02-11,11.752133,15297.089844,5.384900,77.243950,1.158000
2021-02-12,11.752133,15369.599609,5.365400,78.297646,1.200000
2021-02-16,12.073132,15423.019531,5.368000,78.360680,1.299000
2021-02-17,11.983962,15402.589844,5.369400,76.901718,1.301000
2021-02-18,12.206881,15290.639648,5.409800,76.235283,1.287000
2021-02-19,12.510047,15362.690430,5.425800,77.514122,1.345000
2021-02-22,12.643796,15340.469727,5.380700,77.451080,1.370000
2021-02-23,12.599213,15359.129883,5.463400,76.901718,1.362000
2021-02-24,12.447629,15539.419922,5.439600,77.829323,1.389000
2021-02-25,12.144464,15206.669922,5.402964,76.217270,1.518000
2021-02-26,11.680799,15010.469727,5.528025,74.920418,1.460000
2021-03-01,11.814548,15327.769531,5.597600,76.694580,1.446000
2021-03-02,11.591633,15277.019531,5.640700,75.505798,1.415000
2021-03-03,11.654049,15199.190430,5.675100,76.370377,1.470000
2021-03-04,11.547049,14959.410156,5.617500,75.109535,1.550000
2021-03-05,11.975049,15251.830078,5.668300,76.154221,1.554000
2021-03-08,11.573798,15288.379883,5.689500,76.361359,1.596000
2021-03-09,12.153380,15375.629883,5.874600,77.306992,1.546000
2021-03-10,11.778883,15521.839844,5.801500,77.469093,1.520000
2021-03-11,11.957214,15648.000000,5.671100,78.063484,1.527000
2021-03-12,11.894798,15715.209961,5.534800,78.198578,1.635000
2021-03-15,11.555965,15775.500000,5.495156,77.478104,1.607000
2021-03-16,12.001798,15669.299805,5.614500,77.919388,1.621000
2021-03-17,12.215797,15731.150391,5.623400,77.991432,1.641000
2021-03-18,12.028547,15589.089844,5.583100,77.216919,1.730000
2021-03-19,12.001798,15562.259766,5.558700,76.937744,1.732000
2021-03-22,11.707548,15551.559570,5.493563,76.874695,1.684000
2021-03-23,11.547049,15346.530273,5.505500,75.334694,1.638000
2021-03-24,11.654049,15276.559570,5.520400,74.830353,1.614000
2021-03-25,11.564883,15410.370117,5.619600,76.325340,1.614000
2021-03-26,11.252800,15682.540039,5.648400,77.703232,1.660000
2021-03-29,11.341967,15611.879883,5.752400,76.973770,1.721000
2021-03-30,10.967468,15626.110352,5.780800,77.315994,1.726000
2021-03-31,10.896135,15601.740234,5.771600,76.784637,1.746000
2021-04-01,10.815885,15751.700195,5.631300,78.333664,1.679000
2021-04-05,10.887218,15870.339844,5.710600,79.639526,1.720000
2021-04-06,11.136884,15877.959961,5.662700,79.738594,1.656000
2021-04-07,11.003135,15838.849609,5.593200,80.215904,1.653000
2021-04-08,11.252800,15886.559570,5.612100,81.188545,1.632000
2021-04-09,11.226051,15956.370117,5.566600,81.539772,1.666000
2021-04-12,11.145801,15977.459961,5.679300,81.413696,1.675000
2021-04-13,11.243884,15962.339844,5.732200,81.422707,1.623000
2021-04-14,11.243884,16000.150391,5.716300,81.620827,1.638000
2021-04-15,11.422216,16116.849609,5.652900,82.899666,1.530000
2021-04-16,11.395467,16186.290039,5.615000,84.682846,1.573000
2021-04-19,11.573798,16107.559570,5.585800,84.655823,1.601000
2021-04-20,11.555965,15944.610352,5.545300,83.602127,1.562000
2021-04-21,11.547049,16121.610352,5.567900,83.124832,1.564000
2021-04-22,11.386550,16030.620117,5.567900,82.170197,1.554000
2021-04-23,11.377633,16206.000000,5.443200,83.232895,1.567000
2021-04-26,11.324133,16241.209961,5.477200,84.106483,1.570000
2021-04-27,11.520299,16273.309570,5.435300,84.169518,1.622000
2021-04-28,11.261717,16322.129883,5.451000,84.043434,1.620000
2021-04-29,11.350883,16376.000000,5.341400,84.250572,1.640000
2021-04-30,11.306300,16219.330078,5.336400,82.647507,1.631000
2021-05-03,11.199302,16325.240234,5.439700,83.890320,1.607000
2021-05-04,11.127966,16289.269531,5.438100,84.475723,1.592000
2021-05-05,11.261717,16348.410156,5.442600,85.286240,1.584000
2021-05-06,11.422216,16459.599609,5.352700,86.123795,1.561000
2021-05-07,11.538132,16590.429688,5.273431,87.132462,1.577000
2021-05-10,11.680799,16516.830078,5.235500,87.708847,1.602000
2021-05-11,11.707548,16355.620117,5.222200,86.457024,1.624000
2021-05-12,11.457884,16042.969727,5.221200,83.584114,1.695000
2021-05-13,11.261717,16181.629883,5.303100,84.448708,1.668000
2021-05-14,11.083384,16415.359375,5.307700,84.682846,1.635000
2021-05-17,11.395467,16422.960938,5.269500,84.232552,1.640000
2021-05-18,11.243884,16337.730469,5.271500,83.674194,1.642000
2021-05-19,11.065550,16233.320312,5.259500,82.368324,1.683000
2021-05-20,10.780218,16350.450195,5.308000,82.908669,1.634000
2021-05-21,10.806969,16375.000000,5.281300,82.467384,1.632000
2021-05-24,10.842635,16464.689453,5.361800,83.052788,1.608000
2021-05-25,10.824801,16390.189453,5.318500,82.593468,1.564000
2021-05-26,10.503802,16451.960938,5.330700,82.107155,1.574000
2021-05-27,10.699968,16531.949219,5.310500,82.773590,1.610000
2021-05-28,10.575134,16555.660156,5.238200,82.386330,1.581000
2021-06-01,10.370052,16643.320312,5.216600,82.917694,1.615000
2021-06-02,10.378970,16673.960938,5.149700,82.107155,1.591000
2021-06-03,10.263053,16632.339844,5.074500,80.819305,1.625000
2021-06-04,10.405720,16708.740234,5.076300,81.134506,1.560000
2021-06-07,10.575134,16709.300781,5.044600,80.332970,1.569000
2021-06-08,10.280887,16685.480469,5.045200,80.044785,1.528000
2021-06-09,10.512719,16620.000000,5.034900,80.332970,1.489000
2021-06-10,10.334387,16651.429688,5.061500,79.890114,1.459000
2021-06-11,10.218470,16694.929688,5.054500,80.253860,1.462000
2021-06-14,10.254136,16662.419922,5.117000,79.617302,1.501000
2021-06-15,10.254136,16655.810547,5.058600,79.208076,1.499000
2021-06-16,10.164969,16542.759766,5.043800,79.253540,1.569000
2021-06-17,9.986638,16411.650391,5.054300,77.698471,1.511000
2021-06-18,10.022304,16143.950195,5.007400,76.525360,1.450000
2021-06-21,10.387886,16411.980469,5.096000,78.307777,1.484000
2021-06-22,10.548386,16449.009766,5.013100,78.553291,1.472000
2021-06-23,10.396803,16437.630859,4.957100,77.916733,1.487000
2021-06-24,10.833717,16558.619141,4.965200,78.844299,1.487000
2021-06-25,10.575134,16658.789062,4.912700,78.562386,1.536000
2021-06-28,10.753469,16573.720703,4.915400,78.325951,1.478000
2021-06-29,10.851551,16547.570312,4.924800,78.407806,1.480000
2021-06-30,10.735636,16555.349609,4.955100,78.944344,1.443000
2021-07-01,10.664302,16640.960938,4.969200,79.362656,1.480000
2021-07-02,10.477053,16674.849609,5.045102,79.635483,1.431000
2021-07-06,10.200636,16542.750000,5.088459,78.680618,1.370000
2021-07-07,10.423553,16559.310547,5.195300,80.453934,1.321000
2021-07-08,10.343304,16359.700195,5.231200,80.008331,1.288000
2021-07-09,10.423553,16633.300781,5.258000,81.581596,1.356000
2021-07-12,10.459219,16673.140625,5.257900,81.345139,1.363000
2021-07-13,10.191720,16575.769531,5.172700,80.244766,1.415000
2021-07-14,10.334387,16543.779297,5.162400,80.553963,1.356000
2021-07-15,9.986638,16499.060547,5.069900,79.389954,1.297000
2021-07-16,9.799388,16364.660156,5.110000,78.071335,1.300000
2021-07-19,9.451639,16052.709961,5.115400,76.134323,1.181000
2021-07-20,9.665637,16321.940430,5.250900,77.507515,1.209000
2021-07-21,9.772637,16503.470703,5.219900,78.580582,1.280000
2021-07-22,9.710221,16455.919922,5.187300,78.762459,1.265000
2021-07-23,9.612138,16552.380859,5.199600,79.544548,1.286000
2021-07-26,9.754803,16565.310547,5.197900,79.981033,1.276000
2021-07-27,9.656721,16520.960938,5.175400,80.071991,1.234000
2021-07-28,9.736972,16573.560547,5.169100,79.899193,1.261000
2021-07-29,9.781555,16697.140625,5.114800,80.663101,1.269000
2021-07-30,9.300056,16602.289062,5.080400,79.680954,1.239000
2021-08-02,9.451639,16576.210938,5.208700,79.680954,1.174000
2021-08-03,9.451639,16713.460938,5.174600,80.126556,1.176000
2021-08-04,9.496221,16594.480469,5.196800,79.881012,1.184000
2021-08-05,9.308972,16695.500000,5.168200,79.671844,1.217000
2021-08-06,9.273306,16748.080078,5.245200,79.371758,1.290000
2021-08-09,9.585389,16726.949219,5.232000,79.326294,1.317000
2021-08-10,9.728054,16792.779297,5.231800,80.299324,1.342000
2021-08-11,9.656721,16875.390625,5.188300,81.281479,1.329000
2021-08-12,9.407056,16871.119141,5.218200,80.763130,1.367000
2021-08-13,9.674556,16868.109375,5.252200,81.290573,1.297000
2021-08-16,9.621055,16836.740234,5.247500,80.444839,1.257000
2021-08-17,9.683471,16707.130859,5.259700,79.280815,1.258000
2021-08-18,9.291140,16550.339844,5.294300,78.826118,1.273000
2021-08-19,9.166306,16429.140625,5.378600,77.816696,1.242000
2021-08-20,9.380307,16516.679688,5.414100,78.180450,1.260000
2021-08-23,9.540805,16648.550781,5.379000,79.344467,1.255000
2021-08-24,9.986638,16741.160156,5.379900,80.044708,1.290000
2021-08-25,10.673218,16812.839844,5.245800,80.890442,1.342000
2021-08-26,10.512719,16694.320312,5.211000,79.881012,1.342000
2021-08-27,10.673218,16844.750000,5.251600,81.408791,1.312000
2021-08-30,10.601885,16819.630859,5.202800,81.663429,1.285000
2021-08-31,10.378970,16806.439453,5.182900,81.472443,1.304000
2021-09-01,10.557302,16845.990234,5.149300,81.754364,1.302000
2021-09-02,10.423553,16926.720703,5.184600,82.236351,1.294000
2021-09-03,10.628634,16909.720703,5.181800,83.682274,1.322000
2021-09-07,10.762384,16801.179688,5.169300,82.754692,1.370000
2021-09-08,10.494887,16731.039062,5.169600,82.036278,1.334000
2021-09-09,10.619719,16663.119141,5.320600,81.672508,1.299000
2021-09-10,10.280887,16563.480469,5.196500,81.408791,1.341000
2021-09-13,10.200636,16635.390625,5.247000,80.162933,1.324000
2021-09-14,10.209553,16497.230469,5.213200,79.108025,1.277000
2021-09-15,9.906387,16626.880859,5.238900,79.917381,1.304000
2021-09-16,9.291140,16576.769531,5.221700,79.790077,1.331000
2021-09-17,8.979057,16460.349609,5.256800,78.671516,1.370000
2021-09-20,8.568892,16168.169922,5.289700,76.852745,1.309000
2021-09-21,8.809640,16184.500000,5.323200,77.571159,1.324000
2021-09-22,9.103890,16352.179688,5.268900,78.935249,1.336000
2021-09-23,9.380307,16567.259766,5.287700,80.135651,1.410000
2021-09-24,9.264389,16539.150391,5.301900,79.608192,1.460000
2021-09-27,9.148472,16599.789062,5.337000,79.580925,1.484000
2021-09-28,8.773974,16328.780273,5.390400,77.880348,1.534000
2021-09-29,8.872058,16344.889648,5.427600,77.971283,1.541000
2021-09-30,8.916640,16144.919922,5.414300,77.298340,1.529000
2021-10-01,8.720474,16323.740234,5.441700,77.271065,1.479000
2021-10-04,8.399475,16198.559570,5.367900,77.070984,1.481000
2021-10-05,8.194393,16327.089844,5.453200,77.207405,1.529000
2021-10-06,8.123061,16338.459961,5.475500,77.025513,1.524000
2021-10-07,8.051725,16511.810547,5.491900,77.634811,1.571000
2021-10-08,7.980393,16517.230469,5.517000,77.271065,1.605000
2021-10-11,8.123061,16430.070312,5.506900,78.062241,1.614000
2021-10-12,8.069560,16441.750000,5.536000,78.298668,1.580000
2021-10-13,8.247892,16513.160156,5.531500,79.235352,1.549000
2021-10-14,8.051725,16744.289062,5.512500,79.571823,1.519000
2021-10-15,8.328142,16871.740234,5.512200,78.953423,1.576000
2021-10-18,8.087393,16862.000000,5.458400,78.044044,1.584000
2021-10-19,7.802060,16988.160156,5.511300,77.634811,1.635000
2021-10-20,7.819894,17099.210938,5.583300,78.480545,1.636000
2021-10-21,7.784226,17083.150391,5.596300,77.216492,1.676000
2021-10-22,8.292476,17122.240234,5.657800,78.826118,1.655000
2021-10-25,8.283558,17169.070312,5.649200,78.935249,1.635000
2021-10-26,8.078477,17145.150391,5.554400,78.289566,1.619000
2021-10-27,7.793143,16920.380859,5.564800,76.707237,1.529000
2021-10-28,7.802060,17077.000000,5.535000,77.625717,1.568000
2021-10-29,7.819894,17016.410156,5.644900,76.589027,1.557000
2021-11-01,7.757476,17131.080078,5.633700,77.680283,1.575000
2021-11-02,7.703978,17115.169922,5.678900,76.352577,1.549000
2021-11-03,7.971477,17209.750000,5.678600,78.571487,1.579000
2021-11-04,7.828809,17168.869141,5.552400,78.507828,1.524000
2021-11-05,7.980393,17242.359375,5.601700,78.644249,1.453000
2021-11-08,8.016060,17310.509766,5.541100,78.171364,1.497000
2021-11-09,7.989309,17286.910156,5.543100,78.162262,1.432000
2021-11-10,7.917977,17192.029297,5.479100,77.289238,1.560000
2021-11-11,8.399475,17220.410156,5.489900,78.262283,1.560000
2021-11-12,8.435142,17297.660156,5.398000,78.889771,1.582000
2021-11-15,8.408392,17285.550781,5.457600,79.080750,1.623000
2021-11-16,8.649141,17302.789062,5.456300,79.371758,1.634000
2021-11-17,8.461892,17192.660156,5.502200,79.399033,1.604000
2021-11-18,8.390558,17117.740234,5.528700,79.580925,1.589000
2021-11-19,8.551059,16973.960938,5.556400,78.907967,1.536000
2021-11-22,8.399475,16945.779297,5.611600,79.217163,1.625000
2021-11-23,8.488643,17007.900391,5.585600,79.380852,1.667000
2021-11-24,8.720474,17036.810547,5.570400,79.180779,1.645000
2021-11-26,8.782890,16624.869141,5.565100,77.953110,1.482000
2021-11-29,8.872058,16683.980469,5.607800,77.971283,1.530000
2021-11-30,8.880974,16318.969727,5.600700,76.907295,1.443000
2021-12-01,9.121723,16133.889648,5.620871,77.462029,1.434000
2021-12-02,9.210889,16475.250000,5.691567,79.126213,1.448000
2021-12-03,8.979057,16347.870117,5.643322,78.644249,1.343000
2021-12-06,9.148472,16591.970703,5.650099,80.099274,1.434000
2021-12-07,9.344638,16853.570312,5.688000,81.199631,1.480000
2021-12-08,9.496221,16899.919922,5.611800,81.317856,1.509000
2021-12-09,9.291140,16780.470703,5.531600,80.863152,1.487000
2021-12-10,9.326806,16856.630859,5.571100,81.108696,1.489000
2021-12-13,9.103890,16719.570312,5.608661,80.757484,1.424000
2021-12-14,9.068224,16652.580078,5.679700,79.443916,1.438000
2021-12-15,9.228724,16813.570312,5.680600,80.274033,1.463000
2021-12-16,9.460555,16849.089844,5.679400,80.885208,1.422000
2021-12-17,9.656721,16668.640625,5.687400,80.474709,1.402000
2021-12-20,9.300056,16442.310547,5.693060,78.422249,1.419000
2021-12-21,9.326806,16744.269531,5.741300,79.106400,1.487000
2021-12-22,9.398139,16874.880859,5.744000,80.264893,1.457000
2021-12-23,9.469472,16963.439453,5.653000,80.730125,1.493000
2021-12-27,9.576472,17141.089844,5.671100,81.532867,1.481000
2021-12-28,9.442722,17134.160156,5.624100,82.326500,1.481000
2021-12-29,9.291140,17149.929688,5.627500,83.685669,1.543000
2021-12-30,9.638888,17164.240234,5.702700,83.594444,1.515000
2021-12-31,9.629972,17164.130859,5.570200,83.913727,1.512000
2022-01-03,9.380307,17226.099609,5.569300,83.402893,1.628000
2022-01-04,9.540805,17336.759766,5.681200,83.557953,1.668000
2022-01-05,9.389221,17112.599609,5.676200,82.782593,1.705000
2022-01-06,9.371388,17156.519531,5.705635,83.147476,1.733000
2022-01-07,9.398139,17166.279297,5.682400,83.740410,1.771000
2022-01-10,9.326806,17119.560547,5.632200,82.709610,1.780000
2022-01-11,9.567555,17294.539062,5.662200,84.223877,1.746000
2022-01-12,10.004471,17353.759766,5.567300,85.747253,1.725000
2022-01-13,10.129303,17259.019531,5.533200,86.212486,1.711000
2022-01-14,10.156053,17219.060547,5.526700,84.871536,1.772000
2022-01-18,10.040138,16950.910156,5.515800,82.983269,1.865000
2022-01-19,10.245039,16818.980469,5.565700,83.667442,1.827000
2022-01-20,10.028403,16663.769531,5.437200,81.998093,1.833000
2022-01-21,9.838847,16397.339844,5.418100,79.872658,1.747000
2022-01-24,9.550000,16413.970703,5.457100,79.836151,1.735000
2022-01-25,9.423629,16340.320312,5.486100,79.863541,1.783000
2022-01-26,9.252127,16236.509766,5.440704,79.179375,1.848000
2022-01-27,9.784688,16152.120117,5.429167,79.088158,1.807000
2022-01-28,9.947165,16397.859375,5.403485,80.310509,1.782000
2022-01-31,10.100616,16659.769531,5.362600,81.642334,1.782000
2022-02-01,10.199905,16829.720703,5.303100,82.472443,1.800000
2022-02-02,10.199905,16904.519531,5.264500,82.955902,1.766000
2022-02-03,10.055482,16677.390625,5.260900,82.764343,1.827000
2022-02-04,10.245039,16701.580078,5.282900,82.308258,1.930000
2022-02-07,10.380435,16722.759766,5.326900,82.545418,1.916000
2022-02-08,10.362381,16853.710938,5.262600,84.004936,1.954000
2022-02-09,10.407513,17069.660156,5.258400,85.719894,1.929000
2022-02-10,10.055482,16855.960938,5.234500,84.232979,2.031000
2022-02-11,9.883979,16664.990234,5.248700,83.548836,1.955000
2022-02-14,10.100616,16531.310547,5.249956,82.946785,1.996000
2022-02-15,10.028403,16745.830078,5.214000,84.534019,2.045000
2022-02-16,10.091588,16770.359375,5.157900,84.962769,2.047000
2022-02-17,10.073534,16492.050781,5.135800,83.886360,1.972000
2022-02-18,9.992296,16392.320312,5.170600,83.703918,1.932000
2022-02-22,10.109641,16215.620117,5.102700,82.025467,1.948000
2022-02-23,9.658318,16019.580078,5.057100,80.474709,1.977000
2022-02-24,9.477789,15995.990234,5.008700,79.434799,1.969000
2022-02-25,9.604158,16427.960938,5.122200,82.162285,1.986000
2022-02-28,9.649290,16313.889648,5.159400,80.419983,1.839000
2022-03-01,9.640265,16069.160156,5.158400,78.860107,1.707000
2022-03-02,9.721503,16380.910156,5.159000,80.109833,1.865000
2022-03-03,9.622212,16287.490234,5.096503,79.024300,1.844000
2022-03-04,10.172827,16129.660156,5.030900,77.811073,1.724000
2022-03-07,10.190879,15708.230469,5.060560,76.242073,1.751000
2022-03-08,10.317250,15625.929688,5.110500,75.813339,1.872000
2022-03-09,10.651229,15977.540039,5.058800,78.011749,1.948000
2022-03-10,10.931049,15929.559570,5.011500,80.055092,2.011000
2022-03-11,10.876890,15753.700195,5.009700,80.027725,2.004000
2022-03-14,10.506804,15694.349609,5.073500,80.711884,2.140000
2022-03-15,10.236012,15895.669922,5.121400,80.693642,2.160000
2022-03-16,10.741494,16261.500000,5.163200,83.320786,2.188000
2022-03-17,10.994234,16483.580078,5.073875,84.105278,2.192000
2022-03-18,11.571929,16612.640625,5.039400,84.825928,2.148000
2022-03-21,11.265028,16606.669922,5.017800,83.302544,2.315000
2022-03-22,11.174764,16735.480469,4.935200,83.375526,2.373000
2022-03-23,11.129631,16558.529297,4.910000,82.645760,2.321000
2022-03-24,11.283081,16701.820312,4.824200,82.682251,2.341000
2022-03-25,10.858838,16792.800781,4.826300,82.463318,2.492000
2022-03-28,10.894943,16798.720703,4.736900,82.372101,2.477000
2022-03-29,10.813705,17014.759766,4.764100,83.375526,2.400000
2022-03-30,10.822731,16932.759766,4.756200,82.819069,2.358000
2022-03-31,10.488753,16670.910156,4.769700,81.478127,2.327000
2022-04-01,10.560965,16787.750000,4.737800,81.441635,2.377000
2022-04-04,10.615123,16829.750000,4.657200,81.569359,2.412000
2022-04-05,10.497779,16645.050781,4.593800,81.049393,2.556000
2022-04-06,10.569991,16587.099609,4.650700,79.890907,2.609000
2022-04-07,10.434594,16631.449219,4.715200,80.091591,2.652000
2022-04-08,10.470699,16689.949219,4.752100,80.876083,2.713000
2022-04-11,10.434594,16534.199219,4.698100,80.775742,2.780000
2022-04-12,10.362381,16465.990234,4.693600,80.711884,2.725000
2022-04-13,10.407513,16614.789062,4.673100,82.290001,2.687000
2022-04-14,10.290170,16511.509766,4.690200,82.445068,2.828000
2022-04-18,10.136721,16466.210938,4.700600,81.806534,2.862000
2022-04-19,10.154773,16658.900391,4.652000,83.357285,2.913000
2022-04-20,10.217957,16761.349609,4.665000,85.665154,2.840000
2022-04-21,9.902033,16499.330078,4.620800,84.670860,2.917000
2022-04-22,9.685397,16056.870117,4.620800,83.211319,2.906000
2022-04-25,9.586107,16054.759766,4.795200,81.824768,2.826000
2022-04-26,9.197968,15694.240234,4.876200,80.146309,2.772000
2022-04-27,9.188942,15741.820312,4.997800,81.441635,2.818000
2022-04-28,9.387524,16032.679688,4.963600,82.372101,2.863000
2022-04-29,9.116730,15615.250000,4.937800,82.180527,2.887000
2022-05-02,9.080624,15609.280273,4.971300,81.113251,2.996000
2022-05-03,9.315311,15729.530273,5.084700,82.563667,2.960000
2022-05-04,9.568052,16119.610352,4.958100,84.634361,2.917000
2022-05-05,9.600908,15652.610352,4.918800,82.016350,3.066000
2022-05-06,9.327119,15566.559570,5.028000,80.812218,3.123000
2022-05-09,8.925559,15057.870117,5.080400,78.632050,3.079000
2022-05-10,8.724779,15025.740234,5.160900,78.139473,2.993000
2022-05-11,8.743032,14902.139648,5.131300,77.400574,2.921000
2022-05-12,8.651769,14931.099609,5.134252,76.324181,2.817000
2022-05-13,9.336244,15257.360352,5.133400,77.546539,2.935000
2022-05-16,9.263233,15259.820312,5.058300,77.719849,2.877000
2022-05-17,9.710424,15541.910156,5.059700,80.447342,2.968000
2022-05-18,9.317991,15044.519531,4.938100,77.747231,2.886000
2022-05-19,9.418381,15035.870117,4.967500,78.084724,2.855000
2022-05-20,9.619161,15080.980469,4.930000,77.747231,2.787000
2022-05-23,9.892951,15342.959961,4.880200,79.142891,2.859000
2022-05-24,9.902078,15290.379883,4.813500,78.869225,2.760000
2022-05-25,9.692171,15412.190430,4.817800,79.927391,2.749000
2022-05-26,10.203246,15664.000000,4.822800,81.158867,2.756000
2022-05-27,10.349269,15942.620117,4.768200,82.025467,2.743000
2022-05-31,10.194119,15827.049805,4.752400,81.177109,2.844000
2022-06-01,10.267132,15709.610352,4.730400,80.064224,2.931000
2022-06-02,10.321890,15960.530273,4.815500,81.286583,2.913000
2022-06-03,10.102856,15797.169922,4.795700,80.949043,2.957000
2022-06-06,10.148489,15848.450195,4.775000,81.213600,3.038000
2022-06-07,10.130237,16019.559570,4.794200,81.678818,2.972000
2022-06-08,9.810814,15843.830078,4.867526,79.945625,3.029000
2022-06-09,9.610034,15472.459961,4.898100,77.570419,3.044000
2022-06-10,9.418381,15096.690430,4.903300,75.499771,3.156000
2022-06-13,9.217602,14527.900391,4.984000,72.073456,3.366000
2022-06-14,8.962065,14444.639648,5.113400,71.135628,3.483000
2022-06-15,9.144591,14595.230469,5.116100,72.417007,3.395000
2022-06-16,8.816043,14142.190430,5.052000,69.817108,3.307000
2022-06-17,8.724779,14097.049805,5.052200,69.649956,3.239000
2022-06-21,8.660895,14414.250000,5.187200,70.439217,3.307000
2022-06-22,8.304969,14352.780273,5.122800,69.408539,3.156000
2022-06-23,7.994674,14402.120117,5.193600,68.247864,3.068000
2022-06-24,8.350599,14811.549805,5.238000,70.402077,3.125000
2022-06-27,8.533127,14835.299805,5.241400,70.272079,3.194000
2022-06-28,8.587884,14667.320312,5.236800,69.724236,3.206000
2022-06-29,8.587884,14599.589844,5.266600,69.389969,3.093000
2022-06-30,8.651769,14487.639648,5.180900,69.092834,2.972000
2022-07-01,8.706528,14636.759766,5.252000,69.454964,2.889000
2022-07-05,8.304969,14499.490234,5.328300,68.052872,2.809000
2022-07-06,8.332347,14465.290039,5.385200,68.396423,2.913000
2022-07-07,8.387105,14676.500000,5.428000,69.752098,3.008000
2022-07-08,8.277589,14642.330078,5.338200,69.733536,3.101000
2022-07-11,8.058557,14502.429688,5.254000,68.582123,2.991000
2022-07-12,7.994674,14395.040039,5.377200,68.990692,2.958000
2022-07-13,7.857778,14340.280273,5.436500,68.359283,2.904000
2022-07-14,7.574862,14171.240234,5.390900,67.207878,2.960000
2022-07-15,7.437965,14449.679688,5.422800,68.015717,2.930000
2022-07-18,7.383207,14403.179688,5.410100,68.247864,2.960000
2022-07-19,7.784766,14766.599609,5.436800,71.423462,3.019000
2022-07-20,7.593113,14778.469727,5.413100,72.240593,3.036000
2022-07-21,7.574862,14871.129883,5.470200,72.333443,2.910000
2022-07-22,7.857778,14790.790039,5.497800,71.005638,2.783000
2022-07-25,7.866903,14899.089844,5.496700,71.386330,2.820000
2022-07-26,7.784766,14793.549805,5.356300,70.002800,2.787000
2022-07-27,8.140694,15031.040039,5.350100,72.240593,2.734000
2022-07-28,8.314094,15198.809570,5.243000,72.862717,2.681000
2022-07-29,8.533127,15327.709961,5.182700,73.549828,2.642000
2022-08-01,8.332347,15286.009766,5.171200,73.716972,2.606000
2022-08-02,8.286716,15162.679688,5.184000,72.426300,2.741000
2022-08-03,8.168073,15267.160156,5.277700,72.788414,2.748000
2022-08-04,8.241083,15224.209961,5.282700,72.101311,2.676000
2022-08-05,8.432736,15273.230469,5.211100,71.702042,2.840000
2022-08-08,8.642642,15305.799805,5.164600,72.741997,2.765000
2022-08-09,8.733906,15264.790039,5.110100,72.314865,2.797000
2022-08-10,8.770411,15552.700195,5.123700,74.561951,2.786000
2022-08-11,8.761286,15602.929688,5.093700,74.571220,2.888000
2022-08-12,9.025949,15804.379883,5.157000,76.056892,2.849000
2022-08-15,8.752158,15794.330078,5.074900,75.249062,2.791000
2022-08-16,8.843423,15846.790039,5.095600,75.666908,2.824000
2022-08-17,8.952938,15734.110352,5.141739,74.784790,2.893000
2022-08-18,8.898181,15763.900391,5.165000,75.054077,2.880000
2022-08-19,8.761286,15588.320312,5.167000,74.496941,2.989000
2022-08-22,8.569633,15341.849609,5.168400,73.057701,3.037000
2022-08-23,8.861674,15338.150391,5.156100,73.531273,3.054000
2022-08-24,8.533127,15392.059570,5.103500,73.475548,3.106000
2022-08-25,8.432736,15595.240234,5.110100,74.543365,3.026000
2022-08-26,8.168073,15178.209961,5.108700,72.519142,3.035000
2022-08-29,8.213704,15118.849609,5.062500,72.277733,3.110000
2022-08-30,8.049430,14931.419922,5.027200,71.386330,3.110000
2022-08-31,7.839525,14801.240234,5.121900,71.237762,3.133000
2022-09-01,7.666124,14771.900391,5.181700,69.965652,3.265000
2022-09-02,7.629619,14689.500000,5.240400,69.027824,3.193000
2022-09-06,7.821272,14631.519531,5.153900,68.322144,3.340000
2022-09-07,7.666124,14844.570312,5.247200,68.944252,3.265000
2022-09-08,7.711756,14961.769531,5.246700,68.572838,3.292000
2022-09-09,7.976420,15190.790039,5.213300,70.234932,3.321000
2022-09-12,8.049430,15352.179688,5.146300,71.534889,3.362000
2022-09-13,7.748261,14820.790039,5.092000,69.102112,3.422000
2022-09-14,7.821272,14843.209961,5.189800,68.479988,3.412000
2022-09-15,7.620493,14722.030273,5.162700,67.477165,3.459000
2022-09-16,7.510976,14573.910156,5.246100,66.232925,3.448000
2022-09-19,7.775641,14674.459961,5.250700,67.384315,3.490000
2022-09-20,7.775641,14474.719727,5.170900,64.617241,3.571000
2022-09-21,7.620493,14236.610352,5.141500,63.623714,3.510000
2022-09-22,7.857778,14116.589844,5.170400,63.289448,3.708000
2022-09-23,7.383207,13796.990234,5.115500,61.079506,3.697000
2022-09-26,7.173302,13580.389648,5.258800,59.733124,3.878000
2022-09-27,7.346703,13541.759766,5.389400,59.779552,3.964000
2022-09-28,7.428840,13833.179688,5.378100,61.395206,3.705000
2022-09-29,7.301071,13608.290039,5.374200,60.067406,3.747000
2022-09-30,7.529229,13472.179688,5.396200,60.754524,3.804000
2022-10-03,7.967293,13855.719727,5.414300,62.648739,3.651000
2022-10-04,8.067683,14319.490234,5.163500,64.505829,3.617000
2022-10-05,8.204578,14262.030273,5.175800,63.744438,3.759000
2022-10-06,8.158946,14087.379883,5.195200,62.685886,3.826000
2022-10-07,8.095062,13798.259766,5.220100,61.608776,3.883000
2022-10-10,8.469241,13693.570312,5.198400,62.676601,3.888000
2022-10-11,8.177199,13608.089844,5.186800,62.639462,3.939000
2022-10-12,8.131567,13546.799805,5.292100,62.463039,3.902000
2022-10-13,8.277589,13888.969727,5.291500,63.939423,3.952000
2022-10-14,8.131567,13607.309570,5.259800,62.853024,4.010000
2022-10-17,8.487495,13923.209961,5.327400,64.821541,4.015000
2022-10-18,8.587884,14089.200195,5.277359,65.118660,3.998000
2022-10-19,8.460116,13947.259766,5.239800,63.892986,4.127000
2022-10-20,8.606137,13840.469727,5.269200,63.651569,4.226000
2022-10-21,8.816043,14144.049805,5.216600,64.979401,4.213000
2022-10-24,8.806915,14226.110352,5.163400,64.886520,4.234000
2022-10-25,8.907307,14440.690430,5.306200,66.084343,4.108000
2022-10-26,8.943811,14531.690430,5.315200,66.251488,4.015000
2022-10-27,9.089833,14569.900391,5.383900,66.047203,3.937000
2022-10-28,9.427508,14795.629883,5.339200,66.427910,4.010000
2022-10-31,9.391002,14747.030273,5.288500,65.360092,4.077000
2022-11-01,9.372750,14790.709961,5.178800,65.629356,4.052000
2022-11-02,9.089833,14497.849609,5.142400,63.911583,4.059000
2022-11-03,9.564403,14455.669922,5.142600,64.515114,4.124000
2022-11-04,9.883824,14702.769531,5.114900,66.790047,4.156000
2022-11-07,9.701297,14808.629883,5.078132,67.718590,4.214000
2022-11-08,9.810814,14889.299805,5.153327,68.052872,4.126000
2022-11-09,9.619161,14587.759766,5.143000,66.799332,4.151000
2022-11-10,9.537024,15234.719727,5.185200,70.077087,3.829000
2022-11-11,9.938582,15352.690430,5.341580,71.358467,3.813000
2022-11-14,9.865573,15228.980469,5.279059,70.652779,3.865000
2022-11-15,9.938582,15381.000000,5.331200,70.903488,3.799000
2022-11-16,9.892951,15265.250000,5.331700,70.467072,3.692000
2022-11-17,9.737803,15223.959961,5.399000,69.761391,3.775000
2022-11-18,9.737803,15309.769531,5.422100,70.039940,3.818000
2022-11-21,9.573528,15278.259766,5.381300,69.835663,3.825000
2022-11-22,9.527897,15481.759766,5.318600,70.745644,3.758000
2022-11-23,9.464013,15545.519531,5.357700,71.061340,3.706000
2022-11-25,9.418381,15605.669922,5.320000,71.079910,3.691000
2022-11-28,9.290613,15370.440430,5.408500,69.232109,3.703000
2022-11-29,9.181097,15433.459961,5.364700,69.872810,3.748000
2022-11-30,9.281487,15780.019531,5.268200,70.541359,3.703000
2022-12-01,9.317991,15761.120117,5.181589,71.404900,3.529000
2022-12-02,8.943811,15767.019531,5.183600,71.098480,3.506000
2022-12-05,8.980318,15474.790039,5.218000,70.151367,3.599000
2022-12-06,9.208475,15328.459961,5.280000,69.612808,3.513000
2022-12-07,9.226727,15311.790039,5.234000,69.956360,3.408000
2022-12-08,9.244982,15399.940430,5.204000,70.281357,3.491000
2022-12-09,9.500518,15291.049805,5.224300,70.866341,3.567000
2022-12-12,9.427508,15468.669922,5.235000,70.782776,3.611000
2022-12-13,8.779537,15562.540039,5.321300,71.099831,3.501000
2022-12-14,9.025949,15494.980469,5.292800,71.044044,3.503000
2022-12-15,8.816043,15182.280273,5.277200,68.775398,3.450000
2022-12-16,8.788665,15018.169922,5.311800,67.957199,3.482000
2022-12-19,8.675139,14938.030273,5.306509,67.566689,3.581000
2022-12-20,8.788665,15000.620117,5.291600,67.901405,3.684000
2022-12-21,8.826505,15219.549805,5.198400,68.171043,3.684000
2022-12-22,8.798125,15081.530273,5.199900,67.520195,3.669000
2022-12-23,8.589996,15188.450195,5.165600,67.715446,3.751000
2022-12-27,8.514314,15218.259766,5.217500,67.836319,3.860000
2022-12-28,8.646759,15037.320312,5.292300,67.427223,3.887000
2022-12-29,8.675139,15241.209961,5.266800,68.143150,3.835000
2022-12-30,8.741362,15184.309570,5.284600,67.641068,3.879000
2023-01-03,8.637299,15154.450195,5.360131,67.873512,3.793000
2023-01-04,8.731901,15350.299805,5.478500,68.812584,3.709000
2023-01-05,8.892727,15225.400391,5.430100,68.310509,3.720000
2023-01-06,9.072474,15539.740234,5.349800,70.123566,3.569000
2023-01-09,9.138696,15514.440430,5.224400,70.504776,3.517000
2023-01-10,9.119778,15608.169922,5.253700,69.835335,3.621000
2023-01-11,9.044094,15749.089844,5.198300,70.142151,3.554000
2023-01-12,9.375206,15859.549805,5.158500,71.164909,3.449000
2023-01-13,9.356285,15918.370117,5.107700,70.848801,3.511000
2023-01-17,9.498190,15883.559570,5.146000,70.597748,3.535000
2023-01-18,9.110316,15649.129883,5.099600,70.197945,3.375000
2023-01-19,8.996792,15569.629883,5.185300,69.891121,3.397000
2023-01-20,8.618377,15777.549805,5.173000,70.495476,3.484000
2023-01-23,8.599458,15880.089844,5.206300,71.137024,3.525000
2023-01-24,8.760283,15868.219727,5.205900,71.276489,3.469000
2023-01-25,8.741362,15889.269531,5.138400,71.350868,3.462000
2023-01-26,8.485932,15985.870117,5.072200,72.810623,3.493000
2023-01-27,8.400789,15962.580078,5.062745,72.494492,3.518000
2023-01-30,8.561616,15818.900391,5.107200,71.536827,3.551000
2023-01-31,8.684601,16036.389648,5.114900,72.931488,3.529000
2023-02-01,8.779203,16121.250000,5.072200,73.814758,3.397000
2023-02-02,8.476472,16122.580078,5.053500,74.335442,3.396000
2023-02-03,8.552155,15999.400391,5.049200,73.414963,3.532000
2023-02-06,8.467012,15895.360352,5.149800,72.131882,3.634000
2023-02-07,8.410250,16021.620117,5.145700,72.568863,3.674000
2023-02-08,8.362948,15934.719727,5.209300,71.220688,3.653000
2023-02-09,8.306187,15828.599609,5.199500,71.081238,3.683000
2023-02-10,8.410250,15910.690430,5.289500,70.086365,3.744000
2023-02-13,8.580536,16052.250000,5.213483,71.369469,3.717000
2023-02-14,8.561616,16025.110352,5.158400,71.211403,3.761000
2023-02-15,8.722441,16016.089844,5.191500,70.690727,3.809000
2023-02-16,8.656219,15873.780273,5.218000,70.002708,3.843000
2023-02-17,8.627838,15840.160156,5.216800,69.658684,3.828000
2023-02-21,8.381868,15572.519531,5.166700,68.366287,3.955000
2023-02-22,8.419710,15530.830078,5.166500,68.282623,3.923000
2023-02-23,8.504853,15584.929688,5.151200,68.310509,3.879000
2023-02-24,8.400789,15464.459961,5.136200,67.492310,3.949000
2023-02-27,8.448092,15492.929688,5.207800,68.245422,3.922000
2023-02-28,8.637299,15428.969727,5.199700,68.487167,3.916000
2023-03-01,8.552155,15436.299805,5.235900,69.221672,3.994000
2023-03-02,8.485932,15524.519531,5.178300,69.472733,4.073000
2023-03-03,8.769744,15721.059570,5.199600,70.095665,3.964000
2023-03-06,8.779203,15694.339844,5.194400,69.054321,3.983000
2023-03-07,8.722441,15439.019531,5.152200,67.799126,3.975000
2023-03-08,8.750823,15440.639648,5.190000,68.803299,3.976000
2023-03-09,8.504853,15140.790039,5.144400,67.789833,3.925000
2023-03-10,8.164281,14894.179688,5.163700,66.785675,3.695000
2023-03-13,7.965613,14764.370117,5.215600,66.227821,3.515000
2023-03-14,8.098059,14944.740234,5.245700,66.209221,3.638000
2023-03-15,7.918312,14662.549805,5.251700,65.093483,3.492000
2023-03-16,7.956154,14830.980469,5.287100,65.642059,3.585000
2023-03-17,7.804787,14599.049805,5.229600,64.600716,3.395000
2023-03-20,7.804787,14777.700195,5.277800,65.474693,3.481000
2023-03-21,7.719645,14985.950195,5.235700,66.153435,3.606000
2023-03-22,7.681803,14741.080078,5.240900,65.019104,3.500000
2023-03-23,7.502057,14693.019531,5.236100,64.758774,3.406000
2023-03-24,7.643961,14758.570312,5.296700,64.935417,3.380000
2023-03-27,7.606120,14894.849609,5.245100,64.898247,3.528000
2023-03-28,7.738565,14949.349609,5.197100,65.028412,3.564000
2023-03-29,7.899392,15123.959961,5.164400,65.521179,3.566000
2023-03-30,7.965613,15200.589844,5.134200,66.088341,3.551000
2023-03-31,7.766947,15374.910156,5.092700,66.562531,3.494000
2023-04-03,7.937233,15487.759766,5.062300,66.869362,3.430000
2023-04-04,7.861550,15374.110352,5.063100,66.571823,3.337000
2023-04-05,7.672343,15368.259766,5.070700,65.837296,3.287000
2023-04-06,7.558818,15379.129883,5.033200,66.097641,3.288000
2023-04-10,7.691263,15427.179688,5.054400,66.320793,3.415000
2023-04-11,8.012915,15520.919922,5.065300,67.603874,3.434000
2023-04-12,8.088598,15500.929688,5.004000,67.287750,3.421000
2023-04-13,7.946692,15630.889648,4.916900,67.854919,3.452000
2023-04-14,7.776407,15601.780273,4.926700,67.129692,3.522000
2023-04-17,7.738565,15668.339844,4.908700,67.529495,3.591000
2023-04-18,7.814249,15684.959961,4.939800,67.501595,3.572000
2023-04-19,7.653422,15653.620117,4.984300,67.306351,3.602000
2023-04-20,7.539897,15582.940430,5.074300,66.711288,3.545000
2023-04-21,7.360151,15578.929688,5.047700,66.423065,3.570000
2023-04-24,7.454755,15606.709961,5.047900,66.423065,3.515000
2023-04-25,7.227706,15363.530273,5.033400,64.786659,3.396000
2023-04-26,7.142563,15228.580078,5.053100,64.293892,3.432000
2023-04-27,7.208786,15431.639648,5.043000,64.628609,3.528000
2023-04-28,7.539897,15545.879883,4.976200,65.939575,3.452000
2023-05-01,7.445294,15535.889648,4.986000,65.846611,3.574000
2023-05-02,7.606120,15314.889648,4.987900,65.325928,3.439000
2023-05-03,7.587201,15233.849609,5.038400,66.106941,3.403000
2023-05-04,7.483136,15117.669922,4.994400,65.762932,3.351000
2023-05-05,7.956154,15380.870117,4.982600,67.241257,3.446000
2023-05-08,7.918312,15391.269531,4.951700,67.594582,3.521000
2023-05-09,7.842628,15352.809570,5.008000,67.204071,3.521000
2023-05-10,7.975074,15349.169922,4.985900,67.194778,3.439000
2023-05-11,7.918312,15263.070312,4.942900,67.213371,3.397000
2023-05-12,8.154819,15246.360352,4.929500,66.748489,3.463000
2023-05-15,8.277805,15322.559570,4.920200,67.436516,3.508000
2023-05-16,8.325107,15129.250000,4.887900,66.767082,3.549000
2023-05-17,8.362948,15313.919922,4.939400,66.934441,3.581000
2023-05-18,8.618377,15345.429688,4.937700,66.869362,3.648000
2023-05-19,8.580536,15324.320312,4.964400,67.259857,3.692000
2023-05-22,8.599458,15318.849609,4.996800,67.046013,3.719000
2023-05-23,8.694060,15172.269531,4.966100,67.427223,3.698000
2023-05-24,8.485932,15022.889648,4.971200,66.162727,3.719000
2023-05-25,8.268345,14975.969727,4.958600,65.307335,3.814000
2023-05-26,8.589996,15078.690430,5.035200,65.893097,3.810000
2023-05-30,8.448092,14994.639648,5.018100,65.418907,3.700000
2023-05-31,8.391330,14887.139648,5.034800,64.572815,3.637000
2023-06-01,8.467012,15031.089844,5.054800,64.888939,3.608000
2023-06-02,8.826505,15345.190430,5.013100,66.785675,3.691000
2023-06-05,8.921109,15275.209961,4.956600,66.720596,3.693000
2023-06-06,9.015713,15391.799805,4.925600,67.650368,3.699000
2023-06-07,8.779203,15469.629883,4.912000,67.523453,3.784000
2023-06-08,8.807585,15502.639648,4.922400,68.243286,3.714000
2023-06-09,8.769744,15499.910156,4.922100,67.798126,3.745000
2023-06-12,9.063014,15548.469727,4.877900,68.034920,3.765000
2023-06-13,9.110316,15667.790039,4.860600,68.726357,3.839000
2023-06-14,9.110316,15642.730469,4.861000,69.057861,3.796000
2023-06-15,9.460348,15826.349609,4.815000,69.559860,3.728000
2023-06-16,9.469809,15795.120117,4.809200,69.285179,3.769000
2023-06-20,9.299522,15648.919922,4.776900,68.508499,3.729000
2023-06-21,9.176538,15657.000000,4.789300,67.495041,3.723000
2023-06-22,9.072474,15600.700195,4.762300,67.021461,3.799000
2023-06-23,9.034633,15469.349609,4.769737,66.178467,3.739000
2023-06-26,9.044094,15518.740234,4.785500,66.528923,3.719000
2023-06-27,8.835966,15646.679688,4.767300,66.869904,3.768000
2023-06-28,8.571075,15617.360352,4.810500,67.324539,3.710000
2023-06-29,8.561616,15737.379883,4.850500,67.078278,3.854000
2023-06-30,8.722441,15875.910156,4.855600,67.902313,3.819000
2023-07-03,8.826505,15918.500000,4.784200,68.328537,3.858000
2023-07-05,8.675139,15835.530273,4.839900,67.646576,3.945000
2023-07-06,8.457552,15641.669922,4.847200,66.585754,4.041000
2023-07-07,8.665679,15671.629883,4.918700,67.845474,4.050000
2023-07-10,8.542695,15748.870117,4.870900,68.186462,4.006000
2023-07-11,8.561616,15897.309570,4.898200,68.754768,3.980000
2023-07-12,8.675139,16011.280273,4.851500,70.128151,3.861000
2023-07-13,8.760283,16106.849609,4.816900,70.866936,3.761000
2023-07-14,8.769744,16040.230469,4.794800,70.298645,3.819000
2023-07-17,8.703522,16054.169922,4.788100,70.232338,3.797000
2023-07-18,8.750823,16156.509766,4.805800,70.810112,3.789000
2023-07-19,8.599458,16230.940430,4.809300,70.516487,3.742000
2023-07-20,8.580536,16263.709961,4.789900,70.317589,3.854000
2023-07-21,8.731901,16289.120117,4.796900,69.237816,3.837000
2023-07-24,8.958951,16369.139648,4.777400,69.938713,3.857000
2023-07-25,8.968410,16385.169922,4.725500,71.321594,3.912000
2023-07-26,9.299522,16418.210938,4.748900,71.880417,3.851000
2023-07-27,9.394127,16270.599609,4.736200,71.833054,4.012000
2023-07-28,9.450888,16363.259766,4.741600,71.833054,3.969000
2023-07-31,9.611714,16427.289062,4.723300,72.278214,3.959000
2023-08-01,9.564412,16356.509766,4.724700,71.567848,4.051000
2023-08-02,9.394127,16174.540039,4.792000,70.241814,4.078000
2023-08-03,9.564412,16125.419922,4.810400,70.298645,4.189000
2023-08-04,9.725239,16071.059570,4.916400,70.829056,4.060000
2023-08-07,9.706318,16208.230469,4.885400,71.084793,4.078000
2023-08-08,9.602254,16176.349609,4.899000,70.374420,4.026000
2023-08-09,9.498190,16135.769531,4.898600,70.317589,4.012000
2023-08-10,9.526571,16135.219727,4.901700,70.099739,4.080000
2023-08-11,9.677937,16143.379883,4.891500,69.862953,4.168000
2023-08-14,9.677937,16116.049805,4.911000,69.844002,4.184000
2023-08-15,9.450888,15911.309570,4.962100,68.858955,4.221000
2023-08-16,9.460348,15818.110352,4.983200,68.735817,4.258000
2023-08-17,9.545491,15734.379883,4.986900,68.480080,4.308000
2023-08-18,9.640095,15750.169922,4.975500,68.328537,4.251000
2023-08-21,9.469809,15746.209961,4.966900,68.158051,4.342000
2023-08-22,9.545491,15690.280273,4.978700,68.660049,4.328000
2023-08-23,9.611714,15823.269531,4.937100,69.124161,4.198000
2023-08-24,9.517112,15683.009766,4.855100,68.338013,4.235000
2023-08-25,9.630635,15766.910156,4.880300,69.086273,4.239000
2023-08-28,9.734698,15879.589844,4.870400,69.711395,4.212000
2023-08-29,9.952287,16041.490234,4.872600,70.866936,4.122000
2023-08-30,9.886064,16074.219727,4.851300,71.217400,4.118000
2023-08-31,9.573873,16000.370117,4.888400,70.658569,4.093000
2023-09-01,9.734698,16091.790039,4.953800,70.904823,4.173000
2023-09-05,9.583334,15942.480469,4.936200,69.787178,4.268000
2023-09-06,9.384665,15891.530273,4.966700,69.209396,4.290000
2023-09-07,9.280602,15864.190430,4.977000,68.830536,4.260000
2023-09-08,9.204920,15878.990234,4.976100,68.366425,4.258000
2023-09-11,9.583334,15949.440430,4.983000,69.474602,4.288000
2023-09-12,9.526571,15953.910156,4.929400,69.001022,4.264000
2023-09-13,9.649555,15926.639648,4.946600,68.982086,4.249000
2023-09-14,9.923905,16089.480469,4.915400,70.658569,4.288000
2023-09-15,10.094193,15973.679688,4.868200,71.018494,4.322000
2023-09-18,10.075271,15952.519531,4.867000,70.971130,4.319000
2023-09-19,10.207716,15929.009766,4.853700,71.217400,4.365000
2023-09-20,10.595591,15859.620117,4.865800,70.677513,4.349000
2023-09-21,10.690194,15601.599609,4.878800,70.308113,4.480000
2023-09-22,10.576670,15569.509766,4.934900,69.682991,4.438000
2023-09-25,10.510448,15593.730469,4.933900,70.042900,4.542000
2023-09-26,10.292859,15381.580078,4.968300,69.711395,4.558000
2023-09-27,10.084732,15394.690430,4.986200,69.057861,4.626000
2023-09-28,10.103653,15478.070312,5.042200,69.768234,4.597000
2023-09-29,10.169875,15398.209961,5.032800,70.109207,4.573000
2023-10-02,10.094193,15230.009766,5.042800,68.612686,4.683000
2023-10-03,10.084732,15043.419922,5.061500,67.504494,4.802000
2023-10-04,10.094193,15070.910156,5.166300,68.338013,4.735000
2023-10-05,10.113112,15072.990234,5.154600,68.356956,4.717000
2023-10-06,10.321240,15214.019531,5.165000,69.190468,4.784000
2023-10-09,10.434765,15318.080078,5.145700,69.360947,4.797000
2023-10-10,10.567209,15450.240234,5.135200,70.118683,4.655000
2023-10-11,10.595591,15487.780273,5.051000,70.791168,4.595000
2023-10-12,10.510448,15329.549805,5.049600,69.616699,4.712000
2023-10-13,10.832100,15323.700195,5.045900,69.692459,4.629000
2023-10-16,10.775337,15484.500000,5.048200,70.573318,4.712000
2023-10-17,10.822639,15541.379883,5.037600,70.279694,4.847000
2023-10-18,10.463146,15324.959961,5.037400,68.697937,4.904000
2023-10-19,10.500988,15196.370117,5.056100,67.722351,4.988000
2023-10-20,10.292859,15033.309570,5.062900,66.415268,4.924000
2023-10-23,10.188797,14946.009766,5.031300,65.657532,4.838000
2023-10-24,9.904985,15025.759766,5.012300,66.500504,4.840000
2023-10-25,9.886064,14914.120117,4.991000,65.903801,4.953000
2023-10-26,9.942827,14858.700195,4.994700,66.443680,4.845000
2023-10-27,9.819842,14675.780273,4.985300,66.339493,4.845000
2023-10-30,9.659016,14825.889648,4.952030,66.784653,4.875000
2023-10-31,9.668477,14919.200195,5.046100,67.002510,4.875000
2023-11-01,9.791461,15002.549805,5.034100,67.239296,4.789000
2023-11-02,9.952287,15332.599609,4.953700,69.076790,4.669000
2023-11-03,9.867144,15475.200195,4.952900,70.677513,4.558000
2023-11-06,9.990129,15440.500000,4.899200,71.009018,4.662000
2023-11-07,10.056350,15388.490234,4.884100,70.241814,4.571000
2023-11-08,10.283399,15352.190430,4.871500,69.862953,4.523000
2023-11-09,10.255018,15235.179688,4.909300,69.588272,4.630000
2023-11-10,10.491527,15388.440430,4.933900,70.090279,4.628000
2023-11-13,10.359082,15403.139648,4.893379,69.777702,4.632000
2023-11-14,10.245558,15732.669922,4.906200,72.098259,4.441000
2023-11-15,10.292859,15765.019531,4.864500,72.855988,4.535000
2023-11-16,10.330702,15716.549805,4.860900,71.927765,4.445000
2023-11-17,10.188797,15813.459961,4.862200,72.694977,4.441000
2023-11-20,10.292859,15881.629883,4.819177,72.372940,4.422000
2023-11-21,10.226638,15861.570312,4.851800,72.022491,4.418000
2023-11-22,10.273939,15907.889648,4.899300,72.117203,4.416000
2023-11-24,10.273939,15983.820312,4.902500,72.202446,4.472000
2023-11-27,10.330702,15930.889648,4.900900,72.136147,4.389000
2023-11-28,10.283399,15929.150391,4.895500,72.628677,4.336000
2023-11-29,10.434765,15962.990234,4.869800,73.329575,4.271000
2023-11-30,10.273939,16088.839844,4.904100,72.837044,4.352000
2023-12-01,10.018510,16263.750000,4.923100,73.888405,4.226000
2023-12-04,9.904985,16232.820312,4.902159,73.234856,4.288000
2023-12-05,9.800920,16123.040039,4.943100,72.429764,4.171000
2023-12-06,9.800920,16092.370117,4.927700,72.590782,4.121000
2023-12-07,9.772541,16136.849609,4.901200,72.979134,4.129000
2023-12-08,9.972968,16207.759766,4.910100,72.846527,4.245000
2023-12-11,10.021380,16274.440430,4.893286,73.073837,4.239000
2023-12-12,9.924556,16285.940430,4.936700,71.984596,4.206000
2023-12-13,10.205348,16560.710938,4.964500,73.689491,4.033000
2023-12-14,10.321538,16723.919922,4.918400,75.621719,3.930000
2023-12-15,10.340902,16609.839844,4.914600,74.939751,3.928000
2023-12-18,10.389315,16656.759766,4.919657,74.958702,3.954000
2023-12-19,10.553917,16798.400391,4.895900,76.720428,3.922000
2023-12-20,10.592647,16534.720703,4.866500,75.716438,3.877000
2023-12-21,10.776615,16724.919922,4.914600,76.606773,3.894000
2023-12-22,10.941217,16770.449219,4.881800,76.966698,3.901000
2023-12-26,11.067090,16859.490234,4.869744,77.345566,3.886000
2023-12-27,11.144549,16898.339844,4.813500,77.620239,3.789000
2023-12-28,11.067090,16890.580078,4.826100,77.345566,3.850000
2023-12-29,10.999312,16852.890625,4.850200,77.004578,3.866000
2024-01-02,10.795979,16841.619141,4.852400,76.417336,3.946000
2024-01-03,10.892805,16718.650391,4.922500,74.134659,3.907000
2024-01-04,10.757250,16715.710938,4.919200,75.744843,3.991000
2024-01-05,10.679790,16758.240234,4.895600,75.877449,4.042000
2024-01-08,10.863757,16885.369141,4.860667,76.966698,4.002000
2024-01-09,10.650743,16773.070312,4.869000,75.886932,4.019000
2024-01-10,10.621695,16818.880859,4.905100,75.422806,4.030000
2024-01-11,10.737885,16781.119141,4.891400,75.365974,3.977000
2024-01-12,10.670108,16799.539062,4.869700,75.508064,3.950000
2024-01-16,10.350585,16639.380859,4.862200,74.219910,4.066000
2024-01-17,10.302173,16522.830078,4.924900,73.206436,4.106000
2024-01-18,10.108522,16616.289062,4.934000,73.045441,4.144000
2024-01-19,10.176301,16729.550781,4.926100,72.988594,4.146000
2024-01-22,10.011698,16779.490234,4.904642,72.799156,4.094000
2024-01-23,10.156935,16800.859375,4.988300,73.054893,4.142000
2024-01-24,10.108522,16769.250000,4.952200,72.922287,4.178000
2024-01-25,10.215031,16889.519531,4.932500,73.547424,4.132000
2024-01-26,10.408680,16949.109375,4.915800,73.973640,4.160000
2024-01-29,9.982651,17040.599609,4.913600,73.670555,4.091000
2024-01-30,10.166617,17089.460938,4.950200,73.083313,4.059000
2024-01-31,10.069793,16911.130859,4.950300,72.136147,3.967000
2024-02-01,10.021380,17115.580078,4.951900,71.975121,3.863000
2024-02-02,9.992332,17101.970703,4.915000,71.312111,4.033000
2024-02-05,10.031063,17004.779297,4.932938,70.525963,4.164000
2024-02-06,10.447410,17135.480469,4.949943,71.037430,4.090000
2024-02-07,10.466776,17212.320312,4.962300,71.596260,4.110000
2024-02-08,10.340902,17252.320312,4.969300,71.558372,4.170000
2024-02-09,10.321538,17275.869141,4.991900,71.880417,4.187000
2024-02-12,10.563601,17332.460938,4.953100,72.524483,4.172000
2024-02-13,10.292490,17068.539062,4.952200,70.507019,4.316000
2024-02-14,10.156935,17240.189453,4.952000,70.753281,4.267000
2024-02-15,10.205348,17434.929688,4.968300,72.155098,4.240000
2024-02-16,10.360268,17409.300781,4.972400,72.571846,4.295000
2024-02-20,10.573283,17340.169922,4.956400,72.685501,4.275000
2024-02-21,10.825027,17382.679688,4.926400,72.969650,4.325000
2024-02-22,10.902488,17565.070312,4.934900,73.178040,4.327000
2024-02-23,10.766932,17616.019531,4.962400,72.827576,4.260000
2024-02-26,10.863757,17566.609375,4.993500,72.581306,4.299000
2024-02-27,11.163915,17598.320312,4.978900,73.983124,4.315000
2024-02-28,11.183280,17573.689453,4.932400,75.025002,4.274000
2024-02-29,10.989631,17607.429688,4.967300,75.062897,4.252000
2024-03-01,11.241374,17728.269531,4.969800,75.545944,4.180000
2024-03-04,11.454390,17748.699219,4.952700,75.574364,4.219000
2024-03-05,11.454390,17669.490234,4.944900,74.750328,4.137000
2024-03-06,11.425343,17801.039062,4.957100,74.977654,4.104000
2024-03-07,11.589945,17927.619141,4.943600,75.811150,4.092000
2024-03-08,11.512485,17889.619141,4.933800,75.915344,4.089000
2024-03-11,11.396295,17863.689453,4.977540,76.493118,4.104000
2024-03-12,11.531849,17974.060547,4.977400,76.720428,4.155000
2024-03-13,11.580261,18018.630859,4.968700,76.692009,4.192000
2024-03-14,11.541532,17886.269531,4.969200,75.953232,4.298000
2024-03-15,11.812641,17848.080078,4.992700,76.521523,4.304000
2024-03-18,11.754547,17882.310547,4.968047,75.934280,4.340000
2024-03-19,12.093434,17975.789062,5.029400,77.364510,4.297000
2024-03-20,12.141846,18130.080078,5.030000,78.709480,4.273000
2024-03-21,12.083752,18214.119141,4.966200,79.457733,4.271000
2024-03-22,12.074069,18112.039062,4.974500,79.268318,4.218000
2024-03-25,12.015974,18077.150391,5.000900,79.410370,4.253000
2024-03-26,12.258037,18059.189453,4.972200,79.618752,4.234000
2024-03-27,12.422639,18255.240234,4.975700,80.338600,4.196000
2024-03-28,12.374227,18312.669922,4.990300,79.921852,4.206000
2024-04-01,12.412956,18216.189453,5.013200,79.599808,4.329000
2024-04-02,12.471052,18107.529297,5.053600,79.457733,4.365000
2024-04-03,12.354861,18146.640625,5.064400,79.486153,4.355000
2024-04-04,12.190259,17982.490234,5.038600,79.277771,4.309000
2024-04-05,11.986927,18122.259766,5.057400,79.372498,4.378000
2024-04-08,11.986927,18154.369141,5.054900,79.580864,4.424000
2024-04-09,11.957879,18171.199219,5.023900,79.912376,4.366000
2024-04-10,11.754547,17947.300781,5.007600,78.832603,4.560000
2024-04-11,11.628675,17915.199219,5.066200,78.889435,4.576000
2024-04-12,11.522167,17639.039062,5.090400,77.051941,4.499000
2024-04-15,11.386612,17506.929688,5.117100,76.294205,4.628000
2024-04-16,11.231692,17413.980469,5.183700,75.526993,4.659000
2024-04-17,11.212327,17403.439453,5.285500,74.361977,4.585000
2024-04-18,11.222010,17388.089844,5.232600,74.418816,4.647000
2024-04-19,11.415660,17458.769531,5.241700,75.252312,4.615000
2024-04-22,11.357564,17602.189453,5.206200,75.403862,4.623000
2024-04-23,11.367247,17792.759766,5.165700,75.347046,4.598000
2024-04-24,11.367247,17758.080078,5.130500,75.271263,4.652000
2024-04-25,11.241374,17731.560547,5.145500,75.214447,4.706000
2024-04-26,11.299469,17763.269531,5.158600,74.930290,4.669000
2024-04-29,11.125184,17831.070312,5.115500,75.811150,4.614000
2024-04-30,10.883122,17603.339844,5.117000,74.939751,4.686000
2024-05-01,10.912169,17576.390625,5.193900,75.129189,4.595000
2024-05-02,11.154232,17699.050781,5.194400,77.411865,4.571000
2024-05-03,11.289786,17797.890625,5.110300,77.572884,4.500000
2024-05-06,11.376930,17963.839844,5.070900,78.055931,4.489000
2024-05-07,10.060110,17994.269531,5.074900,77.667587,4.463000
2024-05-08,10.031063,17996.029297,5.073300,78.018051,4.492000
2024-05-09,10.031063,18127.210938,5.087900,78.453743,4.449000
2024-05-10,9.740588,18162.050781,5.140800,78.321136,4.504000
2024-05-13,9.537256,18133.949219,5.123260,78.538986,4.481000
2024-05-14,9.450113,18220.810547,5.154200,79.325134,4.445000
2024-05-15,9.527574,18378.490234,5.127800,79.855545,4.356000
2024-05-16,9.769635,18317.380859,5.133600,79.988144,4.377000
2024-05-17,9.837413,18388.259766,5.128600,79.969208,4.420000
2024-05-20,9.885825,18335.619141,5.102000,80.414375,4.437000
2024-05-21,9.295194,18337.910156,5.103100,80.442795,4.414000
2024-05-22,9.082179,18236.640625,5.121900,79.505104,4.434000
2024-05-23,9.527574,18028.470703,5.151100,78.908379,4.475000
2024-05-24,9.208051,18110.599609,5.143100,79.770309,4.467000
2024-05-28,9.266146,18007.009766,5.171700,79.306190,4.542000
2024-05-29,9.198368,17794.890625,5.161300,77.894905,4.624000
2024-05-30,9.256464,17852.359375,5.202100,78.434799,4.554000
2024-05-31,9.053131,18083.689453,5.202100,78.671593,4.514000
2024-06-03,8.694879,18006.960938,5.244400,78.775787,4.402000
2024-06-04,8.588371,17934.490234,5.249000,77.951744,4.336000
2024-06-05,8.569007,18045.500000,5.287700,77.677063,4.289000
2024-06-06,8.888529,18066.570312,5.300400,77.923325,4.281000
2024-06-07,8.878846,17985.630859,5.257100,76.834084,4.430000
2024-06-10,9.033766,18037.529297,5.270441,76.834084,4.469000
2024-06-11,8.878846,17919.109375,5.352800,76.293404,4.404000
2024-06-12,8.830434,18005.949219,5.364900,75.975914,4.295000
2024-06-13,8.849799,17923.410156,5.401000,76.331879,4.238000
2024-06-14,8.772339,17817.259766,5.361600,75.985527,4.213000
2024-06-17,8.704561,17902.250000,5.357200,75.735390,4.279000
2024-06-18,8.646466,17967.849609,5.424000,76.120216,4.217000
2024-06-20,8.588371,18015.949219,5.422400,76.168320,4.254000
2024-06-21,8.723927,17995.689453,5.452400,75.793106,4.257000
2024-06-24,8.946624,18126.689453,5.426126,76.052879,4.248000
2024-06-25,8.859481,18051.000000,5.389300,75.754616,4.238000
2024-06-26,8.917576,17993.789062,5.450700,74.792534,4.316000
2024-06-27,10.079475,18009.089844,5.522500,75.514107,4.288000
2024-06-28,9.943921,18026.500000,5.500500,75.398651,4.343000
2024-07-01,9.905190,17957.050781,5.591900,75.138893,4.479000
2024-07-02,9.827730,18028.169922,5.655000,74.398087,4.436000
2024-07-03,10.021380,18091.650391,5.675500,75.321686,4.355000
2024-07-05,9.701859,18098.900391,5.486400,74.773300,4.272000
2024-07-08,9.469479,18087.869141,5.471290,74.552017,4.269000
2024-07-09,9.401701,18048.580078,5.470400,74.176804,4.300000
2024-07-10,9.392018,18215.179688,5.417100,74.782921,4.280000
2024-07-11,9.430749,18379.740234,5.414700,75.687279,4.193000
2024-07-12,9.333924,18505.919922,5.438000,76.726334,4.189000
2024-07-15,9.595350,18525.089844,5.422800,76.408844,4.229000
2024-07-16,9.672810,18781.220703,5.446800,77.919319,4.167000
2024-07-17,9.585668,18712.480469,5.424300,78.092499,4.146000
2024-07-18,9.333924,18513.740234,5.487700,77.746140,4.189000
2024-07-19,9.295194,18406.050781,5.543200,77.390175,4.239000
2024-07-22,9.275828,18539.140625,5.520872,78.486946,4.260000
2024-07-23,9.208051,18518.339844,5.570700,77.688416,4.239000
2024-07-24,9.072495,18308.419922,5.585300,76.582016,4.286000
2024-07-25,9.033766,18344.460938,5.653600,77.188141,4.256000
2024-07-26,8.888529,18564.480469,5.643100,77.457527,4.200000
2024-07-29,9.101542,18539.369141,5.622841,77.928940,4.178000
2024-07-30,9.217734,18580.580078,5.614500,77.736519,4.143000
2024-07-31,9.237099,18710.009766,5.611100,78.535049,4.109000
2024-08-01,9.111226,18493.230469,5.656600,76.591637,3.976000
2024-08-02,8.985353,18162.259766,5.750600,75.437141,3.792000
2024-08-05,8.927258,17725.179688,5.726700,73.291695,3.785000
2024-08-06,8.898211,17922.550781,5.720900,74.138321,3.888000
2024-08-07,8.975672,17838.810547,5.655500,73.397522,3.968000
2024-08-08,9.324242,18186.119141,5.635800,74.080597,3.997000
2024-08-09,9.643764,18267.150391,5.546100,74.157562,3.942000
2024-08-12,9.605034,18206.390625,5.506300,74.061363,3.909000
2024-08-13,9.682493,18402.310547,5.491900,74.869499,3.852000
2024-08-14,9.711541,18498.089844,5.455700,74.956093,3.820000
2024-08-15,9.537256,18706.519531,5.468900,75.494873,3.926000
2024-08-16,9.663128,18753.769531,5.484900,76.004776,3.892000
2024-08-19,9.866460,18882.039062,5.471300,77.255493,3.867000
2024-08-20,9.914872,18802.240234,5.405600,77.390175,3.818000
2024-08-21,10.021380,18902.500000,5.478100,77.977043,3.778000
2024-08-22,9.808366,18850.849609,5.482500,77.188141,3.862000
2024-08-23,9.934238,19093.480469,5.590900,79.439407,3.807000
2024-08-26,9.779318,19100.400391,5.485400,79.602959,3.818000
2024-08-27,9.789001,19119.310547,5.495700,79.352837,3.833000
2024-08-28,9.789001,19064.429688,5.507900,78.525436,3.841000
2024-08-29,9.595350,19149.539062,5.562200,78.477325,3.867000
2024-08-30,9.430749,19292.230469,5.627700,78.775574,3.911000
2024-09-03,9.372654,19017.419922,5.615100,77.726906,3.844000
2024-09-04,9.508208,19001.919922,5.647500,77.159264,3.768000
2024-09-05,9.575986,18878.019531,5.642000,77.755760,3.731000
2024-09-06,9.421065,18663.140625,5.567500,76.947617,3.710000
2024-09-09,9.392018,18859.689453,5.596600,77.034203,3.697000
2024-09-10,9.440431,18822.220703,5.584300,77.544106,3.646000
2024-09-11,9.479161,18866.630859,5.662900,77.524864,3.653000
2024-09-12,9.362971,18987.900391,5.667400,78.727470,3.680000
2024-09-13,9.459796,19121.500000,5.625700,79.679932,3.650000
2024-09-16,9.314558,19256.380859,5.612370,80.189842,3.621000
2024-09-17,9.392018,19225.779297,5.503900,80.699745,3.642000
2024-09-18,9.343605,19195.560547,5.481700,80.545815,3.685000
2024-09-19,9.372654,19432.419922,5.461000,81.883110,3.740000
2024-09-20,9.140273,19373.740234,5.423900,80.468842,3.728000
2024-09-23,9.053131,19445.429688,5.513600,80.507324,3.739000
2024-09-24,9.411384,19506.550781,5.536100,81.796524,3.736000
2024-09-25,9.179003,19381.179688,5.449700,81.334724,3.781000
2024-09-26,9.643764,19501.720703,5.473800,82.874062,3.791000
2024-09-27,9.701859,19501.220703,5.436700,82.845200,3.749000
2024-09-30,9.682493,19516.439453,5.433200,82.902924,3.802000
2024-10-01,9.769635,19473.929688,5.448500,82.537331,3.743000
2024-10-02,9.789001,19481.789062,5.424000,82.085159,3.785000
2024-10-03,9.701859,19387.679688,5.440300,81.652214,3.850000
2024-10-04,9.924556,19538.679688,5.476300,82.700890,3.981000
2024-10-07,9.876143,19432.300781,5.454300,81.738800,4.026000
2024-10-08,9.730906,19435.029297,5.494200,80.815201,4.033000
2024-10-09,9.440431,19547.089844,5.534700,80.795952,4.067000
2024-10-10,9.411384,19496.009766,5.596100,79.881973,4.096000
2024-10-11,9.362971,19711.220703,5.581700,80.844063,4.073000
2024-10-14,9.556621,19814.550781,5.610600,80.209091,4.098000
2024-10-15,9.362971,19678.710938,5.594700,79.131554,4.038000
2024-10-16,9.333924,19825.490234,5.652000,79.083443,4.016000
2024-10-17,9.411384,19855.259766,5.668000,78.159843,4.096000
2024-10-18,9.508208,19884.810547,5.651800,78.458084,4.073000
2024-10-21,9.585668,19720.320312,5.635900,77.688416,4.182000
2024-10-22,9.827730,19664.580078,5.688100,77.563347,4.204000
2024-10-23,9.818048,19594.240234,5.689300,77.688416,4.242000
2024-10-24,9.876143,19560.730469,5.686500,77.534477,4.200000
2024-10-25,10.079475,19456.269531,5.664000,77.871216,4.232000
2024-10-28,10.079475,19549.669922,5.685813,77.938568,4.278000
2024-10-29,10.011698,19456.689453,5.710200,76.668610,4.274000
2024-10-30,10.098840,19416.269531,5.760000,77.438278,4.266000
2024-10-31,9.943921,19238.949219,5.762300,77.486389,4.284000
2024-11-01,9.895509,19253.539062,5.789400,77.476761,4.361000
2024-11-04,10.011698,19243.390625,5.677526,77.832733,4.309000
2024-11-05,10.176301,19463.789062,5.790600,78.881393,4.289000
2024-11-06,10.098840,19828.000000,5.739800,78.612022,4.426000
2024-11-07,10.031063,19876.099609,5.674800,79.554863,4.341000
2024-11-08,9.847095,19937.130859,5.691000,77.678795,4.306000
2024-11-11,9.779318,20015.869141,5.736400,77.380554,4.308000
2024-11-12,9.943921,19853.289062,5.755400,76.014389,4.432000
2024-11-13,9.963285,19845.419922,5.748200,75.312065,4.451000
2024-11-14,10.156935,19733.580078,5.805900,75.186996,4.418000
2024-11-15,10.302173,19645.769531,5.788300,75.764244,4.428000
2024-11-18,10.302173,19718.419922,5.794600,76.331879,4.414000
2024-11-19,10.156935,19718.250000,5.746400,76.043251,4.379000
2024-11-20,10.224713,19749.130859,5.771800,76.687851,4.406000
2024-11-21,10.224713,19968.300781,5.770700,76.572395,4.432000
2024-11-22,10.156935,20123.449219,5.814100,77.255493,4.410000
2024-11-25,9.992332,20220.359375,5.799300,78.814056,4.265000
2024-11-26,9.866460,20219.449219,5.797200,77.832733,4.302000
2024-11-27,9.721223,20209.820312,5.809600,77.380554,4.242000
2024-11-29,10.021380,20272.039062,6.013900,78.304153,4.178000
2024-12-02,9.914872,20213.220703,5.973200,77.775002,4.196000
2024-12-03,10.185984,20185.810547,6.056800,78.275291,4.223000
2024-12-04,10.457093,20188.599609,6.043100,77.977043,4.180000
2024-12-05,10.466776,20157.439453,6.038800,77.977043,4.180000
2024-12-06,10.379633,20107.789062,6.010300,77.813492,4.151000
2024-12-09,10.582965,20006.259766,6.088300,78.477325,4.199000
2024-12-10,10.360268,19881.900391,6.076600,77.361313,4.221000
2024-12-11,10.350585,19891.029297,6.045300,77.649933,4.271000
2024-12-12,10.127888,19769.089844,5.952700,77.438278,4.324000
2024-12-13,9.982651,19729.369141,5.996100,76.293404,4.399000
2024-12-16,10.002016,19627.679688,6.040900,76.158707,4.397000
2024-12-17,10.098840,19517.609375,6.147300,75.971252,4.385000
2024-12-18,9.878866,18986.960938,6.103200,72.976082,4.494000
2024-12-19,9.858868,18958.210938,6.288900,72.338409,4.570000
2024-12-20,9.758880,19119.439453,6.151600,73.526802,4.524000
2024-12-23,9.918861,19207.109375,6.084200,73.797340,4.599000
2024-12-24,10.108839,19341.480469,6.193900,74.019569,4.591000
2024-12-26,10.068844,19364.500000,6.182800,74.048553,4.579000
2024-12-27,10.038847,19238.480469,6.148500,74.048553,4.619000
2024-12-30,10.068844,19077.929688,6.193700,73.749031,4.545000
2024-12-31,10.118838,19097.099609,6.177900,73.758690,4.573000
2025-01-02,10.148834,19095.419922,6.300000,73.662071,4.575000
2025-01-03,10.168833,19254.289062,6.151000,73.662071,4.596000
2025-01-06,10.228826,19261.419922,6.180700,74.367393,4.618000
2025-01-07,10.178832,19213.880859,6.115500,73.536469,4.683000
2025-01-08,10.138836,19240.740234,6.100900,73.159660,4.693000
2025-01-10,10.068844,18963.009766,6.034600,72.521973,4.776000
2025-01-13,10.168833,19047.330078,6.105900,73.497826,4.803000
2025-01-14,10.118838,19176.650391,6.093400,73.478500,4.788000
2025-01-15,10.188829,19422.710938,6.054800,74.425362,4.653000
2025-01-16,10.048846,19548.630859,6.012200,74.531647,4.606000
2025-01-17,10.308817,19607.369141,6.049900,75.536476,4.609000
2025-01-21,10.398806,19893.589844,6.029800,77.111366,4.574000
2025-01-22,10.448800,19827.619141,6.020500,76.077545,4.599000
2025-01-23,10.588784,19978.779297,5.940300,76.647598,4.638000
2025-01-24,10.678774,19997.470703,5.924000,77.633102,4.626000
2025-01-27,10.838756,19980.000000,5.909100,77.990593,4.528000
2025-01-28,10.738767,19970.630859,5.892600,77.478516,4.551000
2025-01-29,10.758765,19927.470703,5.856100,77.352905,4.555000
2025-01-30,10.698771,20166.220703,5.856700,77.681412,4.512000
2025-01-31,10.798760,19998.820312,5.874500,77.584793,4.569000
2025-02-03,10.848755,19870.330078,5.840600,76.985756,4.543000
2025-02-04,10.488795,19964.609375,5.806200,76.396385,4.513000
2025-02-05,10.348812,20128.890625,5.757100,76.502663,4.422000
2025-02-06,10.528790,20157.580078,5.802900,77.922966,4.440000
2025-02-07,10.288818,20039.480469,5.760500,76.454353,4.487000
2025-02-10,10.198829,20117.880859,5.803200,76.396385,4.493000
2025-02-11,10.148834,20168.210938,5.786900,76.009903,4.537000
2025-02-12,10.098841,20062.310547,5.764500,75.497833,4.637000
2025-02-13,10.288818,20181.289062,5.764400,77.159676,4.525000
2025-02-14,10.368810,20130.490234,5.766900,77.236961,4.472000
2025-02-18,10.168833,20240.390625,5.712100,77.401222,4.544000
2025-02-19,10.158834,20228.199219,5.688600,76.947113,4.535000
2025-02-20,10.138836,20149.849609,5.720300,77.391556,4.500000
2025-02-21,10.058846,19881.529297,5.701300,76.377060,4.420000
2025-02-24,9.918861,19859.199219,5.731000,76.338417,4.393000
2025-02-25,9.908862,19924.050781,5.777800,76.647598,4.298000
2025-02-26,9.838871,19932.849609,5.740300,75.942276,4.249000
2025-02-27,9.778877,19808.150391,5.801700,75.468849,4.285000
2025-02-28,9.608896,20028.189453,5.839000,74.831161,4.231000
2025-03-03,9.398920,19823.480469,5.880400,75.246620,4.180000
2025-03-04,9.358925,19495.560547,6.020500,74.570297,4.210000
2025-03-05,9.638894,19754.570312,5.885700,76.261124,4.265000
2025-03-06,9.578900,19506.339844,5.740100,76.174149,4.286000
2025-03-07,9.588900,19573.060547,5.763000,76.966438,4.317000
2025-03-10,9.498909,19202.380859,5.782900,75.063057,4.213000
2025-03-11,9.458914,19052.130859,5.852900,74.889137,4.288000
2025-03-12,9.398920,19051.640625,5.808600,74.666916,4.318000
2025-03-13,9.378923,18875.529297,5.797800,73.768356,4.274000
2025-03-14,9.468913,19231.349609,5.798500,75.314262,4.308000
2025-03-17,9.598898,19494.710938,5.740600,75.951935,4.306000
2025-03-18,9.668890,19421.580078,5.678069,75.633095,4.281000
2025-03-19,9.698886,19581.320312,5.672100,75.874641,4.256000
2025-03-20,9.828872,19537.269531,5.648100,75.652420,4.233000
2025-03-21,9.528906,19454.300781,5.673900,73.720055,4.252000
2025-03-24,9.428918,19704.210938,5.729600,73.700729,4.331000
2025-03-25,9.418919,19678.439453,5.760800,74.038887,4.307000
2025-03-26,9.348927,19585.830078,5.698400,73.729698,4.338000
2025-03-27,9.378923,19534.720703,5.733500,73.749031,4.369000
2025-03-28,9.258937,19270.300781,5.739300,73.352898,4.255000
2025-03-31,9.288934,19395.859375,5.758100,72.879471,4.246000
2025-04-01,9.348927,19398.279297,5.698400,73.149994,4.156000
2025-04-02,9.328929,19532.740234,5.681300,73.497826,4.196000
2025-04-03,9.098956,18767.189453,5.663700,70.560616,4.055000
2025-04-04,8.728997,17618.609375,5.630600,67.178955,3.985000
2025-04-07,8.509024,17438.640625,5.840030,66.096840,4.155000
2025-04-08,8.479026,17188.460938,5.913600,64.328712,4.262000
2025-04-09,8.938973,18398.480469,6.013300,69.082352,4.400000
2025-04-10,8.848985,17890.570312,5.818100,66.802155,4.394000
2025-04-11,8.838985,18219.650391,5.884300,67.971237,4.493000
2025-04-14,8.988968,18432.250000,5.864200,68.744186,4.364000
2025-04-15,8.808989,18430.039062,5.854200,68.270760,4.323000
2025-04-16,8.878981,18245.650391,5.884600,67.903603,4.279000
2025-04-17,8.948973,18367.119141,5.865400,68.686211,4.333000
2025-04-22,9.048962,18455.140625,5.807100,69.720032,4.389000
2025-04-23,9.158948,18631.089844,5.719900,69.806992,4.387000
2025-04-24,9.188945,18895.410156,5.703400,70.290077,4.305000
2025-04-25,9.048962,18899.800781,5.678700,69.835976,4.266000
2025-04-28,8.978969,18971.730469,5.684700,70.792496,4.216000
2025-04-29,8.948973,19089.210938,5.652900,70.473656,4.173000
2025-04-30,8.858982,19114.240234,5.620000,70.038872,4.177000
2025-05-01,8.788991,19049.839844,5.672900,69.806992,4.231000
2025-05-02,8.968970,19386.679688,5.677100,70.058205,4.322000
2025-05-05,8.848985,19303.230469,5.666900,69.526794,4.343000
2025-05-06,8.828986,19182.160156,5.686300,68.753845,4.308000
2025-05-07,8.898978,19262.380859,5.712800,69.401192,4.275000
2025-05-08,8.978969,19314.179688,5.744600,70.386696,4.373000
2025-05-09,8.898978,19319.199219,5.661600,69.691048,4.375000
2025-05-12,9.228940,19711.550781,5.648200,71.797333,4.457000
2025-05-13,9.488911,19723.380859,5.669800,72.454346,4.499000
2025-05-14,9.478911,19628.460938,5.600469,72.454346,4.528000
2025-05-15,9.498909,19784.689453,5.636500,72.328743,4.455000
2025-05-16,9.468913,19934.060547,5.681300,72.724869,4.441000
2025-05-19,9.488911,19975.089844,5.658674,72.618591,4.475000
2025-05-20,9.348927,19942.210938,5.644500,73.149994,4.481000
2025-05-21,9.418919,19607.810547,5.667300,72.541306,4.596000
2025-05-22,9.398920,19564.710938,5.644700,71.980911,4.553000
2025-05-23,9.358925,19534.839844,5.716200,71.758682,4.509000
2025-05-27,9.118953,19829.890625,5.666600,72.492989,4.434000
2025-05-28,8.978969,19678.939453,5.637400,71.478500,4.477000
2025-05-29,8.938973,19743.849609,5.688700,71.922951,4.424000
2025-05-30,8.679004,19783.810547,5.665100,71.430183,4.416000
2025-06-02,8.778992,19834.769531,5.720800,71.005058,4.462000
2025-06-03,8.928975,19912.380859,5.672400,71.265938,4.460000
2025-06-04,8.808989,19887.320312,5.637800,71.517136,4.365000
2025-06-05,9.458914,19883.289062,5.632100,72.193474,4.394000
2025-06-06,9.558903,20045.359375,5.584600,71.826317,4.510000
2025-06-09,9.618896,20034.460938,5.562700,72.579948,4.482000
2025-06-10,9.558903,20114.810547,5.557000,72.860146,4.474000
2025-06-11,9.558903,20119.089844,5.572100,72.377052,4.412000
2025-06-12,9.568901,20199.490234,5.535800,72.096855,4.357000
2025-06-13,9.758880,19981.070312,5.537300,70.686218,4.424000
2025-06-16,9.858868,20087.960938,5.538900,71.319756,4.452000
2025-06-17,9.588900,19918.279297,5.490800,70.158112,4.393000
2025-06-18,9.568901,19901.130859,5.493000,70.470490,4.397000
2025-06-20,9.408919,19868.359375,5.490000,70.704773,4.375000
2025-06-23,9.368924,20008.179688,5.518400,70.948807,4.320000
2025-06-24,9.408919,20217.339844,5.493800,71.593086,4.293000
2025-06-25,9.268936,20087.449219,5.510300,70.216675,4.293000
2025-06-26,9.378923,20256.199219,5.557900,71.397850,4.253000
2025-06-27,9.298933,20338.410156,5.477100,71.837135,4.283000
2025-06-30,9.408919,20429.550781,5.478400,71.612617,4.230000
2025-07-01,9.308931,20541.369141,5.430200,72.452133,4.251000
2025-07-02,9.528906,20596.929688,5.458800,74.014023,4.293000
2025-07-03,9.568901,20725.789062,5.426400,74.199493,4.348000
2025-07-07,9.308931,20545.599609,5.419400,72.061653,4.395000
2025-07-08,9.308931,20541.960938,5.487700,72.559517,4.415000
2025-07-09,9.078958,20608.230469,5.446100,72.998795,4.342000
2025-07-10,8.988968,20678.109375,5.581800,73.525925,4.346000
2025-07-11,8.978969,20547.669922,5.531100,73.194031,4.423000
2025-07-14,8.928975,20581.449219,5.571900,72.871887,4.427000
2025-07-15,9.058960,20374.380859,5.587000,72.012848,4.489000
2025-07-16,9.088957,20485.740234,5.551003,72.276421,4.455000
2025-07-17,9.078958,20589.519531,5.566600,71.954277,4.463000
2025-07-18,9.058960,20541.560547,5.546600,70.548576,4.432000
2025-07-21,9.148950,20514.470703,5.578100,71.231903,4.372000
2025-07-22,9.198944,20658.789062,5.565500,72.452133,4.336000
2025-07-23,9.388923,20921.839844,5.563900,73.779739,4.388000
2025-07-24,9.358925,20853.419922,5.516400,73.379494,4.408000
2025-07-25,9.468913,20950.449219,5.520000,74.531387,4.386000
2025-07-28,9.348927,20821.279297,5.565200,73.291649,4.420000
2025-07-29,9.338928,20761.560547,5.586800,72.764511,4.330000
2025-07-30,9.398920,20630.880859,5.573200,71.554047,4.376000
2025-07-31,9.268936,20458.439453,5.575400,69.250259,4.360000
2025-08-01,9.308931,20267.689453,5.598800,69.601685,4.220000
2025-08-04,9.168947,20488.859375,5.537900,69.738350,4.200000
2025-08-05,9.228940,20457.099609,5.496100,70.519287,4.196000
2025-08-06,9.368924,20489.050781,5.503000,71.300240,4.220000
2025-08-07,10.018850,20465.750000,5.458900,72.910934,4.244000
2025-08-08,10.108839,20524.240234,5.414300,72.588799,4.285000
2025-08-11,9.928861,20483.160156,5.432300,71.934753,4.273000
2025-08-12,10.028849,20709.730469,5.442300,72.832848,4.293000
2025-08-13,9.998852,20867.669922,5.401200,73.506409,4.238000
2025-08-14,9.988853,20808.429688,5.391200,72.891411,4.293000
2025-08-15,9.938858,20802.679688,5.409100,72.754745,4.328000
2025-08-18,9.728883,20816.240234,5.400400,72.256889,4.341000
2025-08-19,9.608896,20820.660156,5.435700,72.744980,4.302000
2025-08-20,9.588900,20865.550781,5.497600,72.725464,4.296000
2025-08-21,9.578900,20818.599609,5.469161,72.452133,4.330000
2025-08-22,9.918861,21150.109375,5.464800,74.970673,4.260000
2025-08-25,9.878866,21000.560547,5.421300,74.629013,4.275000
2025-08-26,9.728883,21082.560547,5.409700,74.248299,4.258000
2025-08-27,9.798875,21132.429688,5.431200,73.643074,4.238000
2025-08-28,9.818872,21165.050781,5.417700,74.014023,4.207000
2025-08-29,9.728883,21151.470703,5.413000,74.189735,4.227000
2025-09-02,9.608896,21044.869141,5.438400,73.047600,4.277000
2025-09-03,9.548903,21008.109375,5.467000,72.832848,4.211000
2025-09-04,9.528906,21157.929688,5.448100,73.135460,4.176000
2025-09-05,9.628895,21136.039062,5.444000,74.228775,4.086000
2025-09-08,9.548903,21173.640625,5.412200,74.414261,4.046000
2025-09-09,9.558903,21193.109375,5.420300,73.652824,4.074000
2025-09-10,9.428918,21294.570312,5.433600,73.076881,4.032000
2025-09-11,9.568901,21533.640625,5.402000,73.857834,4.011000
2025-09-12,9.458914,21374.320312,5.388200,73.076881,4.061000
2025-09-15,9.478911,21394.589844,5.351000,73.154984,4.034000
2025-09-16,9.568901,21375.189453,5.315200,73.760208,4.026000
2025-09-17,9.578900,21439.900391,5.295800,73.477119,4.076000
2025-09-18,9.568901,21504.349609,5.310100,72.774269,4.104000
2025-09-19,9.528906,21493.970703,5.304300,71.973801,4.139000
2025-09-22,9.428918,21542.470703,5.320500,72.237366,4.143000
2025-09-23,9.518908,21548.220703,5.334300,72.393562,4.120000
2025-09-24,9.358925,21483.480469,5.281600,71.641899,4.147000
2025-09-25,9.368924,21336.990234,5.329900,70.909767,4.172000
2025-09-26,9.238939,21477.509766,5.363700,71.358803,4.187000
2025-09-29,9.248939,21497.550781,5.342253,71.475952,4.141000
2025-09-30,9.398920,21564.539062,5.321700,71.661423,4.148000
2025-10-01,9.388923,21640.000000,5.319500,72.042137,4.106000
2025-10-02,9.418919,21607.970703,5.328800,72.012848,4.088000
2025-10-03,9.518908,21725.400391,5.336600,72.383797,4.119000
2025-10-06,9.358925,21765.000000,5.334600,70.636436,4.162000
2025-10-07,9.148950,21663.099609,5.311200,69.679771,4.127000
2025-10-08,8.998967,21725.810547,5.353800,69.601685,4.129000
2025-10-09,8.928975,21548.259766,5.335200,68.859787,4.148000
2025-10-10,8.808989,21096.919922,5.377200,67.366226,4.051000
2025-10-13,8.848985,21381.789062,5.523000,68.117889,4.051000
2025-10-14,8.798990,21500.250000,5.464100,68.049553,4.022000
2025-10-15,8.718999,21570.919922,5.481500,68.235031,4.046000
2025-10-16,8.788991,21376.960938,5.449300,68.205742,3.976000
2025-10-17,8.878981,21411.449219,5.440815,68.479073,4.007000
2025-10-20,8.888980,21598.169922,5.406100,68.928116,3.986000
2025-10-21,8.818987,21571.160156,5.368700,68.830505,3.963000
2025-10-22,8.958971,21514.710938,5.386700,69.113594,3.953000
2025-10-23,9.058960,21623.820312,5.399400,70.206909,3.991000
2025-10-24,9.118953,21698.060547,5.382900,70.743813,3.997000
2025-10-27,9.118953,21789.630859,5.388300,70.841438,3.997000
2025-10-28,9.238939,21689.550781,5.373300,70.587624,3.983000
2025-10-29,9.158948,21525.929688,5.357400,68.732887,4.058000
2025-10-30,9.068958,21451.000000,5.357800,68.088600,4.093000
2025-10-31,9.028963,21459.580078,5.382000,67.737175,4.101000
2025-11-03,9.048962,21416.589844,5.374600,67.024567,4.106000
2025-11-04,9.108953,21282.710938,5.354900,66.809807,4.089000
2025-11-05,9.138951,21361.570312,5.395900,67.268616,4.157000
2025-11-06,9.058960,21288.439453,5.358600,67.776222,4.093000
2025-11-07,8.908977,21408.560547,5.349500,68.049553,4.093000
2025-11-10,8.748996,21566.410156,5.330900,68.127655,4.110000
2025-11-11,8.848985,21716.730469,5.289700,68.810974,4.120000
2025-11-12,9.078958,21807.330078,5.270700,68.996452,4.065000
2025-11-13,8.978969,21534.400391,5.291300,68.850021,4.112000
2025-11-14,8.908977,21470.259766,5.296500,67.981224,4.148000
2025-11-17,9.068958,21213.419922,5.295600,67.034325,4.133000
2025-11-18,9.148950,21172.589844,5.329500,66.390045,4.123000
2025-11-19,9.088957,21168.279297,5.321500,66.097191,4.133000
2025-11-20,8.988968,20912.890625,5.328600,65.326012,4.106000
2025-11-21,8.948973,21176.980469,5.332300,66.429100,4.063000
2025-11-24,8.898978,21271.599609,5.402100,66.214333,4.038000
2025-11-25,8.868981,21551.730469,5.386800,67.385750,4.002000
2025-11-26,8.958971,21713.130859,5.379400,68.215500,3.998000
2025-11-28,8.948973,21824.669922,5.355400,68.703598,4.017000
2025-12-01,8.878981,21666.470703,5.335400,67.981224,4.096000
2025-12-02,9.048962,21650.480469,5.355800,67.844559,4.086000
2025-12-03,9.218942,21805.410156,5.326300,68.596214,4.057000
2025-12-04,9.288934,21835.789062,5.306100,69.064781,4.108000
2025-12-05,9.238939,21810.070312,5.309300,69.103828,4.139000
2025-12-08,9.238939,21703.199219,5.438100,68.869553,4.172000
2025-12-09,9.268936,21654.779297,5.430000,67.942169,4.186000
2025-12-10,9.438916,21933.310547,5.431500,69.601685,4.164000
2025-12-11,9.128952,22114.419922,5.469800,69.904297,4.141000
2025-12-12,9.018965,22004.349609,5.405500,69.504059,4.194000
2025-12-15,9.008965,22030.019531,5.418200,69.982399,4.182000
2025-12-16,8.918976,21842.080078,5.413400,70.135963,4.149000
2025-12-17,8.988968,21756.019531,5.507500,70.453003,4.151000
2025-12-18,9.538905,21807.869141,5.518500,70.631340,4.116000
2025-12-19,9.468913,21923.929688,5.521300,70.007164,4.151000
2025-12-22,9.188945,22111.310547,5.539800,70.056702,4.169000
2025-12-23,9.298933,22151.720703,5.590000,70.641251,4.169000
2025-12-24,9.268936,22229.109375,5.518500,70.859215,4.136000
2025-12-26,9.318930,22246.560547,5.519500,71.067284,4.136000
2025-12-29,9.258937,22165.949219,5.542500,71.265427,4.116000
2025-12-30,9.348927,22148.080078,5.569100,71.721176,4.130000
2025-12-31,9.338928,22003.929688,5.476200,71.344688,4.163000
2026-01-02,9.518908,22233.890625,5.517000,72.186836,4.187000
2026-01-05,9.348927,22432.099609,5.421600,72.523689,4.165000
2026-01-06,9.308931,22570.820312,5.407500,72.652496,4.179000
2026-01-07,9.308931,22341.230469,5.372000,72.067940,4.138000
2026-01-08,9.268936,22485.650391,5.383900,72.820923,4.183000
2026-01-09,9.548903,22591.730469,5.386600,74.911430,4.171000
2026-01-12,9.658891,22695.929688,5.370300,75.129395,4.187000
2026-01-13,9.608896,22655.439453,5.373700,74.960968,4.171000
2026-01-14,9.658891,22721.230469,5.371300,75.991356,4.140000
2026-01-15,9.738882,22808.810547,5.396100,76.050804,4.160000
2026-01-16,9.638894,22807.070312,5.367900,76.040894,4.231000
2026-01-20,9.558903,22473.210938,5.368700,74.445770,4.295000
2026-01-21,9.748880,22726.500000,5.374300,75.773392,4.253000
2026-01-22,9.858868,22797.169922,5.318800,76.060707,4.249000
2026-01-23,9.848869,22757.160156,5.283700,76.278679,4.239000
2026-01-26,9.788877,22829.140625,5.288900,76.120155,4.213000
2026-01-27,9.828872,22878.220703,5.279100,76.229141,4.223000
2026-01-28,9.888865,22800.099609,5.183600,75.476166,4.251000
2026-01-29,9.528906,22875.460938,5.197100,74.970871,4.227000
2026-01-30,9.368924,22719.330078,5.189200,73.990021,4.241000
2026-02-02,9.318930,22885.650391,5.255000,73.514450,4.275000
2026-02-03,9.408919,22881.210938,5.259400,74.406136,4.274000
2026-02-04,9.448915,22975.589844,5.237500,76.744339,4.275000
2026-02-05,9.578900,22733.320312,5.238000,76.060707,4.210000
2026-02-06,9.678889,23252.810547,5.270500,77.150551,4.206000
2026-02-09,9.848869,23340.740234,5.215900,78.220566,4.198000
2026-02-10,9.848869,23398.109375,5.191600,79.449120,4.147000
2026-02-11,11.178717,23479.730469,5.196200,81.539619,4.172000
2026-02-12,11.228710,23188.820312,5.198700,81.688232,4.104000
2026-02-13,11.178717,23326.089844,5.213900,81.559433,4.056000
2026-02-17,10.968740,23300.779297,5.243900,80.033661,4.052000
2026-02-18,10.878751,23387.490234,5.220500,79.954399,4.079000
2026-02-19,10.938744,23358.269531,5.234400,79.112251,4.075000
2026-02-20,10.988738,23452.599609,5.208800,79.726524,4.086000
2026-02-23,10.998737,23214.890625,5.176500,78.141312,4.029000
2026-02-24,11.328699,23383.830078,5.170900,78.389000,4.033000
2026-02-25,11.438686,23452.740234,5.152000,77.804451,4.048000
2026-02-26,11.458685,23524.839844,5.124200,77.853989,4.017000
2026-02-27,11.328699,23494.439453,5.136600,77.655830,3.962000
2026-03-02,11.178717,23413.099609,5.129600,75.852646,4.048000
2026-03-03,10.848755,22998.230469,5.170300,74.138634,4.056000
2026-03-04,10.748766,23086.279297,5.277300,74.604294,4.080000
2026-03-05,10.528790,22789.550781,5.230100,73.474831,4.146000
2026-03-06,10.398806,22518.070312,5.263400,72.751572,4.133000
2026-03-09,10.668776,22620.769531,5.243500,72.414711,4.136000
2026-03-10,10.698771,22546.679688,5.205300,72.682220,4.136000
2026-03-11,10.598783,22487.619141,5.162400,72.216560,4.208000
2026-03-12,10.148834,22118.699219,5.151400,70.631340,4.273000
2026-03-13,10.008851,22050.939453,5.243900,69.828827,4.285000
2026-03-16,10.138836,22258.580078,5.329100,70.601624,4.220000
2026-03-17,10.118838,22315.539062,5.233400,70.928566,4.202000
2026-03-18,10.018850,21996.599609,5.192900,69.264099,4.259000
2026-03-19,9.728883,21941.029297,5.262100,67.728416,4.281000
2026-03-20,9.408919,21616.730469,5.219900,66.242271,4.391000
2026-03-23,9.788877,21910.769531,5.311900,68.035545,4.334000
2026-03-24,9.678889,21971.300781,5.232900,68.253517,4.392000
2026-03-25,9.818872,22127.619141,5.232600,69.333450,4.328000
2026-03-26,9.618896,21843.970703,5.236800,68.521027,4.416000
2026-03-27,9.608896,21632.500000,5.235100,68.213882,4.440000
2026-03-30,9.608896,21581.650391,5.238000,68.491295,4.342000
2026-03-31,10.008851,22089.429688,5.264000,70.294479,4.311000
2026-04-01,10.088841,22180.720703,5.192800,70.532265,4.319000
2026-04-02,9.848869,22193.859375,5.154500,69.878365,4.313000
2026-04-06,9.648891,22254.720703,5.157900,69.739655,4.335000
2026-04-07,9.018965,22249.630859,5.138300,68.719177,4.343000
2026-04-08,9.238939,22798.050781,5.150600,71.176254,4.291000
2026-04-09,9.418919,22830.720703,5.100200,70.730415,4.293000
2026-04-10,9.398920,22734.500000,5.095800,70.928566,4.317000
2026-04-13,9.508908,22940.980469,5.005000,71.423950,4.297000
2026-04-14,9.688888,23016.380859,4.994400,71.721176,4.256000
2026-04-15,9.528906,22955.570312,4.984800,71.047462,4.282000
2026-04-16,9.518908,22955.589844,4.992400,70.750237,4.309000
2026-04-17,9.648891,23197.740234,4.987090,71.939148,4.246000
2026-04-20,9.588900,23178.349609,5.006300,72.038223,4.250000
2026-04-21,9.478911,22951.970703,4.952400,70.601624,4.292000
2026-04-22,9.538905,23001.779297,5.008000,70.086418,4.294000
2026-04-23,9.348927,22952.740234,4.984900,69.551407,4.323000
2026-04-24,9.098956,22934.550781,5.030800,68.293144,4.310000
2026-04-27,9.098956,22905.460938,4.979100,68.293144,4.336000
2026-04-28,9.068958,22835.589844,4.999600,68.114807,4.354000
2026-04-29,8.928975,22751.509766,4.994300,67.728416,4.418000
2026-04-30,8.868981,23144.640625,5.017500,67.827484,4.390000
2026-05-01,8.709001,23041.150391,4.969500,68.095001,4.378000
2026-05-04,8.550000,22893.460938,4.951929,66.925896,4.446000
2026-05-05,8.600000,23008.669922,4.984800,67.678871,4.416000
2026-05-06,8.740000,23284.390625,4.927300,69.145203,4.356000
2026-05-07,8.770000,23011.310547,4.932272,68.412041,4.392000
2026-05-08,8.870000,22942.150391,4.944900,68.303055,4.364000
2026-05-11,8.740000,22970.769531,4.913300,67.500534,4.410000
2026-05-12,8.750000,23015.339844,4.906400,67.242943,4.463000
2026-05-13,8.570000,22973.550781,4.909700,66.638580,4.481000
2026-05-14,8.540000,23101.849609,5.024900,66.519684,4.461000
2026-05-15,8.210000,22799.429688,5.004100,64.508438,4.595000
2026-05-18,8.370000,22900.570312,5.060400,64.746223,4.623000
2026-05-19,8.140000,22797.669922,5.005625,64.013062,4.667000
2026-05-20,8.450000,23021.740234,5.058200,65.301056,4.572000
2026-05-21,8.450000,23127.689453,5.011700,65.509109,4.586000
2026-05-22,8.310000,23225.750000,5.017100,65.112808,4.558000
2026-05-26,8.330000,23295.500000,5.010400,66.083748,4.493000
2026-05-27,8.360000,23267.070312,5.044500,66.945709,4.481000
2026-05-28,8.260000,23302.259766,5.072900,67.411369,4.455000
2026-05-29,8.180000,23292.169922,5.051700,67.094330,4.453000
2026-06-01,8.120000,23335.160156,5.039200,66.489960,4.475000
2026-06-02,8.060000,23480.919922,5.038600,66.876358,4.455000
2026-06-03,8.040000,23276.490234,5.020700,66.380981,4.491000
2026-06-04,8.030000,23572.769531,5.077400,66.767372,4.477000
2026-06-05,8.180000,23256.500000,5.060700,65.984673,4.536000
2026-06-08,8.120000,23224.199219,5.177000,65.736984,4.552000
2026-06-09,8.150000,23381.089844,5.203100,66.341347,4.528000
2026-06-10,8.020000,23080.830078,5.190100,65.231689,4.542000
2026-06-11,8.150000,23412.890625,5.192100,66.678207,4.463000
2026-06-12,8.230000,23595.789062,5.113800,67.451004,4.487000
2026-06-15,8.450000,23673.660156,5.060900,68.430000,4.469000
2026-06-16,8.420000,23704.029297,5.075100,68.150002,4.428000
2026-06-17,8.280000,23469.759766,5.101900,67.110001,4.463000
2026-06-18,8.390000,23499.740234,5.122100,67.279999,4.451000
2026-06-22,8.210000,23596.220703,5.151400,67.099998,4.509000
2026-06-23,8.040000,23463.630859,5.156500,66.150002,4.493000
2026-06-24,8.110000,23493.550781,5.197700,67.110001,4.402000
2026-06-25,8.100000,23610.730469,5.207500,67.760002,4.392000
2026-06-26,7.720000,23689.230469,5.194100,66.800003,4.372000
2026-06-29,7.670000,23802.710938,5.170700,66.379997,4.374000
2026-06-30,7.760000,23834.230469,5.181787,66.239998,4.418000
2026-07-01,7.810000,23737.179688,5.174700,65.910004,4.475000
2026-07-02,7.880000,23957.080078,5.220600,66.739998,4.485000
2026-07-06,7.980000,24075.119141,5.184400,67.300003,4.479000
2026-07-07,8.010000,24016.960938,5.143600,67.160004,4.529000
2026-07-08,7.930000,23790.599609,5.170900,66.110001,4.569000
2026-07-09,7.990000,23876.839844,5.163500,66.440002,4.539000
2026-07-10,8.070000,23925.070312,5.133900,67.730003,4.569000
2026-07-13,8.110000,23896.050781,5.107800,67.080002,4.609000
2026-07-14,8.150000,23846.599609,5.147900,67.760002,4.585000
2026-07-15,8.190000,23872.529297,5.087900,68.209999,4.545000
2026-07-16,8.200000,23952.269531,5.090900,68.949997,4.569000
2026-07-17,8.210000,23816.970703,5.113600,69.190002,4.541000
2026-07-20,8.240000,23669.650391,5.127000,68.430000,4.598000
2026-07-21,8.240000,23890.179688,5.104400,68.610001,4.628000
2026-07-22,8.450000,23919.710938,5.087500,69.910004,4.657000
2026-07-23,8.340000,23874.269531,5.062488,68.489998,4.703000
2026-07-24,8.290000,23990.880859,5.096900,69.339996,4.679000
2026-07-27,8.220000,24098.820312,5.082500,70.050003,4.641000
2026-07-28,8.410000,24229.669922,5.123026,71.459999,4.604000
2026-07-29,8.300000,23944.970703,5.137100,71.059998,4.622000
2026-07-30,8.440000,24138.289062,5.127100,72.080002,4.663000
2026-07-31,8.520000,24107.539062,5.078100,71.949997,4.745000
2026-08-03,8.530000,24255.529297,5.072700,72.709999,4.686000
2026-08-04,8.350000,24462.869141,5.102900,73.349998,4.627000
2026-08-05,8.350000,24513.810547,5.143700,72.830002,4.617000
2026-08-06,8.250000,24484.060547,5.138500,72.500000,4.670000
2026-08-07,8.220000,24595.240234,5.121800,73.550003,4.660000
2026-08-10,8.120000,24667.890625,5.082600,73.190002,4.699000
2026-08-11,7.840000,24685.570312,5.106000,72.580002,4.684000
2026-08-12,8.020000,24758.619141,5.173500,72.290001,4.682000
2026-08-13,7.990000,24809.650391,5.195400,72.389999,4.641000
2026-08-14,8.110000,24821.679688,5.199800,72.360001,4.696000
2026-08-17,7.860000,24717.810547,5.221700,71.139999,4.724000
2026-08-18,7.930000,24629.140625,5.202500,70.860001,4.706000
2026-08-19,8.340000,24707.269531,5.214300,71.849998,4.653000
2026-08-20,8.500000,24548.259766,5.176700,71.470001,4.696000
2026-08-21,8.780000,24728.669922,5.193100,72.489998,4.738000
2026-08-24,9.070000,24726.640625,5.137300,72.410004,4.704000
2026-08-25,9.030000,24768.650391,5.154300,72.620003,4.639000
2026-08-26,8.940000,24742.070312,5.146400,72.410004,4.664000
2026-08-27,8.960000,24649.019531,5.147400,72.440002,4.672000
2026-08-28,8.900000,24585.179688,5.161100,72.139999,4.720000
2026-08-31,8.720000,24461.939453,5.191200,71.699997,4.758000
2026-09-01,8.860000,24349.279297,5.181700,71.250000,4.796000
2026-09-02,9.140000,24495.550781,5.152200,71.239998,4.796000
2026-09-03,9.150000,24720.150391,5.092700,71.220001,4.762000
2026-09-04,9.170000,24639.250000,5.101000,71.730003,4.784000
2026-09-08,9.230000,24473.060547,5.126700,71.370003,4.806000
2026-09-09,9.270000,24311.150391,5.084800,70.970001,4.837000
2026-09-10,9.430000,24140.640625,5.103400,70.500000,4.944000
2026-09-11,9.360000,24331.560547,5.102800,70.760002,4.975000
2026-09-14,9.200000,24205.390625,5.111208,70.260002,4.961000
2026-09-15,9.230000,24128.460938,5.138000,70.690002,4.996000
2026-09-16,9.100000,23934.140625,5.142900,70.709999,5.006000
2026-09-17,9.260000,24089.550781,5.150900,71.589996,4.947000
2026-09-18,9.290000,23998.759766,5.124100,70.620003,4.998000
2026-09-21,9.250000,24086.660156,5.140700,70.839996,4.963000
2026-09-22,9.550000,24029.060547,5.110400,71.879997,4.968000
2026-09-23,9.210000,23848.250000,5.099900,70.570000,5.114000
2026-09-24,8.780000,23816.490234,5.164300,69.260002,5.162000
2026-09-25,8.690000,23912.589844,5.186600,69.309998,5.184000
